gender,region,degree_type,parent_education,medium_of_instruction,internet_quality,coaching_enrolled,financial_stress,num_subjects,study_hours_per_week,attendance_rate,sleep_hours_avg,extracurricular_count,prev_cgpa,internal_marks_pct,assignment_completion_pct,ai_reliance,independent_after_ai,ai_anxiety,verify_ai_answers,reduced_thinking_effort,ai_assignment_pct,multitask_studying,shortform_consumption,doomscroll_sleep,nonstudy_screen_time,ai_usage_frequency,target
Male,West,BCA,12th Pass,Hindi,4G/Good,No,7,8,21.1,70.8,6.6,5,6.92,49.4,43.6,4.0,4.0,2.0,4.0,4.0,13.0,1.0,1.0,1.0,3.0,5+/day,Pass
Female,North,B.Tech,12th Pass,Hindi,4G/Good,No,2,7,24.0,97.9,6.6,1,6.47,75.2,61.1,2.0,4.0,4.0,5.0,4.0,13.0,4.0,3.0,3.0,1.0,5+/day,Pass
Female,Northeast,B.Tech,12th Pass,English,5G/Excellent,Yes,4,7,18.7,77.0,7.9,4,6.34,43.3,37.4,5.0,1.0,4.0,2.0,1.0,88.0,3.0,2.0,3.0,5.0,5+/day,At-Risk
Female,East,MCA,Graduate,Regional,3G/Moderate,Yes,7,5,11.7,75.3,5.3,0,6.32,44.1,96.4,3.0,4.0,4.0,3.0,3.0,38.0,3.0,3.0,4.0,7.0,5+/day,Pass
Male,North,B.E.,Graduate,Regional,4G/Good,No,4,6,27.1,79.2,6.6,4,8.49,87.5,76.9,4.0,3.0,1.0,5.0,5.0,38.0,3.0,4.0,2.0,5.0,1-3/day,Pass
Male,Central,B.Com,10th Pass,English,4G/Good,No,6,6,15.5,100.0,4.5,4,5.54,41.0,59.8,3.0,1.0,4.0,3.0,5.0,63.0,3.0,4.0,4.0,7.0,3-5/day,Fail
Male,East,B.E.,10th Pass,Hindi,5G/Excellent,No,9,6,20.7,58.5,5.8,2,4.13,50.1,37.2,4.0,3.0,1.0,5.0,5.0,38.0,3.0,4.0,2.0,5.0,1-3/day,Fail
Female,North,M.Tech,Post-Graduate,Hindi,4G/Good,No,5,7,21.5,87.4,8.4,0,7.47,59.9,63.0,3.0,2.0,5.0,3.0,4.0,38.0,3.0,3.0,2.0,1.0,5+/day,Pass
Female,West,B.E.,12th Pass,English,4G/Good,No,3,5,18.5,95.5,6.6,4,5.32,49.9,49.9,3.0,1.0,4.0,4.0,5.0,63.0,3.0,4.0,3.0,3.0,5+/day,At-Risk
Female,South,B.Com,10th Pass,English,3G/Moderate,Yes,6,5,4.4,70.4,5.8,2,5.4,57.3,41.8,1.0,2.0,5.0,1.0,5.0,13.0,3.0,3.0,3.0,3.0,5+/day,Fail
Male,Northeast,B.Com,Graduate,Hindi,4G/Good,No,4,6,13.3,88.4,5.3,3,5.99,66.6,95.1,3.0,4.0,4.0,3.0,5.0,38.0,2.0,2.0,3.0,7.0,5+/day,Pass
Female,Northeast,B.Tech,Post-Graduate,Regional,5G/Excellent,No,9,4,21.3,73.3,4.5,1,6.05,76.2,36.8,3.0,2.0,1.0,3.0,4.0,0.0,2.0,3.0,2.0,3.0,5+/day,At-Risk
Female,Central,M.Tech,Graduate,English,5G/Excellent,Yes,2,6,29.0,100.0,8.0,2,7.82,57.5,62.5,4.0,3.0,1.0,5.0,5.0,38.0,3.0,4.0,2.0,5.0,1-3/day,Pass
Male,East,MCA,Graduate,Hindi,4G/Good,No,10,7,22.7,66.5,9.7,2,5.33,43.0,59.6,5.0,4.0,3.0,5.0,5.0,88.0,4.0,4.0,4.0,5.0,5+/day,Fail
Male,South,B.Tech,10th Pass,Regional,4G/Good,No,5,4,21.4,89.0,5.9,4,6.94,65.2,58.7,1.0,2.0,2.0,3.0,4.0,13.0,3.0,2.0,2.0,5.0,5+/day,Pass
Male,West,BCA,Graduate,English,5G/Excellent,Yes,9,5,4.1,76.8,3.8,2,4.9,53.0,63.8,3.0,4.0,4.0,1.0,3.0,88.0,1.0,3.0,4.0,3.0,1-3/day,At-Risk
Male,North,B.Tech,12th Pass,English,No Access,No,10,8,25.4,80.3,8.8,5,4.84,34.2,47.9,5.0,1.0,4.0,1.0,3.0,38.0,3.0,2.0,3.0,7.0,5+/day,Fail
Female,East,MCA,Graduate,Regional,2G/Slow,No,7,4,24.5,78.5,5.2,2,4.64,39.5,68.9,3.0,3.0,4.0,2.0,5.0,63.0,3.0,4.0,3.0,1.0,5+/day,At-Risk
Male,East,B.Tech,10th Pass,English,4G/Good,No,5,5,22.0,95.3,7.1,5,5.66,43.0,33.2,4.0,5.0,3.0,4.0,4.0,38.0,3.0,2.0,3.0,3.0,5+/day,Pass
Male,North,B.Tech,Below 10th,English,3G/Moderate,Yes,8,4,19.9,84.3,7.3,4,6.39,53.7,43.8,5.0,1.0,4.0,4.0,5.0,88.0,3.0,2.0,4.0,3.0,3-5/day,Fail
Female,South,B.E.,12th Pass,English,5G/Excellent,Yes,2,6,21.5,65.1,8.2,2,6.73,64.7,50.0,4.0,4.0,3.0,4.0,5.0,38.0,3.0,2.0,1.0,3.0,5+/day,At-Risk
Male,Northeast,BCA,10th Pass,English,4G/Good,Yes,4,4,26.6,86.6,6.2,5,5.35,58.0,76.1,5.0,2.0,4.0,2.0,4.0,38.0,3.0,3.0,2.0,1.0,5+/day,Pass
Male,Northeast,M.Tech,Graduate,Regional,4G/Good,Yes,6,4,17.6,85.4,7.2,1,5.65,69.5,39.7,4.0,4.0,4.0,4.0,4.0,88.0,4.0,4.0,4.0,5.0,5+/day,At-Risk
Male,North,B.Com,Post-Graduate,Hindi,4G/Good,Yes,7,4,20.6,94.6,6.0,0,6.41,65.0,83.7,4.0,5.0,3.0,4.0,4.0,38.0,3.0,2.0,3.0,3.0,5+/day,Pass
Male,North,B.E.,Graduate,English,4G/Good,No,8,7,15.9,86.2,3.5,4,7.49,50.8,44.3,4.0,3.0,4.0,4.0,4.0,88.0,3.0,3.0,4.0,3.0,5+/day,At-Risk
Female,South,B.Tech,Graduate,Hindi,4G/Good,No,4,7,18.1,63.9,5.9,3,6.11,58.6,40.9,3.0,2.0,4.0,1.0,3.0,63.0,3.0,3.0,3.0,5.0,Never,Fail
Male,Northeast,BCA,12th Pass,Regional,3G/Moderate,No,9,6,18.8,96.3,7.1,3,5.35,53.4,53.4,2.0,2.0,5.0,3.0,5.0,38.0,4.0,2.0,3.0,3.0,5+/day,At-Risk
Male,North,BCA,Graduate,English,4G/Good,No,7,8,22.3,95.9,5.0,5,5.65,40.0,55.9,4.0,3.0,4.0,2.0,5.0,13.0,2.0,2.0,2.0,1.0,5+/day,Pass
Female,West,B.E.,Graduate,English,3G/Moderate,Yes,2,7,14.5,88.4,6.6,0,7.39,59.7,82.5,4.0,4.0,3.0,4.0,5.0,38.0,3.0,2.0,1.0,3.0,5+/day,Pass
Male,North,B.Tech,Graduate,Regional,3G/Moderate,No,9,8,17.2,85.6,6.9,1,5.47,61.0,69.9,5.0,2.0,4.0,3.0,4.0,63.0,4.0,3.0,3.0,5.0,5+/day,At-Risk
Female,West,B.E.,12th Pass,Regional,4G/Good,No,7,7,20.3,86.7,8.5,2,4.03,31.0,41.0,1.0,3.0,4.0,3.0,4.0,38.0,2.0,3.0,3.0,3.0,1-3/day,Pass
Male,South,B.Tech,12th Pass,English,2G/Slow,No,5,5,17.1,96.0,5.1,5,5.07,60.5,45.9,3.0,1.0,4.0,1.0,5.0,88.0,4.0,3.0,4.0,1.0,3-5/day,Fail
Male,West,MCA,Graduate,English,5G/Excellent,Yes,3,5,19.1,98.5,6.9,3,6.51,52.4,58.2,4.0,5.0,4.0,2.0,3.0,38.0,1.0,4.0,2.0,3.0,1-3/day,Pass
Female,North,B.E.,10th Pass,English,4G/Good,No,9,4,9.7,88.6,4.9,2,3.68,39.5,39.0,3.0,5.0,5.0,1.0,5.0,38.0,3.0,3.0,4.0,7.0,3-5/day,Fail
Female,West,M.Tech,Graduate,English,5G/Excellent,Yes,7,8,21.9,89.8,3.2,1,7.0,48.6,74.0,4.0,3.0,5.0,1.0,2.0,38.0,3.0,3.0,3.0,7.0,5+/day,Pass
Female,North,B.E.,Post-Graduate,Hindi,3G/Moderate,No,3,4,13.7,84.6,5.8,4,5.84,56.0,48.3,4.0,1.0,5.0,5.0,2.0,88.0,2.0,4.0,3.0,1.0,5+/day,Pass
Male,West,B.Tech,12th Pass,English,5G/Excellent,No,5,4,8.3,100.0,5.7,0,6.44,60.9,73.9,3.0,2.0,5.0,3.0,3.0,38.0,3.0,3.0,3.0,3.0,3-5/day,Pass
Male,Northeast,M.Tech,Graduate,English,2G/Slow,Yes,3,7,20.0,57.7,7.0,5,5.39,42.6,61.0,4.0,4.0,3.0,2.0,4.0,38.0,3.0,3.0,3.0,7.0,5+/day,Fail
Female,North,BCA,Graduate,Hindi,No Access,Yes,3,7,20.4,74.2,8.2,1,6.44,55.7,61.8,5.0,4.0,3.0,2.0,4.0,88.0,1.0,3.0,3.0,3.0,5+/day,Fail
Male,Northeast,B.Tech,Graduate,Regional,No Access,No,7,4,21.0,72.6,6.7,3,5.15,53.1,35.1,3.0,4.0,4.0,2.0,4.0,63.0,1.0,4.0,3.0,1.0,5+/day,Fail
Male,East,BCA,12th Pass,English,4G/Good,No,9,7,21.2,100.0,5.5,3,4.65,56.1,9.6,4.0,3.0,5.0,1.0,2.0,13.0,4.0,3.0,3.0,5.0,5+/day,At-Risk
Male,North,B.E.,Graduate,English,2G/Slow,No,5,5,21.0,79.6,5.3,0,5.66,55.7,48.6,5.0,4.0,4.0,1.0,4.0,63.0,4.0,3.0,2.0,1.0,5+/day,At-Risk
Male,South,MCA,12th Pass,Regional,4G/Good,Yes,4,5,28.3,58.2,8.2,4,7.67,96.4,65.8,3.0,1.0,4.0,1.0,5.0,88.0,4.0,3.0,4.0,1.0,3-5/day,Fail
Female,North,B.E.,Below 10th,Hindi,3G/Moderate,Yes,4,8,23.8,72.5,7.5,1,6.43,66.1,61.0,3.0,2.0,4.0,3.0,4.0,88.0,3.0,3.0,3.0,5.0,5+/day,Fail
Male,West,BCA,Graduate,English,3G/Moderate,Yes,3,5,24.6,88.9,5.2,3,6.43,72.5,61.9,5.0,2.0,5.0,1.0,1.0,38.0,4.0,4.0,3.0,7.0,3-5/day,Pass
Female,West,B.Tech,Graduate,English,4G/Good,No,8,4,22.0,82.6,4.5,5,5.14,32.3,55.1,4.0,4.0,3.0,2.0,4.0,38.0,3.0,3.0,3.0,1.0,3-5/day,Pass
Male,North,B.E.,Graduate,English,3G/Moderate,Yes,10,6,24.1,81.0,5.2,3,6.31,55.2,65.2,4.0,4.0,3.0,2.0,4.0,38.0,3.0,3.0,3.0,1.0,3-5/day,Pass
Female,East,B.Com,Below 10th,Hindi,4G/Good,Yes,1,7,15.0,84.7,8.0,4,7.42,75.9,58.2,2.0,2.0,3.0,4.0,4.0,88.0,4.0,3.0,4.0,1.0,5+/day,Pass
Female,Northeast,MCA,Below 10th,English,4G/Good,No,3,4,22.5,95.9,5.1,3,6.21,63.0,42.6,3.0,2.0,4.0,1.0,3.0,63.0,3.0,3.0,4.0,1.0,5+/day,At-Risk
Male,Central,B.Tech,Post-Graduate,English,5G/Excellent,No,2,7,26.1,93.3,7.2,3,8.15,89.7,59.9,4.0,2.0,1.0,2.0,5.0,88.0,1.0,4.0,2.0,1.0,5+/day,Pass
Female,East,B.Tech,Below 10th,English,4G/Good,No,7,8,16.5,72.4,9.0,2,5.16,43.3,56.5,4.0,3.0,4.0,3.0,4.0,88.0,1.0,2.0,3.0,5.0,1-3/day,Fail
Female,Central,B.Tech,Graduate,English,5G/Excellent,No,6,4,27.6,85.8,5.3,0,6.43,42.6,54.4,5.0,2.0,5.0,2.0,3.0,88.0,3.0,2.0,3.0,7.0,3-5/day,Fail
Female,East,BCA,Graduate,Hindi,4G/Good,No,1,4,15.6,100.0,5.9,5,5.3,46.3,44.7,4.0,2.0,4.0,1.0,2.0,13.0,3.0,2.0,3.0,5.0,5+/day,Pass
Female,South,MCA,Graduate,English,5G/Excellent,Yes,3,4,21.3,84.8,6.5,2,7.51,41.5,81.7,4.0,5.0,4.0,2.0,5.0,38.0,2.0,2.0,4.0,5.0,5+/day,Pass
Female,Northeast,BCA,Below 10th,English,No Access,No,4,8,10.9,75.1,4.1,3,3.41,51.3,48.2,4.0,2.0,5.0,3.0,1.0,88.0,3.0,3.0,4.0,5.0,1-3/day,Fail
Female,East,B.E.,Graduate,Regional,4G/Good,No,10,4,23.6,68.5,5.4,4,5.27,27.5,55.5,2.0,4.0,5.0,1.0,2.0,63.0,3.0,3.0,3.0,5.0,5+/day,Fail
Male,East,MCA,Graduate,Hindi,5G/Excellent,No,7,7,26.6,85.1,6.8,5,7.51,76.7,93.9,3.0,4.0,5.0,3.0,1.0,38.0,1.0,3.0,3.0,5.0,5+/day,Pass
Male,East,B.E.,12th Pass,English,2G/Slow,No,3,6,17.8,79.7,5.0,0,5.41,55.5,60.6,3.0,2.0,5.0,1.0,4.0,63.0,1.0,3.0,2.0,3.0,1-3/day,At-Risk
Male,Northeast,B.Tech,12th Pass,Hindi,4G/Good,No,4,4,8.7,79.4,9.7,1,5.26,71.5,72.7,5.0,3.0,4.0,3.0,5.0,88.0,3.0,3.0,4.0,7.0,5+/day,Fail
Male,Northeast,BCA,12th Pass,English,5G/Excellent,No,7,8,18.3,84.8,5.8,1,4.46,52.1,18.2,4.0,3.0,4.0,4.0,5.0,88.0,4.0,4.0,4.0,3.0,5+/day,Fail
Male,South,B.Com,Below 10th,Hindi,4G/Good,No,4,8,11.8,73.9,6.2,4,5.74,86.9,27.1,4.0,4.0,5.0,2.0,5.0,13.0,3.0,2.0,4.0,5.0,5+/day,Fail
Male,South,MCA,Graduate,Hindi,2G/Slow,No,9,4,18.6,97.5,5.6,1,4.67,22.8,43.2,5.0,4.0,1.0,3.0,5.0,63.0,1.0,3.0,3.0,1.0,3-5/day,At-Risk
Female,East,BCA,Graduate,Hindi,4G/Good,No,6,8,23.8,81.2,6.1,5,8.38,81.1,70.0,3.0,3.0,4.0,2.0,5.0,63.0,3.0,4.0,3.0,1.0,5+/day,Pass
Male,East,BCA,Post-Graduate,Hindi,2G/Slow,Yes,2,5,21.3,100.0,5.4,2,7.78,99.7,76.4,4.0,2.0,4.0,3.0,4.0,63.0,3.0,4.0,3.0,3.0,5+/day,Pass
Male,North,B.Com,12th Pass,English,5G/Excellent,No,1,8,7.1,94.4,3.4,3,8.15,53.6,66.1,4.0,3.0,4.0,3.0,4.0,38.0,1.0,4.0,4.0,5.0,3-5/day,Pass
Female,West,B.E.,Graduate,Hindi,No Access,No,8,6,15.7,81.1,6.0,1,4.27,59.1,48.6,2.0,1.0,2.0,2.0,5.0,63.0,4.0,4.0,3.0,1.0,3-5/day,At-Risk
Male,East,B.Tech,10th Pass,English,2G/Slow,Yes,3,5,19.4,66.7,9.2,5,6.08,51.7,57.2,5.0,1.0,5.0,3.0,4.0,63.0,1.0,3.0,3.0,3.0,5+/day,Fail
Female,South,B.Com,Graduate,English,3G/Moderate,Yes,7,7,27.7,90.0,8.9,5,8.48,79.5,63.2,4.0,2.0,4.0,1.0,2.0,13.0,3.0,2.0,3.0,5.0,5+/day,Pass
Male,North,M.Tech,12th Pass,Regional,4G/Good,No,4,5,17.0,87.7,4.9,5,6.25,67.9,89.7,5.0,5.0,5.0,4.0,5.0,88.0,4.0,4.0,4.0,3.0,5+/day,Pass
Other,North,B.Tech,Post-Graduate,Hindi,5G/Excellent,Yes,3,6,21.5,73.6,4.1,5,8.18,56.3,80.8,5.0,2.0,5.0,3.0,4.0,88.0,1.0,3.0,2.0,3.0,3-5/day,Fail
Female,Central,B.E.,Graduate,Regional,2G/Slow,No,9,5,19.2,68.2,3.4,2,4.58,53.2,45.8,4.0,3.0,3.0,1.0,1.0,63.0,4.0,3.0,3.0,5.0,5+/day,Fail
Male,South,B.E.,Post-Graduate,English,2G/Slow,Yes,6,4,13.9,81.8,5.0,0,5.94,46.8,52.1,5.0,2.0,4.0,2.0,4.0,38.0,3.0,3.0,2.0,1.0,5+/day,At-Risk
Male,North,B.Tech,Graduate,Hindi,4G/Good,No,6,8,14.8,84.8,5.7,4,6.07,64.7,100.0,5.0,2.0,4.0,1.0,4.0,63.0,4.0,1.0,4.0,1.0,3-5/day,At-Risk
Female,South,B.Com,Graduate,English,5G/Excellent,No,6,4,16.7,83.9,7.1,5,6.19,63.6,46.8,5.0,4.0,3.0,1.0,4.0,13.0,3.0,3.0,3.0,7.0,5+/day,Pass
Female,South,B.E.,Below 10th,Hindi,4G/Good,No,3,4,26.9,82.0,5.9,0,4.95,84.4,45.5,3.0,3.0,5.0,3.0,4.0,38.0,3.0,4.0,4.0,3.0,5+/day,Pass
Female,North,M.Tech,Graduate,English,3G/Moderate,Yes,6,4,12.6,96.3,7.8,0,7.2,57.5,69.8,4.0,3.0,5.0,1.0,2.0,13.0,4.0,3.0,3.0,5.0,5+/day,Pass
Female,South,B.Tech,12th Pass,English,4G/Good,Yes,4,5,16.7,74.4,7.4,2,7.77,70.4,47.8,3.0,1.0,2.0,3.0,2.0,38.0,3.0,2.0,1.0,1.0,3-5/day,Pass
Male,East,B.E.,10th Pass,English,3G/Moderate,Yes,2,7,13.8,100.0,7.0,5,6.56,43.0,71.1,4.0,1.0,3.0,3.0,5.0,38.0,2.0,2.0,3.0,1.0,3-5/day,Pass
Male,East,B.Tech,Below 10th,Hindi,4G/Good,No,3,8,27.1,62.0,6.3,5,5.73,71.6,54.5,5.0,2.0,2.0,3.0,3.0,63.0,4.0,3.0,3.0,5.0,3-5/day,Fail
Male,South,MCA,Graduate,English,3G/Moderate,Yes,4,5,20.7,73.3,8.0,1,7.02,65.8,71.1,5.0,3.0,4.0,3.0,5.0,88.0,3.0,3.0,4.0,7.0,5+/day,Fail
Female,South,BCA,10th Pass,Regional,5G/Excellent,No,1,4,27.6,67.7,7.5,2,6.7,74.0,54.9,5.0,5.0,5.0,4.0,5.0,88.0,4.0,4.0,4.0,3.0,5+/day,Fail
Female,Central,BCA,12th Pass,English,5G/Excellent,No,7,6,0.0,84.6,4.3,1,5.24,64.6,67.6,5.0,1.0,5.0,2.0,3.0,63.0,4.0,3.0,3.0,7.0,5+/day,Fail
Male,South,B.Tech,Graduate,English,4G/Good,Yes,5,6,24.5,86.8,7.3,3,8.19,72.9,63.8,2.0,2.0,3.0,2.0,3.0,63.0,3.0,3.0,2.0,7.0,5+/day,Pass
Male,South,B.Tech,Post-Graduate,English,4G/Good,Yes,9,4,11.7,100.0,5.6,4,5.84,50.2,53.7,4.0,5.0,4.0,2.0,5.0,38.0,2.0,2.0,4.0,5.0,5+/day,Pass
Male,North,B.Tech,Graduate,Regional,4G/Good,Yes,6,7,13.9,84.6,7.9,3,5.41,52.6,82.1,5.0,2.0,4.0,1.0,4.0,63.0,4.0,1.0,4.0,1.0,3-5/day,At-Risk
Male,South,B.Tech,12th Pass,English,2G/Slow,No,8,8,16.7,92.2,7.5,5,5.47,68.5,44.5,4.0,3.0,4.0,1.0,4.0,38.0,2.0,3.0,4.0,7.0,3-5/day,At-Risk
Female,West,BCA,10th Pass,English,4G/Good,Yes,9,5,17.9,68.9,9.1,1,6.89,68.1,58.3,5.0,2.0,3.0,2.0,4.0,88.0,4.0,3.0,2.0,7.0,5+/day,Fail
Female,North,BCA,10th Pass,Regional,4G/Good,Yes,6,7,17.9,65.4,3.5,1,6.49,65.5,55.4,3.0,4.0,4.0,3.0,5.0,38.0,2.0,2.0,3.0,7.0,5+/day,Fail
Female,West,BCA,10th Pass,English,5G/Excellent,Yes,7,6,13.0,97.7,7.0,0,4.67,78.0,47.3,3.0,4.0,4.0,3.0,3.0,38.0,3.0,3.0,4.0,7.0,5+/day,Pass
Male,North,B.E.,Below 10th,Hindi,3G/Moderate,No,6,4,17.3,93.3,5.5,1,5.55,67.1,65.8,3.0,3.0,4.0,2.0,5.0,63.0,3.0,4.0,3.0,1.0,5+/day,At-Risk
Male,South,B.Tech,Post-Graduate,English,4G/Good,No,6,5,17.3,84.9,9.7,0,6.91,58.5,55.9,4.0,2.0,3.0,1.0,5.0,38.0,3.0,3.0,2.0,3.0,5+/day,At-Risk
Female,West,B.Tech,12th Pass,Hindi,4G/Good,No,2,7,6.4,71.5,3.0,5,3.8,32.6,37.4,4.0,2.0,4.0,3.0,2.0,63.0,1.0,4.0,4.0,3.0,5+/day,Fail
Female,South,B.Tech,Below 10th,English,3G/Moderate,Yes,5,7,20.4,100.0,7.2,0,7.23,55.3,88.3,4.0,2.0,4.0,2.0,5.0,63.0,2.0,3.0,3.0,5.0,5+/day,Pass
Female,East,MCA,10th Pass,Hindi,4G/Good,Yes,6,7,18.1,91.9,7.3,4,7.45,79.8,69.5,4.0,2.0,4.0,1.0,2.0,88.0,4.0,3.0,3.0,7.0,1-3/day,Pass
Female,North,BCA,12th Pass,Regional,5G/Excellent,Yes,10,5,19.3,73.7,3.3,1,5.8,41.0,52.4,4.0,3.0,4.0,5.0,3.0,38.0,2.0,2.0,4.0,7.0,3-5/day,Fail
Male,West,B.Tech,12th Pass,Regional,5G/Excellent,No,5,8,14.5,82.6,7.3,5,7.15,65.3,73.8,4.0,3.0,4.0,2.0,5.0,13.0,2.0,2.0,2.0,1.0,5+/day,Pass
Female,North,B.Tech,Below 10th,Hindi,4G/Good,Yes,4,5,18.2,64.5,3.5,3,6.15,70.3,63.5,4.0,2.0,3.0,3.0,3.0,63.0,3.0,4.0,4.0,1.0,1-3/day,Fail
Male,Northeast,M.Tech,Post-Graduate,Regional,No Access,No,6,4,2.8,83.5,5.4,2,3.71,30.1,39.6,5.0,4.0,2.0,3.0,3.0,88.0,3.0,1.0,3.0,3.0,5+/day,At-Risk
Male,North,BCA,10th Pass,English,5G/Excellent,Yes,6,5,14.2,76.4,7.1,0,6.45,78.6,75.8,3.0,2.0,3.0,2.0,1.0,63.0,2.0,4.0,2.0,7.0,3-5/day,Pass
Male,Northeast,BCA,Below 10th,English,4G/Good,No,8,7,14.9,100.0,5.0,5,3.9,18.4,4.7,5.0,1.0,5.0,2.0,2.0,38.0,3.0,1.0,3.0,5.0,5+/day,Fail
Male,South,B.E.,Below 10th,Hindi,3G/Moderate,Yes,8,8,17.6,91.1,6.6,2,4.94,56.7,71.0,4.0,1.0,5.0,3.0,2.0,38.0,3.0,3.0,3.0,1.0,5+/day,Pass
Female,West,B.Tech,12th Pass,Hindi,3G/Moderate,No,10,8,17.8,51.7,6.5,0,4.83,46.5,44.9,1.0,2.0,2.0,3.0,4.0,13.0,3.0,2.0,2.0,5.0,5+/day,Fail
Male,South,B.Com,Below 10th,English,2G/Slow,No,1,4,24.7,100.0,7.3,3,6.53,64.0,64.9,5.0,1.0,5.0,3.0,4.0,63.0,1.0,3.0,3.0,3.0,5+/day,Pass
Male,Central,MCA,Below 10th,Hindi,2G/Slow,No,2,4,10.2,86.8,4.9,0,5.83,60.8,53.6,4.0,3.0,4.0,3.0,4.0,38.0,1.0,4.0,4.0,5.0,3-5/day,At-Risk
Female,North,B.Tech,10th Pass,English,4G/Good,No,1,6,23.0,100.0,7.9,4,7.18,64.2,59.2,4.0,2.0,2.0,2.0,4.0,38.0,2.0,3.0,2.0,7.0,5+/day,Pass
Male,North,MCA,12th Pass,Hindi,3G/Moderate,No,10,6,32.0,85.3,3.0,0,5.43,54.5,26.2,4.0,3.0,5.0,2.0,4.0,38.0,3.0,3.0,3.0,5.0,5+/day,At-Risk
Male,East,MCA,Below 10th,Regional,No Access,No,7,6,14.6,83.8,8.8,1,3.94,36.2,62.3,4.0,2.0,5.0,4.0,1.0,88.0,2.0,3.0,4.0,1.0,3-5/day,At-Risk
Female,North,B.Tech,10th Pass,Hindi,4G/Good,Yes,8,5,23.1,72.0,6.1,4,6.81,61.2,56.1,3.0,3.0,4.0,1.0,4.0,88.0,2.0,4.0,3.0,1.0,3-5/day,Fail
Male,North,B.E.,12th Pass,English,4G/Good,Yes,3,8,28.0,89.8,6.3,0,6.5,60.0,75.2,3.0,4.0,4.0,2.0,5.0,63.0,2.0,3.0,3.0,3.0,5+/day,Pass
Male,Central,B.Tech,10th Pass,Hindi,3G/Moderate,No,3,4,27.8,95.1,7.0,0,7.79,46.0,85.7,2.0,2.0,3.0,3.0,4.0,38.0,3.0,3.0,3.0,3.0,5+/day,Pass
Male,Central,B.Tech,12th Pass,Hindi,No Access,No,7,6,16.0,61.0,6.8,2,4.82,46.5,79.0,2.0,2.0,3.0,4.0,4.0,88.0,4.0,3.0,4.0,1.0,5+/day,Fail
Male,South,BCA,Below 10th,English,3G/Moderate,No,8,4,25.6,72.2,6.5,0,5.64,48.5,49.5,1.0,3.0,4.0,3.0,4.0,38.0,2.0,3.0,3.0,3.0,1-3/day,At-Risk
Female,Central,B.Tech,Below 10th,Hindi,4G/Good,No,6,6,24.0,67.2,8.4,5,7.97,76.9,79.5,4.0,2.0,3.0,2.0,5.0,88.0,2.0,3.0,3.0,7.0,3-5/day,Fail
Female,East,MCA,12th Pass,Regional,2G/Slow,No,8,5,26.4,100.0,4.2,5,4.83,56.4,55.0,3.0,3.0,3.0,2.0,4.0,88.0,3.0,3.0,3.0,3.0,5+/day,At-Risk
Female,South,B.Com,10th Pass,English,4G/Good,Yes,2,5,22.8,95.4,5.1,4,7.21,83.6,75.8,4.0,3.0,4.0,2.0,3.0,88.0,1.0,3.0,4.0,5.0,5+/day,Pass
Female,West,B.Tech,Below 10th,English,2G/Slow,No,7,7,26.2,77.7,7.2,5,4.42,66.4,37.9,4.0,2.0,4.0,2.0,3.0,63.0,3.0,3.0,3.0,7.0,3-5/day,At-Risk
Female,West,B.E.,12th Pass,English,3G/Moderate,No,5,4,16.4,94.9,5.9,0,7.65,54.0,60.8,4.0,3.0,4.0,2.0,3.0,88.0,1.0,3.0,4.0,5.0,5+/day,Pass
Male,Central,MCA,Post-Graduate,Hindi,4G/Good,No,6,7,14.8,65.6,8.4,2,5.28,70.4,51.7,5.0,1.0,5.0,3.0,4.0,63.0,1.0,3.0,3.0,3.0,5+/day,Fail
Female,South,MCA,Graduate,Regional,2G/Slow,Yes,7,5,2.7,85.7,9.9,3,6.81,32.7,64.2,4.0,4.0,3.0,2.0,4.0,38.0,3.0,3.0,3.0,1.0,3-5/day,Pass
Female,West,MCA,Graduate,Hindi,3G/Moderate,No,9,5,15.0,93.2,6.5,2,5.72,55.1,50.9,5.0,3.0,4.0,2.0,5.0,13.0,1.0,4.0,1.0,7.0,5+/day,At-Risk
Female,North,B.Tech,Graduate,English,3G/Moderate,Yes,7,4,15.8,75.5,3.9,2,6.47,62.1,46.0,4.0,2.0,4.0,3.0,3.0,13.0,4.0,4.0,4.0,3.0,3-5/day,Pass
Female,North,B.E.,Post-Graduate,Hindi,3G/Moderate,Yes,1,7,5.4,81.9,5.2,0,6.81,71.0,46.2,3.0,4.0,2.0,4.0,4.0,88.0,1.0,4.0,3.0,1.0,5+/day,Pass
Male,North,BCA,Graduate,Hindi,4G/Good,No,5,7,18.3,88.0,3.4,3,5.13,46.5,63.2,4.0,3.0,4.0,3.0,4.0,38.0,1.0,4.0,4.0,5.0,3-5/day,At-Risk
Male,Central,B.Com,12th Pass,Hindi,2G/Slow,No,4,7,25.5,95.8,7.4,5,6.8,65.7,76.5,5.0,4.0,1.0,2.0,5.0,63.0,3.0,3.0,2.0,5.0,1-3/day,Pass
Male,Northeast,B.Tech,10th Pass,English,5G/Excellent,No,8,4,11.6,63.7,5.1,4,4.82,46.3,72.7,4.0,2.0,4.0,1.0,4.0,0.0,3.0,3.0,3.0,5.0,5+/day,Fail
Male,West,B.Com,10th Pass,Hindi,5G/Excellent,No,7,4,31.1,80.0,6.3,5,7.75,87.9,61.4,4.0,2.0,5.0,3.0,1.0,38.0,2.0,3.0,4.0,5.0,5+/day,Pass
Female,East,B.Tech,Graduate,English,4G/Good,Yes,4,4,20.6,71.0,6.1,4,7.8,70.3,50.1,5.0,1.0,4.0,4.0,3.0,38.0,1.0,1.0,2.0,7.0,5+/day,At-Risk
Female,South,B.Com,Post-Graduate,English,3G/Moderate,Yes,3,8,23.9,88.6,8.2,5,8.32,88.8,75.7,5.0,3.0,5.0,4.0,2.0,13.0,3.0,3.0,3.0,5.0,5+/day,Pass
Male,North,BCA,12th Pass,Hindi,5G/Excellent,No,6,5,17.7,78.3,6.6,1,5.24,41.0,47.8,3.0,4.0,5.0,3.0,4.0,63.0,2.0,4.0,3.0,3.0,3-5/day,At-Risk
Male,South,B.E.,Graduate,Regional,3G/Moderate,Yes,8,8,11.8,91.8,6.1,2,6.15,73.1,55.1,3.0,4.0,5.0,3.0,1.0,38.0,1.0,3.0,3.0,5.0,5+/day,Pass
Male,South,BCA,12th Pass,English,2G/Slow,No,3,8,21.8,65.9,5.1,2,5.58,43.0,47.3,4.0,3.0,4.0,2.0,3.0,88.0,1.0,2.0,3.0,5.0,5+/day,Fail
Male,West,B.Tech,12th Pass,Regional,No Access,No,5,5,23.3,76.3,7.4,1,5.49,64.6,55.2,3.0,3.0,1.0,1.0,1.0,88.0,4.0,3.0,3.0,5.0,1-3/day,Pass
Male,East,B.Tech,12th Pass,English,5G/Excellent,Yes,10,6,16.8,100.0,4.8,0,5.98,58.3,59.0,4.0,1.0,3.0,2.0,3.0,88.0,3.0,3.0,3.0,7.0,3-5/day,At-Risk
Male,North,B.Tech,12th Pass,Hindi,3G/Moderate,No,1,6,19.8,79.6,4.6,4,6.35,63.3,81.5,5.0,4.0,5.0,2.0,4.0,38.0,3.0,3.0,3.0,5.0,5+/day,Pass
Female,North,B.Tech,10th Pass,English,5G/Excellent,Yes,10,6,18.0,95.0,5.6,5,5.12,79.9,79.4,4.0,5.0,4.0,2.0,4.0,63.0,4.0,2.0,2.0,5.0,5+/day,Pass
Male,North,B.Tech,Graduate,English,3G/Moderate,No,10,4,13.4,69.3,9.6,4,4.73,42.2,30.2,3.0,2.0,3.0,2.0,4.0,88.0,4.0,1.0,1.0,1.0,1-3/day,Fail
Male,South,MCA,Graduate,Hindi,5G/Excellent,No,8,4,20.3,64.2,6.4,1,4.21,56.8,63.2,5.0,2.0,5.0,5.0,5.0,88.0,4.0,3.0,3.0,3.0,5+/day,Fail
Female,Central,BCA,Graduate,Hindi,5G/Excellent,No,7,7,13.1,98.9,6.4,1,5.39,56.8,77.7,4.0,2.0,4.0,3.0,4.0,38.0,3.0,3.0,4.0,5.0,3-5/day,At-Risk
Male,West,B.Tech,10th Pass,Regional,5G/Excellent,Yes,8,7,23.3,91.7,7.0,5,5.49,76.9,65.4,3.0,3.0,4.0,1.0,4.0,63.0,3.0,1.0,4.0,7.0,1-3/day,Pass
Other,Northeast,M.Tech,Graduate,Hindi,4G/Good,Yes,2,8,34.2,77.0,6.8,1,7.92,91.9,87.0,1.0,2.0,4.0,4.0,4.0,88.0,4.0,4.0,4.0,5.0,3-5/day,Pass
Female,South,BCA,10th Pass,Hindi,5G/Excellent,Yes,7,7,25.7,100.0,6.2,3,6.88,80.2,79.3,4.0,5.0,4.0,2.0,5.0,38.0,2.0,2.0,4.0,5.0,5+/day,Pass
Male,South,B.Com,10th Pass,Regional,5G/Excellent,No,4,4,16.7,74.5,5.0,2,6.07,62.9,55.5,5.0,1.0,4.0,2.0,1.0,63.0,1.0,2.0,3.0,5.0,1-3/day,Fail
Male,North,BCA,Graduate,Hindi,3G/Moderate,No,2,8,20.4,71.7,5.8,4,4.79,30.7,49.8,4.0,3.0,4.0,4.0,4.0,63.0,4.0,4.0,4.0,3.0,1-3/day,Fail
Male,Northeast,B.Tech,10th Pass,English,4G/Good,Yes,9,7,25.9,82.2,6.2,0,5.49,52.9,57.4,4.0,1.0,3.0,2.0,3.0,88.0,3.0,3.0,3.0,7.0,3-5/day,At-Risk
Male,West,B.E.,Below 10th,English,4G/Good,No,5,7,17.3,78.8,4.4,3,5.73,33.1,55.4,5.0,4.0,1.0,3.0,5.0,63.0,1.0,3.0,3.0,1.0,3-5/day,Pass
Male,North,BCA,10th Pass,English,3G/Moderate,No,7,6,21.9,68.1,6.2,2,5.65,40.0,79.8,4.0,2.0,5.0,3.0,1.0,38.0,1.0,3.0,3.0,3.0,3-5/day,At-Risk
Female,East,B.Tech,Graduate,Hindi,4G/Good,No,4,4,23.0,80.6,6.8,3,7.13,58.8,77.3,4.0,3.0,4.0,5.0,3.0,38.0,2.0,2.0,4.0,7.0,3-5/day,Pass
Male,East,B.Tech,10th Pass,English,2G/Slow,Yes,10,8,19.8,85.0,5.7,2,6.25,67.6,53.5,2.0,1.0,2.0,2.0,5.0,63.0,4.0,4.0,3.0,1.0,3-5/day,At-Risk
Male,West,B.Tech,12th Pass,English,4G/Good,No,4,5,19.3,92.0,8.4,1,5.95,42.4,64.2,3.0,1.0,4.0,1.0,5.0,88.0,4.0,3.0,4.0,1.0,3-5/day,Fail
Male,Central,B.Tech,Graduate,English,2G/Slow,Yes,3,7,25.4,100.0,6.9,0,6.65,47.6,46.3,3.0,3.0,4.0,2.0,5.0,63.0,3.0,4.0,3.0,1.0,5+/day,Pass
Female,East,B.E.,Graduate,Hindi,3G/Moderate,No,1,4,30.1,96.7,5.4,1,7.1,30.6,68.0,2.0,1.0,4.0,4.0,4.0,38.0,3.0,3.0,2.0,5.0,5+/day,Pass
Male,East,B.E.,Graduate,English,3G/Moderate,Yes,2,8,17.4,69.3,5.9,4,6.69,80.9,52.8,2.0,2.0,4.0,2.0,3.0,63.0,1.0,2.0,4.0,5.0,5+/day,At-Risk
Male,North,B.Tech,12th Pass,English,5G/Excellent,No,9,4,26.7,100.0,8.3,4,7.54,67.6,73.1,3.0,2.0,3.0,2.0,4.0,63.0,4.0,3.0,3.0,5.0,5+/day,Pass
Male,North,BCA,10th Pass,Hindi,3G/Moderate,No,1,4,7.6,82.6,5.6,4,5.08,62.7,31.1,3.0,2.0,3.0,4.0,1.0,13.0,4.0,3.0,2.0,5.0,3-5/day,Pass
Other,North,BCA,10th Pass,Regional,5G/Excellent,No,5,8,21.4,86.0,5.3,4,6.09,64.3,64.5,3.0,3.0,1.0,1.0,1.0,88.0,4.0,3.0,3.0,5.0,1-3/day,Pass
Male,North,B.Tech,12th Pass,English,4G/Good,No,2,6,2.7,73.8,5.2,3,4.78,39.8,53.8,3.0,2.0,5.0,1.0,5.0,88.0,3.0,3.0,3.0,7.0,3-5/day,Fail
Female,West,B.Tech,Graduate,Hindi,4G/Good,Yes,4,6,12.6,81.9,6.6,0,7.53,71.2,60.1,3.0,2.0,3.0,2.0,4.0,63.0,4.0,3.0,3.0,5.0,5+/day,Pass
Female,West,B.Tech,Below 10th,English,3G/Moderate,No,7,7,10.7,81.7,6.8,0,4.02,54.9,48.2,4.0,5.0,4.0,2.0,5.0,38.0,2.0,2.0,4.0,5.0,5+/day,At-Risk
Male,North,B.E.,10th Pass,Regional,3G/Moderate,No,5,6,29.5,90.2,7.5,4,5.77,46.4,63.7,3.0,5.0,4.0,3.0,5.0,88.0,4.0,3.0,3.0,5.0,3-5/day,Pass
Female,Northeast,B.Tech,Graduate,English,4G/Good,Yes,1,7,16.0,92.9,5.4,2,6.9,71.9,54.0,5.0,1.0,5.0,4.0,2.0,38.0,4.0,3.0,3.0,3.0,5+/day,Pass
Male,North,B.E.,Graduate,Regional,No Access,No,3,7,17.7,77.4,8.8,1,6.6,58.0,59.9,2.0,1.0,2.0,2.0,5.0,63.0,4.0,4.0,3.0,1.0,3-5/day,At-Risk
Female,South,BCA,Graduate,Regional,4G/Good,No,10,8,16.5,96.3,7.3,4,6.22,67.9,52.3,3.0,4.0,4.0,2.0,5.0,63.0,3.0,4.0,4.0,5.0,3-5/day,At-Risk
Female,North,B.E.,Graduate,Regional,5G/Excellent,No,9,4,7.9,75.5,5.9,2,4.81,47.1,43.0,4.0,1.0,4.0,2.0,4.0,38.0,3.0,2.0,3.0,5.0,3-5/day,Fail
Female,South,B.Tech,Graduate,English,3G/Moderate,No,1,5,20.0,95.4,7.7,5,6.29,77.5,64.2,3.0,4.0,4.0,2.0,4.0,13.0,2.0,3.0,4.0,7.0,5+/day,Pass
Male,South,B.Tech,Graduate,Hindi,4G/Good,Yes,10,5,18.5,74.1,9.4,0,6.64,84.0,55.8,4.0,2.0,4.0,3.0,4.0,63.0,3.0,4.0,3.0,3.0,5+/day,Fail
Female,East,BCA,12th Pass,English,5G/Excellent,No,4,6,12.3,68.4,7.2,1,6.38,72.3,53.8,2.0,3.0,4.0,2.0,2.0,38.0,3.0,4.0,2.0,1.0,5+/day,At-Risk
Male,South,M.Tech,Post-Graduate,Regional,5G/Excellent,No,5,8,27.7,78.4,9.1,0,8.26,98.3,65.8,4.0,5.0,3.0,4.0,4.0,38.0,3.0,2.0,3.0,3.0,5+/day,Pass
Male,Central,MCA,12th Pass,Regional,5G/Excellent,Yes,10,5,27.4,79.0,5.0,0,6.46,71.0,56.0,4.0,2.0,5.0,3.0,1.0,38.0,2.0,3.0,4.0,5.0,5+/day,Pass
Male,North,BCA,10th Pass,Regional,5G/Excellent,No,3,4,9.2,70.2,3.6,3,3.96,27.9,36.1,2.0,1.0,5.0,2.0,4.0,38.0,4.0,4.0,4.0,3.0,3-5/day,Fail
Female,North,B.E.,10th Pass,Hindi,3G/Moderate,Yes,3,7,13.2,77.4,7.3,1,5.68,46.1,49.5,1.0,4.0,3.0,2.0,4.0,13.0,2.0,3.0,2.0,7.0,1-3/day,Pass
Female,North,B.E.,Graduate,Hindi,5G/Excellent,Yes,1,7,21.3,75.5,8.2,3,8.44,99.9,70.4,5.0,1.0,5.0,2.0,2.0,38.0,3.0,1.0,3.0,5.0,5+/day,Pass
Male,West,M.Tech,Post-Graduate,Hindi,5G/Excellent,Yes,6,8,14.7,82.0,4.5,5,7.3,54.6,61.8,1.0,1.0,3.0,4.0,4.0,38.0,1.0,3.0,4.0,7.0,5+/day,Pass
Male,North,B.Tech,10th Pass,English,4G/Good,No,4,6,16.5,88.6,8.4,4,6.47,60.2,47.4,5.0,1.0,4.0,3.0,5.0,63.0,3.0,4.0,3.0,3.0,5+/day,At-Risk
Male,Northeast,B.Com,Below 10th,Hindi,4G/Good,No,8,4,10.9,81.0,5.8,1,4.52,22.7,62.4,5.0,3.0,5.0,2.0,4.0,88.0,3.0,3.0,3.0,5.0,5+/day,Fail
Female,East,BCA,Graduate,Hindi,4G/Good,Yes,6,6,10.9,70.8,7.4,2,5.7,51.2,38.3,3.0,3.0,3.0,1.0,1.0,63.0,3.0,4.0,4.0,7.0,3-5/day,Fail
Male,East,BCA,Post-Graduate,Regional,3G/Moderate,No,3,6,14.4,77.6,6.9,0,4.31,60.5,36.0,5.0,3.0,5.0,4.0,2.0,13.0,3.0,3.0,3.0,5.0,5+/day,Pass
Female,East,B.Tech,10th Pass,Hindi,3G/Moderate,Yes,7,8,18.9,93.9,7.2,0,6.4,68.8,79.4,1.0,3.0,5.0,5.0,4.0,0.0,3.0,3.0,4.0,3.0,3-5/day,Pass
Male,North,BCA,10th Pass,Regional,4G/Good,No,3,7,19.4,74.0,7.4,3,6.99,65.6,67.5,4.0,2.0,4.0,1.0,2.0,88.0,4.0,3.0,3.0,7.0,1-3/day,Fail
Female,North,B.E.,Graduate,Regional,4G/Good,No,9,6,12.3,70.5,6.4,5,5.44,35.1,69.7,4.0,1.0,3.0,2.0,3.0,88.0,3.0,3.0,3.0,7.0,3-5/day,Fail
Male,South,B.Tech,10th Pass,Hindi,4G/Good,No,8,6,10.0,63.5,5.9,3,4.64,59.2,48.0,4.0,3.0,4.0,3.0,5.0,88.0,4.0,4.0,2.0,7.0,5+/day,Fail
Male,East,B.Tech,Graduate,English,2G/Slow,No,3,4,9.3,73.8,7.0,5,5.14,64.1,40.0,1.0,2.0,5.0,2.0,5.0,38.0,3.0,4.0,3.0,7.0,5+/day,Fail
Male,North,M.Tech,Below 10th,Hindi,4G/Good,No,2,7,24.9,91.9,6.1,3,7.28,68.5,62.7,2.0,3.0,4.0,3.0,4.0,88.0,2.0,3.0,4.0,5.0,5+/day,Pass
Female,North,B.E.,Below 10th,English,3G/Moderate,No,3,6,32.9,73.2,5.5,1,5.99,60.7,77.6,2.0,4.0,5.0,1.0,2.0,63.0,3.0,3.0,3.0,5.0,5+/day,At-Risk
Female,Central,B.E.,10th Pass,English,2G/Slow,No,4,5,21.0,81.6,7.0,0,7.52,63.6,75.6,5.0,4.0,3.0,1.0,4.0,13.0,3.0,3.0,3.0,7.0,5+/day,Pass
Male,North,B.Tech,10th Pass,English,4G/Good,No,3,5,0.0,76.1,5.6,5,5.37,51.1,53.1,2.0,2.0,4.0,1.0,4.0,13.0,3.0,1.0,4.0,7.0,5+/day,At-Risk
Female,Northeast,BCA,Below 10th,Regional,4G/Good,No,9,7,22.0,75.4,6.2,5,4.13,29.2,30.0,3.0,3.0,3.0,1.0,1.0,63.0,3.0,4.0,4.0,7.0,3-5/day,Fail
Female,West,BCA,Below 10th,English,2G/Slow,No,10,7,26.3,97.8,5.7,2,5.79,71.4,64.0,4.0,1.0,3.0,2.0,3.0,88.0,3.0,3.0,3.0,7.0,3-5/day,At-Risk
Female,South,BCA,Graduate,Hindi,4G/Good,No,2,8,13.5,80.2,8.8,5,6.87,72.6,46.6,3.0,3.0,4.0,1.0,2.0,63.0,3.0,3.0,4.0,3.0,5+/day,Pass
Female,North,B.E.,10th Pass,Regional,4G/Good,No,8,6,24.2,66.9,6.7,5,4.2,45.6,34.7,5.0,4.0,1.0,2.0,5.0,63.0,3.0,3.0,2.0,5.0,1-3/day,Fail
Male,North,B.E.,Post-Graduate,Hindi,4G/Good,No,7,5,25.5,63.7,4.1,1,6.0,51.3,32.0,2.0,2.0,3.0,3.0,4.0,38.0,3.0,3.0,3.0,3.0,5+/day,Fail
Male,West,BCA,10th Pass,Hindi,4G/Good,Yes,1,5,27.0,69.3,8.4,0,7.62,85.1,64.2,4.0,3.0,5.0,2.0,4.0,38.0,3.0,3.0,3.0,5.0,5+/day,At-Risk
Female,West,B.Tech,Graduate,Hindi,3G/Moderate,No,6,7,13.9,67.9,3.8,4,5.63,64.0,39.3,4.0,2.0,1.0,2.0,5.0,88.0,1.0,4.0,2.0,1.0,5+/day,Fail
Female,West,B.Com,10th Pass,English,4G/Good,No,6,7,18.5,92.3,9.7,4,5.93,67.1,35.8,4.0,1.0,5.0,2.0,4.0,88.0,3.0,4.0,4.0,5.0,5+/day,Fail
Female,Central,BCA,10th Pass,English,5G/Excellent,No,9,4,19.3,79.5,6.6,3,5.74,66.5,76.7,4.0,2.0,5.0,2.0,2.0,38.0,4.0,1.0,3.0,1.0,5+/day,Pass
Male,West,B.Tech,12th Pass,Regional,4G/Good,No,10,4,27.2,82.8,5.6,5,4.0,49.3,44.0,4.0,2.0,4.0,4.0,1.0,63.0,3.0,3.0,3.0,3.0,1-3/day,Pass
Male,North,B.E.,12th Pass,English,5G/Excellent,Yes,8,7,15.1,79.0,6.0,3,6.33,55.9,50.9,3.0,4.0,4.0,3.0,3.0,38.0,3.0,3.0,4.0,7.0,5+/day,Pass
Female,North,MCA,Graduate,Hindi,4G/Good,Yes,7,4,24.6,79.6,4.1,3,7.06,37.1,66.7,1.0,4.0,5.0,2.0,4.0,88.0,3.0,3.0,4.0,5.0,5+/day,At-Risk
Female,Northeast,B.Tech,Graduate,Hindi,4G/Good,No,7,7,19.9,93.3,6.3,0,7.77,56.8,65.8,1.0,5.0,4.0,3.0,4.0,38.0,3.0,3.0,4.0,7.0,5+/day,Pass
Female,North,B.Tech,Graduate,English,5G/Excellent,Yes,5,7,24.7,94.2,5.8,3,8.14,49.1,71.7,4.0,3.0,4.0,1.0,4.0,13.0,1.0,2.0,2.0,1.0,3-5/day,Pass
Female,North,BCA,12th Pass,Regional,4G/Good,Yes,2,8,23.3,100.0,6.4,2,6.38,64.4,69.0,5.0,1.0,4.0,4.0,5.0,88.0,3.0,2.0,4.0,3.0,3-5/day,Pass
Female,West,B.Tech,Graduate,Regional,5G/Excellent,Yes,10,4,13.4,71.5,7.8,2,6.01,68.6,92.2,2.0,4.0,1.0,5.0,5.0,63.0,3.0,4.0,4.0,5.0,5+/day,At-Risk
Male,South,MCA,12th Pass,English,4G/Good,No,5,6,19.9,77.3,7.0,4,5.02,53.1,37.6,5.0,3.0,4.0,3.0,1.0,88.0,3.0,2.0,2.0,7.0,5+/day,At-Risk
Male,Central,B.Tech,Post-Graduate,Regional,5G/Excellent,No,1,6,13.2,84.3,4.8,1,7.05,48.7,33.0,5.0,2.0,3.0,2.0,5.0,88.0,4.0,4.0,2.0,5.0,5+/day,Fail
Female,West,MCA,Graduate,Hindi,4G/Good,No,10,8,17.8,100.0,5.0,5,5.99,51.4,49.1,4.0,3.0,3.0,1.0,5.0,63.0,2.0,2.0,1.0,3.0,3-5/day,At-Risk
Female,North,B.Tech,Below 10th,Hindi,5G/Excellent,Yes,6,6,30.2,73.7,6.9,0,6.16,63.9,66.3,3.0,3.0,3.0,3.0,3.0,88.0,2.0,2.0,2.0,7.0,5+/day,At-Risk
Male,Central,B.Tech,10th Pass,Hindi,No Access,No,2,6,15.0,93.3,7.2,1,3.96,32.7,46.2,4.0,5.0,4.0,3.0,5.0,88.0,3.0,3.0,4.0,7.0,5+/day,Fail
Male,South,M.Tech,12th Pass,English,4G/Good,Yes,1,8,13.7,74.7,6.4,3,9.62,83.5,62.7,2.0,3.0,4.0,3.0,4.0,88.0,2.0,3.0,4.0,5.0,5+/day,At-Risk
Female,South,BCA,Graduate,Hindi,5G/Excellent,Yes,1,5,16.7,93.7,7.3,0,7.34,69.5,70.8,3.0,2.0,4.0,1.0,3.0,63.0,3.0,3.0,3.0,5.0,Never,Pass
Male,South,B.E.,12th Pass,English,3G/Moderate,No,1,8,22.7,83.1,6.7,3,7.0,69.9,43.9,4.0,4.0,5.0,2.0,3.0,38.0,2.0,3.0,3.0,3.0,5+/day,Pass
Male,North,B.Tech,Graduate,Hindi,4G/Good,Yes,4,8,22.7,69.5,6.8,1,7.49,53.6,63.6,5.0,1.0,5.0,2.0,3.0,63.0,4.0,3.0,3.0,7.0,5+/day,Fail
Female,East,BCA,10th Pass,Hindi,5G/Excellent,Yes,5,4,20.5,80.6,7.8,4,6.47,77.3,53.9,2.0,5.0,2.0,5.0,5.0,63.0,2.0,2.0,3.0,3.0,3-5/day,Pass
Female,North,B.E.,10th Pass,Regional,3G/Moderate,Yes,5,6,12.4,89.4,9.4,2,6.18,63.1,46.2,4.0,2.0,4.0,3.0,2.0,63.0,1.0,4.0,4.0,3.0,5+/day,Pass
Female,South,B.Com,Below 10th,Hindi,4G/Good,Yes,1,6,16.3,47.4,6.9,2,6.9,59.8,54.5,4.0,3.0,4.0,2.0,3.0,88.0,1.0,2.0,3.0,5.0,5+/day,Fail
Male,South,B.Com,12th Pass,English,4G/Good,No,6,5,27.9,92.9,11.1,2,8.7,75.3,82.0,5.0,1.0,4.0,4.0,3.0,38.0,1.0,1.0,2.0,7.0,5+/day,Pass
Female,West,BCA,Graduate,Regional,4G/Good,Yes,3,8,7.4,64.4,6.7,0,5.17,73.1,53.0,4.0,4.0,5.0,1.0,4.0,38.0,2.0,3.0,4.0,1.0,5+/day,Fail
Male,Northeast,B.E.,10th Pass,Hindi,No Access,No,4,7,19.8,79.4,6.7,3,4.04,36.4,32.2,4.0,3.0,4.0,4.0,5.0,88.0,4.0,4.0,4.0,3.0,5+/day,Fail
Male,North,B.E.,12th Pass,Hindi,2G/Slow,No,5,5,16.5,80.7,9.4,2,5.67,46.7,42.6,2.0,3.0,2.0,2.0,5.0,63.0,3.0,3.0,4.0,3.0,5+/day,At-Risk
Female,South,BCA,Below 10th,English,2G/Slow,Yes,4,5,21.3,49.3,6.3,3,6.62,62.2,48.1,5.0,1.0,4.0,4.0,5.0,88.0,3.0,2.0,4.0,3.0,3-5/day,Fail
Female,South,B.Tech,Below 10th,Regional,3G/Moderate,No,4,6,18.9,74.6,3.8,2,3.59,23.0,23.0,5.0,2.0,1.0,1.0,5.0,88.0,4.0,3.0,1.0,5.0,3-5/day,Fail
Female,North,B.Tech,Graduate,Regional,3G/Moderate,No,10,6,7.5,87.0,4.9,1,4.78,71.6,81.0,4.0,2.0,2.0,1.0,4.0,63.0,3.0,3.0,3.0,5.0,5+/day,At-Risk
Female,West,B.Tech,10th Pass,Regional,4G/Good,No,1,6,22.1,100.0,7.9,4,7.69,55.4,37.9,1.0,2.0,3.0,3.0,1.0,63.0,4.0,3.0,4.0,3.0,5+/day,Pass
Female,West,B.Tech,Graduate,Regional,4G/Good,No,2,6,11.2,91.9,7.2,3,7.77,77.5,67.7,1.0,2.0,4.0,4.0,4.0,88.0,4.0,4.0,4.0,5.0,3-5/day,Pass
Male,North,B.Tech,Graduate,English,4G/Good,No,2,5,9.7,92.9,5.1,0,7.52,69.6,46.3,4.0,2.0,2.0,1.0,4.0,63.0,3.0,3.0,3.0,5.0,5+/day,At-Risk
Male,South,B.E.,Graduate,Regional,2G/Slow,Yes,2,8,18.4,56.1,3.6,2,5.53,53.1,45.9,5.0,1.0,5.0,3.0,3.0,63.0,4.0,1.0,4.0,1.0,3-5/day,Fail
Male,North,MCA,10th Pass,Hindi,4G/Good,No,10,6,15.1,78.4,5.9,1,5.39,58.5,65.9,2.0,4.0,4.0,5.0,4.0,13.0,4.0,3.0,3.0,1.0,5+/day,Pass
Male,West,B.E.,12th Pass,English,3G/Moderate,No,1,4,12.4,100.0,8.3,2,5.3,44.3,61.6,4.0,3.0,5.0,2.0,4.0,38.0,3.0,3.0,3.0,5.0,5+/day,At-Risk
Other,North,B.Tech,Graduate,Hindi,5G/Excellent,No,10,5,15.3,94.0,6.3,4,6.79,70.3,55.2,2.0,1.0,3.0,4.0,2.0,38.0,2.0,3.0,1.0,5.0,5+/day,Pass
Male,Central,B.Tech,Graduate,Hindi,4G/Good,No,8,7,12.9,75.9,6.0,5,6.15,47.3,53.1,1.0,4.0,3.0,2.0,4.0,13.0,2.0,3.0,2.0,7.0,1-3/day,Pass
Female,West,BCA,Graduate,English,5G/Excellent,No,1,7,28.8,83.4,4.9,2,7.34,56.2,67.2,3.0,1.0,4.0,1.0,4.0,63.0,3.0,3.0,4.0,5.0,5+/day,At-Risk
Female,South,B.Tech,10th Pass,English,No Access,Yes,8,8,20.2,93.8,6.0,4,5.76,40.9,28.5,5.0,5.0,3.0,1.0,3.0,13.0,2.0,3.0,4.0,5.0,3-5/day,Pass
Female,East,BCA,10th Pass,English,4G/Good,No,1,5,16.9,93.5,7.3,3,6.43,56.3,43.8,3.0,3.0,3.0,1.0,1.0,63.0,3.0,4.0,4.0,7.0,3-5/day,Pass
Male,Central,B.Com,12th Pass,English,4G/Good,No,10,5,23.3,80.5,6.2,4,5.51,54.7,47.9,4.0,1.0,5.0,3.0,2.0,38.0,3.0,3.0,3.0,1.0,5+/day,At-Risk
Female,East,B.Tech,Graduate,English,5G/Excellent,Yes,3,5,16.7,79.1,6.2,1,8.06,78.5,68.4,4.0,4.0,3.0,2.0,4.0,38.0,3.0,3.0,3.0,7.0,5+/day,Pass
Male,North,B.Tech,10th Pass,English,4G/Good,Yes,9,4,16.2,87.3,8.2,5,6.76,57.3,54.3,4.0,4.0,3.0,2.0,4.0,38.0,3.0,3.0,3.0,1.0,3-5/day,Pass
Male,South,B.E.,Below 10th,English,4G/Good,No,8,4,24.5,93.7,5.3,1,5.67,57.3,57.6,3.0,3.0,3.0,3.0,3.0,88.0,2.0,2.0,2.0,7.0,5+/day,Pass
Female,Northeast,B.Com,Graduate,Regional,2G/Slow,No,2,6,13.1,77.3,7.2,3,5.79,54.5,68.8,4.0,3.0,4.0,5.0,3.0,38.0,2.0,2.0,4.0,7.0,3-5/day,Pass
Male,West,MCA,10th Pass,Regional,4G/Good,Yes,4,7,10.8,59.8,6.3,0,7.13,70.2,67.8,5.0,2.0,5.0,2.0,3.0,88.0,3.0,2.0,3.0,7.0,3-5/day,Fail
Male,West,M.Tech,10th Pass,English,3G/Moderate,Yes,8,4,22.6,81.0,9.0,1,7.16,56.6,70.0,5.0,1.0,4.0,1.0,3.0,38.0,3.0,2.0,3.0,7.0,5+/day,At-Risk
Female,Northeast,B.Tech,Below 10th,Regional,No Access,No,9,7,19.1,66.8,7.8,3,2.77,40.2,22.9,5.0,2.0,4.0,1.0,4.0,63.0,4.0,1.0,4.0,1.0,3-5/day,Fail
Male,Central,B.Com,10th Pass,Hindi,2G/Slow,Yes,7,5,19.1,100.0,8.5,5,6.22,51.1,32.5,3.0,2.0,4.0,3.0,4.0,88.0,3.0,3.0,3.0,5.0,5+/day,At-Risk
Female,Central,B.Tech,12th Pass,Hindi,5G/Excellent,Yes,1,4,15.5,70.6,7.4,3,4.63,52.5,53.7,4.0,2.0,5.0,5.0,5.0,63.0,2.0,3.0,4.0,3.0,3-5/day,Fail
Female,North,B.Tech,10th Pass,Hindi,3G/Moderate,No,8,7,22.2,80.6,5.8,1,5.89,52.2,65.8,4.0,2.0,4.0,1.0,2.0,13.0,3.0,2.0,3.0,5.0,5+/day,At-Risk
Female,East,M.Tech,Below 10th,English,5G/Excellent,No,1,4,8.4,73.5,8.6,3,5.65,65.3,62.8,2.0,3.0,2.0,3.0,1.0,13.0,1.0,3.0,1.0,1.0,1-3/day,Pass
Male,West,B.Com,Below 10th,English,5G/Excellent,No,9,5,4.4,75.8,7.0,3,3.21,41.0,40.4,3.0,4.0,3.0,4.0,4.0,38.0,3.0,2.0,2.0,3.0,5+/day,Pass
Male,West,B.Tech,10th Pass,English,5G/Excellent,No,8,5,15.2,92.0,6.8,2,6.37,73.7,73.7,4.0,3.0,4.0,4.0,5.0,88.0,4.0,4.0,4.0,3.0,5+/day,Pass
Female,East,B.Tech,Graduate,Hindi,5G/Excellent,No,4,5,22.4,94.6,5.3,3,7.35,72.4,45.3,4.0,3.0,4.0,4.0,4.0,38.0,1.0,2.0,2.0,1.0,5+/day,Pass
Male,North,B.Tech,Below 10th,Hindi,5G/Excellent,No,10,6,26.7,89.9,7.6,1,5.98,55.8,52.6,1.0,1.0,3.0,4.0,4.0,38.0,1.0,3.0,4.0,7.0,5+/day,Pass
Female,West,B.Tech,12th Pass,Regional,3G/Moderate,Yes,4,7,21.8,93.6,5.9,1,7.86,83.1,76.6,5.0,2.0,4.0,1.0,2.0,38.0,4.0,3.0,3.0,1.0,1-3/day,Pass
Female,West,B.Tech,Below 10th,English,3G/Moderate,Yes,4,6,11.5,75.7,5.7,1,5.98,39.0,27.4,5.0,5.0,3.0,1.0,3.0,13.0,2.0,3.0,4.0,5.0,3-5/day,Pass
Female,North,B.Com,10th Pass,Hindi,4G/Good,Yes,6,8,11.6,68.8,6.9,2,6.44,59.9,57.9,4.0,2.0,1.0,3.0,5.0,38.0,4.0,3.0,4.0,7.0,5+/day,Fail
Male,South,BCA,10th Pass,Hindi,4G/Good,No,2,8,26.5,73.0,5.6,1,6.15,57.2,46.8,5.0,2.0,4.0,1.0,4.0,63.0,4.0,1.0,4.0,1.0,3-5/day,Fail
Male,North,MCA,Below 10th,Regional,2G/Slow,No,4,4,24.3,87.2,5.4,3,5.88,59.7,60.8,4.0,2.0,3.0,2.0,5.0,88.0,2.0,3.0,3.0,7.0,3-5/day,Fail
Female,South,MCA,Graduate,English,4G/Good,No,4,4,21.8,96.6,5.1,4,6.37,48.9,69.2,5.0,1.0,4.0,1.0,3.0,38.0,3.0,2.0,3.0,7.0,5+/day,At-Risk
Male,North,B.E.,12th Pass,Regional,4G/Good,No,8,4,24.4,67.2,8.0,2,5.77,65.4,64.5,4.0,2.0,1.0,3.0,5.0,38.0,4.0,3.0,4.0,7.0,5+/day,Fail
Male,South,MCA,Graduate,Regional,5G/Excellent,No,2,6,19.2,77.7,8.6,4,6.68,79.6,57.9,4.0,2.0,5.0,3.0,1.0,38.0,1.0,3.0,3.0,3.0,3-5/day,Pass
Female,East,BCA,Below 10th,Hindi,4G/Good,No,8,5,16.5,78.7,9.4,0,5.34,51.8,42.8,4.0,2.0,5.0,2.0,2.0,38.0,4.0,1.0,3.0,1.0,5+/day,At-Risk
Female,East,B.Tech,Below 10th,Hindi,4G/Good,Yes,10,4,16.9,72.7,7.9,5,5.27,47.3,43.5,4.0,1.0,3.0,2.0,3.0,88.0,3.0,3.0,3.0,7.0,3-5/day,Fail
Female,West,BCA,10th Pass,English,4G/Good,No,2,4,22.5,89.2,3.0,4,7.32,71.5,67.8,4.0,3.0,4.0,1.0,2.0,13.0,1.0,4.0,4.0,7.0,5+/day,Pass
Female,Northeast,B.E.,Graduate,Regional,4G/Good,No,9,8,19.7,94.0,7.0,3,5.37,42.0,60.2,1.0,3.0,4.0,3.0,4.0,38.0,2.0,3.0,3.0,3.0,1-3/day,Pass
Male,North,MCA,10th Pass,English,5G/Excellent,No,9,5,4.2,100.0,6.1,2,4.22,38.6,61.8,4.0,2.0,4.0,1.0,4.0,63.0,3.0,1.0,4.0,3.0,5+/day,Fail
Female,North,B.Com,12th Pass,Hindi,2G/Slow,Yes,6,6,24.2,100.0,10.1,1,6.85,58.1,48.4,2.0,2.0,3.0,2.0,3.0,63.0,3.0,3.0,2.0,7.0,5+/day,Pass
Other,Northeast,B.E.,10th Pass,English,4G/Good,No,10,5,22.1,91.5,7.1,1,5.35,46.5,50.9,3.0,2.0,5.0,1.0,5.0,88.0,3.0,3.0,3.0,7.0,3-5/day,Fail
Male,North,MCA,Below 10th,English,4G/Good,No,5,8,20.3,76.5,5.3,4,5.63,51.5,53.0,5.0,3.0,4.0,2.0,4.0,63.0,3.0,4.0,4.0,7.0,5+/day,Fail
Male,Central,B.Tech,Post-Graduate,Hindi,4G/Good,No,7,6,27.9,90.5,5.4,4,5.97,65.5,54.6,4.0,3.0,3.0,1.0,1.0,63.0,4.0,3.0,3.0,5.0,5+/day,Pass
Female,Northeast,MCA,12th Pass,Regional,3G/Moderate,No,8,7,12.3,58.5,3.9,4,3.5,35.8,44.8,5.0,1.0,4.0,2.0,1.0,88.0,3.0,2.0,3.0,5.0,5+/day,Fail
Female,East,B.E.,Graduate,Hindi,3G/Moderate,Yes,8,4,10.5,89.9,6.4,3,6.69,61.8,62.9,5.0,2.0,3.0,1.0,4.0,13.0,3.0,2.0,4.0,5.0,5+/day,At-Risk
Female,Central,B.Tech,Graduate,Regional,3G/Moderate,Yes,3,6,21.5,86.4,4.1,1,6.4,49.9,46.9,4.0,2.0,4.0,1.0,4.0,88.0,2.0,4.0,3.0,5.0,5+/day,At-Risk
Female,North,B.E.,12th Pass,Hindi,3G/Moderate,No,3,8,12.7,82.9,3.5,5,6.48,72.2,44.1,4.0,4.0,5.0,1.0,4.0,38.0,2.0,3.0,4.0,1.0,5+/day,At-Risk
Male,South,BCA,Below 10th,English,5G/Excellent,No,5,5,29.7,72.6,5.1,0,5.99,45.7,63.2,4.0,2.0,2.0,4.0,3.0,13.0,3.0,2.0,3.0,3.0,5+/day,At-Risk
Male,West,B.Tech,12th Pass,English,4G/Good,No,5,6,13.1,91.5,5.0,3,6.09,65.2,43.7,4.0,1.0,4.0,2.0,4.0,38.0,3.0,4.0,3.0,1.0,5+/day,At-Risk
Female,South,B.Com,10th Pass,Hindi,3G/Moderate,No,2,8,13.0,70.1,6.6,5,6.39,63.7,71.1,4.0,4.0,5.0,2.0,5.0,13.0,3.0,2.0,4.0,5.0,5+/day,Fail
Female,Central,B.Tech,12th Pass,English,4G/Good,No,5,6,15.2,94.7,7.1,1,8.23,44.6,58.8,4.0,2.0,5.0,3.0,1.0,88.0,3.0,3.0,4.0,5.0,1-3/day,Pass
Female,North,B.Com,12th Pass,Hindi,2G/Slow,Yes,1,4,15.9,89.2,6.5,1,6.63,48.6,54.5,5.0,2.0,5.0,1.0,1.0,38.0,4.0,4.0,3.0,7.0,3-5/day,At-Risk
Female,East,BCA,Graduate,English,5G/Excellent,No,7,5,15.4,87.2,6.3,1,5.75,60.3,45.7,4.0,2.0,4.0,1.0,2.0,13.0,3.0,2.0,3.0,5.0,5+/day,Pass
Male,East,B.Tech,Graduate,English,4G/Good,No,7,5,16.2,70.2,7.1,1,7.25,62.9,82.5,3.0,4.0,3.0,5.0,5.0,63.0,3.0,2.0,3.0,3.0,3-5/day,At-Risk
Male,West,B.E.,Graduate,Hindi,5G/Excellent,No,1,6,15.5,74.2,8.2,2,6.74,61.8,86.7,3.0,2.0,4.0,2.0,2.0,13.0,3.0,3.0,3.0,1.0,5+/day,Pass
Female,South,BCA,Below 10th,Hindi,3G/Moderate,Yes,3,8,7.1,64.2,5.0,1,5.18,46.6,51.5,5.0,3.0,4.0,3.0,1.0,38.0,2.0,4.0,2.0,5.0,5+/day,At-Risk
Female,South,BCA,10th Pass,English,5G/Excellent,Yes,8,4,21.5,92.1,7.0,4,6.86,53.1,52.5,4.0,2.0,4.0,2.0,5.0,63.0,2.0,3.0,3.0,5.0,5+/day,At-Risk
Female,Northeast,BCA,Below 10th,English,3G/Moderate,Yes,9,4,14.9,82.4,6.5,1,4.29,74.1,38.6,3.0,3.0,5.0,3.0,4.0,38.0,3.0,4.0,4.0,3.0,5+/day,At-Risk
Female,North,B.E.,Graduate,English,2G/Slow,No,3,6,16.9,75.6,7.1,5,5.79,62.2,66.7,4.0,4.0,3.0,2.0,4.0,38.0,3.0,3.0,3.0,7.0,5+/day,Pass
Female,Northeast,B.E.,Post-Graduate,English,No Access,No,6,7,9.5,80.4,6.2,0,2.82,46.5,33.6,4.0,2.0,2.0,1.0,4.0,88.0,3.0,3.0,2.0,5.0,5+/day,Fail
Male,East,B.Com,10th Pass,Hindi,4G/Good,No,6,6,7.3,94.6,5.2,2,5.58,39.4,71.7,5.0,1.0,5.0,2.0,3.0,63.0,4.0,3.0,3.0,7.0,5+/day,Fail
Male,West,B.Tech,Below 10th,Hindi,3G/Moderate,Yes,6,4,17.3,68.3,6.3,0,3.91,41.1,42.0,4.0,3.0,4.0,1.0,4.0,13.0,1.0,2.0,2.0,1.0,3-5/day,Fail
Male,West,B.E.,12th Pass,English,4G/Good,Yes,5,5,28.9,76.7,5.4,0,8.26,77.7,86.7,4.0,2.0,4.0,1.0,2.0,13.0,3.0,2.0,3.0,5.0,5+/day,Pass
Female,North,B.Tech,Graduate,English,5G/Excellent,No,6,6,28.6,63.0,5.0,0,7.35,55.2,61.9,3.0,3.0,4.0,2.0,5.0,88.0,2.0,3.0,3.0,7.0,5+/day,Fail
Male,East,MCA,12th Pass,English,3G/Moderate,No,6,6,11.6,69.4,8.3,3,4.98,50.5,37.1,4.0,1.0,5.0,2.0,4.0,38.0,1.0,3.0,2.0,7.0,5+/day,Fail
Male,Northeast,MCA,Below 10th,English,3G/Moderate,No,10,5,12.8,79.0,6.7,1,4.72,59.1,27.0,5.0,1.0,3.0,5.0,5.0,38.0,4.0,3.0,3.0,1.0,5+/day,Fail
Female,South,B.Tech,Post-Graduate,Hindi,5G/Excellent,Yes,6,6,19.2,95.0,3.5,5,8.08,72.3,75.8,5.0,5.0,5.0,4.0,5.0,88.0,4.0,4.0,4.0,3.0,5+/day,Pass
Male,Central,B.Tech,Graduate,English,4G/Good,Yes,8,8,0.0,89.7,3.0,1,4.96,52.2,30.3,1.0,2.0,5.0,1.0,5.0,13.0,3.0,3.0,3.0,3.0,5+/day,At-Risk
Female,South,B.Tech,Below 10th,English,5G/Excellent,No,6,5,13.9,93.9,6.3,0,4.81,60.7,64.4,3.0,3.0,4.0,1.0,2.0,63.0,3.0,3.0,4.0,3.0,5+/day,At-Risk
Male,North,B.E.,Post-Graduate,Regional,4G/Good,Yes,3,5,19.6,90.0,5.6,1,7.6,63.8,51.3,3.0,3.0,5.0,3.0,4.0,38.0,3.0,4.0,4.0,3.0,5+/day,Pass
Male,South,B.E.,12th Pass,English,4G/Good,No,7,5,16.4,70.5,6.5,3,6.79,74.2,67.4,4.0,4.0,4.0,4.0,4.0,88.0,4.0,4.0,4.0,5.0,5+/day,Fail
Female,Central,B.Com,10th Pass,Hindi,3G/Moderate,Yes,6,4,4.7,100.0,6.9,1,5.93,52.5,78.2,5.0,3.0,5.0,4.0,2.0,13.0,3.0,3.0,3.0,5.0,5+/day,Pass
Male,South,B.E.,12th Pass,Hindi,5G/Excellent,Yes,9,6,5.2,90.9,6.5,1,5.35,36.8,64.1,3.0,4.0,4.0,3.0,3.0,38.0,3.0,3.0,4.0,7.0,5+/day,Pass
Male,Northeast,B.Tech,Graduate,English,5G/Excellent,No,4,7,8.0,100.0,5.3,0,5.86,63.3,49.5,3.0,2.0,5.0,1.0,5.0,88.0,3.0,3.0,3.0,7.0,3-5/day,Fail
Female,Central,M.Tech,Graduate,Hindi,5G/Excellent,No,1,6,17.5,100.0,8.0,2,7.22,76.4,97.7,2.0,1.0,2.0,2.0,5.0,63.0,4.0,4.0,3.0,1.0,3-5/day,Pass
Female,South,B.E.,Below 10th,Hindi,4G/Good,Yes,6,6,12.1,80.9,4.8,2,3.75,22.5,62.9,1.0,1.0,4.0,2.0,4.0,88.0,2.0,4.0,3.0,7.0,5+/day,Fail
Male,North,BCA,Post-Graduate,Hindi,5G/Excellent,No,9,4,28.9,76.1,8.3,1,7.67,55.0,79.6,5.0,2.0,5.0,5.0,3.0,63.0,3.0,2.0,4.0,7.0,5+/day,Pass
Female,West,B.Tech,Below 10th,Hindi,4G/Good,No,8,8,8.6,55.2,7.4,0,6.42,47.3,58.2,2.0,3.0,4.0,2.0,2.0,38.0,3.0,4.0,2.0,1.0,5+/day,Fail
Male,South,B.E.,Graduate,Regional,4G/Good,Yes,2,8,26.6,84.0,5.5,2,6.68,45.9,52.7,4.0,1.0,5.0,5.0,2.0,88.0,2.0,4.0,3.0,1.0,5+/day,Pass
Male,West,B.Com,12th Pass,Regional,5G/Excellent,Yes,3,4,9.6,81.5,7.2,5,6.27,64.9,90.9,5.0,3.0,4.0,2.0,2.0,63.0,3.0,3.0,1.0,3.0,5+/day,Pass
Female,South,BCA,10th Pass,Hindi,3G/Moderate,No,8,4,35.6,74.3,6.0,2,5.44,58.0,51.8,3.0,2.0,1.0,3.0,4.0,0.0,2.0,3.0,2.0,3.0,5+/day,At-Risk
Female,East,B.Tech,10th Pass,Regional,3G/Moderate,Yes,9,4,22.6,76.0,8.5,4,4.71,42.6,40.0,2.0,2.0,3.0,2.0,3.0,63.0,3.0,3.0,2.0,7.0,5+/day,At-Risk
Female,West,BCA,Graduate,English,3G/Moderate,No,8,6,2.5,88.2,5.5,2,4.87,32.7,46.5,3.0,1.0,3.0,4.0,4.0,63.0,3.0,3.0,3.0,5.0,5+/day,At-Risk
Female,South,B.Com,12th Pass,Hindi,4G/Good,No,10,4,26.5,59.4,7.7,5,6.15,53.2,41.8,5.0,4.0,5.0,2.0,4.0,38.0,3.0,3.0,3.0,5.0,5+/day,Fail
Other,South,B.Tech,Graduate,English,4G/Good,Yes,1,7,14.8,97.4,4.6,3,8.05,80.9,58.8,5.0,4.0,5.0,2.0,4.0,38.0,3.0,3.0,3.0,5.0,5+/day,Pass
Male,South,B.E.,12th Pass,English,4G/Good,Yes,3,5,24.5,92.5,7.0,5,7.48,81.7,69.9,4.0,3.0,4.0,4.0,2.0,38.0,2.0,3.0,4.0,5.0,Never,Pass
Male,South,B.Com,Graduate,Hindi,5G/Excellent,Yes,8,8,17.9,77.7,6.9,4,9.01,52.3,77.8,3.0,2.0,3.0,4.0,1.0,13.0,4.0,3.0,2.0,5.0,3-5/day,Pass
Female,East,B.Tech,12th Pass,Hindi,4G/Good,Yes,1,7,15.5,81.1,7.5,0,7.21,48.9,68.7,3.0,4.0,3.0,5.0,5.0,63.0,3.0,2.0,3.0,3.0,3-5/day,Pass
Male,Northeast,BCA,10th Pass,English,3G/Moderate,Yes,7,8,16.2,85.8,7.2,5,5.63,66.4,37.5,5.0,2.0,5.0,3.0,4.0,88.0,1.0,3.0,2.0,3.0,3-5/day,At-Risk
Male,South,BCA,10th Pass,Hindi,4G/Good,No,4,6,9.8,91.8,6.0,4,4.55,66.5,54.3,3.0,3.0,4.0,1.0,2.0,63.0,3.0,3.0,4.0,3.0,5+/day,Pass
Male,East,BCA,Graduate,Hindi,5G/Excellent,No,7,6,14.9,100.0,3.6,2,5.6,60.8,47.3,4.0,2.0,4.0,3.0,4.0,38.0,3.0,3.0,4.0,5.0,3-5/day,At-Risk
Male,West,B.E.,12th Pass,English,2G/Slow,No,4,4,9.0,75.7,4.5,4,4.57,32.3,53.5,5.0,3.0,4.0,4.0,4.0,88.0,3.0,3.0,3.0,3.0,5+/day,At-Risk
Female,South,B.Tech,10th Pass,English,4G/Good,No,8,8,14.7,98.4,3.4,0,4.62,36.1,67.9,4.0,4.0,3.0,2.0,4.0,38.0,3.0,3.0,3.0,1.0,3-5/day,At-Risk
Female,South,BCA,Post-Graduate,English,No Access,Yes,6,6,19.4,79.3,6.1,1,6.72,62.1,78.5,3.0,3.0,4.0,2.0,5.0,88.0,2.0,3.0,3.0,7.0,5+/day,At-Risk
Female,Central,B.Tech,Graduate,English,4G/Good,Yes,10,6,25.4,77.2,8.2,3,6.18,53.2,68.2,4.0,2.0,5.0,3.0,1.0,38.0,2.0,3.0,4.0,5.0,5+/day,Pass
Male,West,B.E.,Below 10th,Hindi,3G/Moderate,Yes,10,8,28.4,78.9,5.4,1,5.34,51.5,52.6,5.0,3.0,5.0,3.0,4.0,88.0,3.0,4.0,3.0,5.0,5+/day,Fail
Male,East,B.Tech,Post-Graduate,English,3G/Moderate,Yes,8,6,17.9,95.0,5.9,0,7.57,67.2,66.1,4.0,2.0,2.0,3.0,5.0,0.0,2.0,2.0,3.0,3.0,5+/day,Pass
Male,West,B.Tech,Graduate,English,4G/Good,Yes,1,4,10.1,75.1,5.6,1,6.94,71.6,53.8,5.0,3.0,4.0,2.0,5.0,13.0,1.0,4.0,1.0,7.0,5+/day,Pass
Male,North,B.Com,10th Pass,Hindi,5G/Excellent,No,9,6,17.6,83.3,6.9,3,6.28,50.0,67.9,2.0,1.0,5.0,2.0,4.0,38.0,4.0,4.0,4.0,3.0,3-5/day,At-Risk
Female,East,B.E.,10th Pass,Hindi,4G/Good,No,9,7,16.9,75.8,6.8,0,4.43,49.9,33.5,1.0,2.0,4.0,4.0,4.0,88.0,4.0,4.0,4.0,5.0,3-5/day,Fail
Female,East,B.Com,Graduate,English,5G/Excellent,No,6,7,27.2,76.9,5.9,1,5.85,44.8,32.8,4.0,2.0,5.0,3.0,3.0,63.0,4.0,3.0,3.0,1.0,1-3/day,At-Risk
Female,East,B.Tech,Graduate,English,4G/Good,Yes,9,4,24.1,98.2,5.0,3,7.24,61.3,58.0,1.0,1.0,4.0,2.0,4.0,88.0,2.0,4.0,3.0,7.0,5+/day,At-Risk
Male,South,BCA,10th Pass,English,No Access,No,6,7,19.6,81.9,7.4,4,5.88,54.0,32.4,2.0,4.0,4.0,5.0,4.0,13.0,4.0,3.0,3.0,1.0,5+/day,Pass
Female,North,B.Tech,10th Pass,Regional,3G/Moderate,No,6,6,28.6,74.0,8.1,1,6.93,63.9,50.5,5.0,3.0,3.0,4.0,5.0,38.0,2.0,4.0,3.0,7.0,5+/day,Fail
Female,North,MCA,10th Pass,Regional,5G/Excellent,Yes,4,7,14.5,76.8,7.7,4,6.32,41.9,65.0,5.0,2.0,5.0,2.0,3.0,88.0,3.0,2.0,3.0,7.0,3-5/day,At-Risk
Female,Central,MCA,12th Pass,Hindi,4G/Good,Yes,3,7,22.4,85.4,4.8,2,6.85,49.0,31.7,4.0,3.0,4.0,1.0,4.0,13.0,1.0,2.0,2.0,1.0,3-5/day,Pass
Female,South,B.Tech,10th Pass,English,5G/Excellent,No,3,6,14.5,81.4,3.1,5,6.17,53.4,58.4,5.0,3.0,5.0,1.0,4.0,88.0,3.0,4.0,4.0,5.0,5+/day,Fail
Male,South,B.Com,Below 10th,Hindi,3G/Moderate,No,2,8,14.7,82.0,6.1,4,3.87,56.0,50.8,4.0,3.0,4.0,5.0,3.0,38.0,2.0,2.0,4.0,7.0,3-5/day,Pass
Male,North,B.Tech,Graduate,English,3G/Moderate,No,4,4,3.5,78.4,8.6,4,5.92,50.6,68.8,3.0,2.0,1.0,1.0,4.0,13.0,4.0,3.0,3.0,3.0,1-3/day,Pass
Male,North,BCA,Graduate,English,4G/Good,No,9,8,18.7,94.5,3.5,2,5.38,24.1,41.6,2.0,3.0,3.0,2.0,1.0,63.0,1.0,4.0,3.0,7.0,3-5/day,Pass
Female,West,B.Com,12th Pass,English,3G/Moderate,Yes,7,8,18.9,88.9,5.9,0,7.9,77.4,46.3,5.0,3.0,5.0,4.0,2.0,13.0,3.0,3.0,3.0,5.0,5+/day,Pass
Male,East,M.Tech,10th Pass,Regional,3G/Moderate,Yes,3,7,17.0,79.3,8.9,5,6.49,62.7,32.0,4.0,4.0,5.0,2.0,3.0,38.0,2.0,3.0,3.0,3.0,5+/day,Pass
Male,East,B.Com,12th Pass,Hindi,4G/Good,No,8,5,21.2,83.6,8.0,2,6.37,52.1,65.5,4.0,3.0,4.0,1.0,4.0,13.0,1.0,2.0,2.0,1.0,3-5/day,Pass
Male,North,B.Tech,10th Pass,Hindi,4G/Good,Yes,9,8,25.0,72.2,6.8,5,5.24,53.0,43.8,3.0,4.0,4.0,2.0,5.0,63.0,2.0,3.0,3.0,3.0,5+/day,Fail
Male,West,B.Tech,Post-Graduate,Hindi,3G/Moderate,Yes,1,6,17.9,81.1,4.7,5,8.2,88.3,61.0,2.0,2.0,1.0,4.0,5.0,88.0,4.0,3.0,2.0,7.0,3-5/day,Pass
Female,North,B.Tech,Graduate,English,2G/Slow,No,1,6,22.2,73.7,8.7,4,7.01,62.3,61.3,4.0,3.0,3.0,1.0,1.0,63.0,4.0,3.0,3.0,5.0,5+/day,At-Risk
Female,North,B.E.,10th Pass,English,4G/Good,Yes,9,6,20.6,84.3,6.2,0,6.25,52.3,74.1,3.0,1.0,3.0,4.0,4.0,63.0,3.0,3.0,3.0,5.0,5+/day,Pass
Male,South,MCA,10th Pass,Hindi,4G/Good,Yes,9,5,25.5,80.8,3.1,1,7.99,63.4,35.1,2.0,1.0,5.0,2.0,4.0,38.0,4.0,4.0,4.0,3.0,3-5/day,At-Risk
Male,South,B.Tech,12th Pass,Hindi,4G/Good,No,7,5,21.7,79.1,8.7,3,6.45,54.8,50.4,3.0,4.0,3.0,4.0,4.0,38.0,3.0,2.0,2.0,3.0,5+/day,Pass
Male,North,BCA,12th Pass,Regional,4G/Good,Yes,3,4,30.8,83.7,4.9,0,9.03,69.2,85.3,4.0,1.0,3.0,2.0,4.0,38.0,4.0,3.0,3.0,3.0,5+/day,Pass
Male,West,B.Tech,12th Pass,English,5G/Excellent,No,4,5,19.9,85.6,11.3,5,5.27,51.9,59.1,4.0,2.0,4.0,4.0,1.0,63.0,3.0,3.0,3.0,3.0,1-3/day,Pass
Male,West,B.Tech,Graduate,Regional,4G/Good,Yes,7,4,11.4,95.1,6.2,4,6.64,80.4,58.1,3.0,3.0,4.0,2.0,5.0,63.0,3.0,4.0,3.0,1.0,5+/day,Pass
Male,Northeast,BCA,Graduate,English,5G/Excellent,No,9,6,26.8,91.3,7.1,1,6.68,56.2,85.3,4.0,2.0,5.0,3.0,1.0,88.0,3.0,3.0,4.0,5.0,1-3/day,Pass
Male,South,B.E.,12th Pass,Hindi,4G/Good,Yes,8,5,22.5,93.4,6.6,0,5.68,40.9,56.8,5.0,2.0,4.0,1.0,4.0,63.0,4.0,1.0,4.0,1.0,3-5/day,At-Risk
Female,North,MCA,Graduate,Hindi,3G/Moderate,Yes,8,7,21.3,77.8,6.1,3,6.37,43.5,38.6,3.0,5.0,5.0,1.0,5.0,38.0,3.0,3.0,4.0,7.0,3-5/day,At-Risk
Female,South,B.Tech,Graduate,Regional,4G/Good,No,1,7,7.2,85.5,7.7,5,5.57,32.9,44.9,5.0,2.0,3.0,1.0,4.0,13.0,3.0,2.0,4.0,5.0,5+/day,At-Risk
Male,Central,MCA,Graduate,English,4G/Good,Yes,6,7,28.4,100.0,6.8,4,7.29,58.3,86.0,1.0,5.0,4.0,3.0,4.0,38.0,3.0,3.0,4.0,7.0,5+/day,Pass
Male,East,B.Tech,Post-Graduate,Hindi,4G/Good,Yes,6,5,25.0,80.8,6.6,2,7.08,55.4,64.5,4.0,4.0,3.0,2.0,4.0,38.0,3.0,3.0,3.0,7.0,5+/day,Pass
Female,West,B.Tech,10th Pass,Hindi,4G/Good,No,5,5,20.2,83.6,5.0,5,5.45,54.4,62.2,5.0,2.0,3.0,1.0,4.0,13.0,3.0,2.0,4.0,5.0,5+/day,At-Risk
Male,North,BCA,10th Pass,English,3G/Moderate,Yes,1,5,0.0,83.7,6.3,3,5.18,72.2,72.9,4.0,4.0,5.0,2.0,5.0,63.0,3.0,3.0,4.0,7.0,5+/day,At-Risk
Female,East,M.Tech,Graduate,English,4G/Good,Yes,3,7,15.6,80.8,4.7,3,5.69,60.4,88.1,4.0,5.0,4.0,3.0,5.0,88.0,3.0,3.0,4.0,7.0,5+/day,Pass
Female,North,B.Tech,Graduate,Regional,4G/Good,No,4,6,31.4,97.5,7.1,3,7.35,75.2,46.8,3.0,1.0,2.0,3.0,2.0,38.0,3.0,2.0,1.0,1.0,3-5/day,Pass
Male,East,B.Tech,Post-Graduate,English,4G/Good,No,10,8,21.3,76.7,7.0,3,6.56,80.2,57.8,5.0,3.0,4.0,2.0,4.0,63.0,3.0,4.0,4.0,7.0,5+/day,At-Risk
Male,Central,B.E.,Below 10th,English,4G/Good,No,7,6,9.5,95.0,6.8,1,5.27,33.1,53.8,4.0,2.0,2.0,1.0,4.0,63.0,3.0,3.0,3.0,5.0,5+/day,Fail
Female,Central,B.Tech,12th Pass,Regional,5G/Excellent,No,5,5,14.1,91.2,8.4,5,3.84,54.8,45.6,2.0,3.0,3.0,3.0,5.0,13.0,3.0,4.0,4.0,7.0,5+/day,Pass
Male,East,MCA,Below 10th,Hindi,4G/Good,No,2,8,15.2,81.3,7.7,5,4.62,61.1,59.7,4.0,2.0,5.0,3.0,1.0,38.0,2.0,3.0,4.0,5.0,5+/day,Pass
Female,South,MCA,12th Pass,English,2G/Slow,No,3,8,25.9,77.1,9.6,0,7.06,54.9,77.7,5.0,2.0,3.0,2.0,3.0,63.0,4.0,3.0,3.0,7.0,5+/day,At-Risk
Female,Central,B.Tech,10th Pass,Hindi,5G/Excellent,Yes,1,6,7.4,81.6,8.0,3,5.36,59.6,54.4,5.0,5.0,5.0,5.0,5.0,63.0,2.0,2.0,3.0,3.0,3-5/day,Pass
Female,West,B.E.,Below 10th,Hindi,3G/Moderate,Yes,6,7,25.4,95.9,6.7,3,7.23,47.2,63.2,5.0,4.0,4.0,4.0,4.0,38.0,3.0,1.0,3.0,7.0,5+/day,Pass
Male,North,MCA,Below 10th,Regional,4G/Good,No,8,4,23.5,94.9,6.1,4,6.09,49.0,33.6,3.0,2.0,4.0,1.0,3.0,63.0,3.0,3.0,3.0,5.0,Never,At-Risk
Female,South,B.Tech,12th Pass,Hindi,3G/Moderate,No,4,7,33.7,91.6,4.4,2,7.99,90.9,62.2,4.0,4.0,3.0,2.0,4.0,38.0,3.0,3.0,3.0,7.0,5+/day,Pass
Male,North,BCA,10th Pass,Regional,No Access,No,2,7,21.7,81.0,8.6,4,3.56,36.0,58.6,2.0,2.0,3.0,3.0,4.0,38.0,3.0,3.0,3.0,3.0,5+/day,At-Risk
Female,South,B.Tech,Below 10th,English,3G/Moderate,Yes,4,8,9.3,82.5,7.4,0,6.6,54.1,46.2,4.0,3.0,5.0,1.0,2.0,38.0,3.0,3.0,3.0,7.0,5+/day,At-Risk
Female,South,BCA,10th Pass,Hindi,4G/Good,Yes,10,5,17.7,89.5,5.8,1,5.75,43.0,69.1,4.0,4.0,3.0,2.0,4.0,38.0,3.0,3.0,3.0,1.0,3-5/day,Pass
Male,East,B.Tech,10th Pass,English,2G/Slow,No,4,5,11.1,79.2,7.0,2,4.67,48.2,30.8,4.0,3.0,4.0,1.0,4.0,63.0,3.0,3.0,4.0,5.0,3-5/day,Fail
Female,South,MCA,Post-Graduate,English,3G/Moderate,No,5,8,20.7,92.1,6.7,5,6.86,49.7,68.7,5.0,4.0,4.0,1.0,4.0,63.0,4.0,3.0,2.0,1.0,5+/day,Pass
Female,North,B.E.,10th Pass,Hindi,4G/Good,No,3,7,30.2,83.8,6.4,4,6.74,51.9,64.3,4.0,3.0,4.0,4.0,2.0,38.0,2.0,3.0,4.0,5.0,Never,Pass
Male,East,B.Tech,10th Pass,English,4G/Good,Yes,9,6,12.0,94.2,7.9,4,4.18,60.6,34.1,4.0,2.0,5.0,2.0,2.0,38.0,4.0,1.0,3.0,1.0,5+/day,Pass
Male,Northeast,MCA,Graduate,Hindi,5G/Excellent,Yes,7,4,24.5,65.0,4.2,5,4.65,34.8,5.1,4.0,1.0,5.0,3.0,2.0,38.0,3.0,3.0,3.0,1.0,5+/day,Fail
Male,West,B.Tech,12th Pass,Regional,5G/Excellent,Yes,9,7,13.7,74.7,7.8,1,4.86,21.4,50.7,2.0,3.0,4.0,3.0,3.0,63.0,3.0,3.0,1.0,1.0,3-5/day,At-Risk
Male,South,B.E.,Graduate,English,4G/Good,No,7,7,7.1,78.0,8.5,5,6.32,53.9,57.0,4.0,2.0,2.0,4.0,3.0,13.0,3.0,2.0,3.0,3.0,5+/day,Pass
Male,Central,B.E.,12th Pass,English,5G/Excellent,No,10,4,29.2,87.0,4.8,1,6.54,72.0,69.8,3.0,4.0,2.0,3.0,4.0,38.0,2.0,1.0,3.0,3.0,5+/day,Pass
Female,Central,B.Tech,Post-Graduate,Hindi,4G/Good,No,4,6,19.6,77.5,3.6,5,6.36,46.1,61.9,3.0,2.0,3.0,2.0,4.0,88.0,4.0,1.0,1.0,1.0,1-3/day,Pass
Male,North,B.Com,10th Pass,Regional,4G/Good,No,5,4,21.4,100.0,7.2,2,5.43,45.9,37.1,5.0,3.0,3.0,2.0,3.0,13.0,3.0,4.0,4.0,1.0,5+/day,Pass
Male,North,MCA,Post-Graduate,Hindi,4G/Good,No,7,8,24.0,67.4,7.9,3,5.31,75.2,34.8,3.0,1.0,4.0,5.0,2.0,88.0,3.0,3.0,4.0,3.0,5+/day,Fail
Female,West,B.Tech,Graduate,Hindi,3G/Moderate,No,6,4,6.1,94.2,5.2,1,4.99,60.2,79.9,5.0,2.0,3.0,2.0,3.0,63.0,4.0,3.0,3.0,7.0,5+/day,At-Risk
Male,Northeast,BCA,12th Pass,English,4G/Good,Yes,9,4,16.1,96.8,4.4,4,6.94,56.3,61.4,5.0,2.0,4.0,1.0,2.0,38.0,4.0,3.0,3.0,1.0,1-3/day,Pass
Female,Central,B.E.,Graduate,English,4G/Good,Yes,3,7,6.5,88.0,3.7,4,5.53,55.6,49.4,2.0,4.0,4.0,5.0,4.0,13.0,4.0,3.0,3.0,1.0,5+/day,Pass
Male,Central,B.Com,12th Pass,Hindi,2G/Slow,No,8,7,14.3,78.2,8.1,3,3.95,44.6,39.7,5.0,2.0,2.0,3.0,3.0,63.0,4.0,3.0,3.0,5.0,3-5/day,Fail
Male,East,B.Tech,Below 10th,English,2G/Slow,Yes,10,5,26.0,81.8,6.3,3,5.84,38.5,60.2,3.0,3.0,5.0,3.0,4.0,38.0,3.0,4.0,4.0,3.0,5+/day,At-Risk
Female,East,BCA,10th Pass,Regional,3G/Moderate,No,4,4,21.1,91.8,8.5,1,6.73,54.5,64.7,1.0,1.0,4.0,2.0,4.0,88.0,2.0,4.0,3.0,7.0,5+/day,At-Risk
Female,North,B.E.,Post-Graduate,Hindi,5G/Excellent,No,9,8,13.7,62.8,3.0,3,4.77,54.6,29.3,1.0,2.0,5.0,1.0,5.0,13.0,3.0,3.0,3.0,3.0,5+/day,Fail
Female,North,B.E.,12th Pass,Hindi,5G/Excellent,Yes,1,5,18.2,74.4,6.6,4,8.23,58.8,52.0,3.0,1.0,4.0,3.0,5.0,63.0,3.0,4.0,4.0,7.0,3-5/day,Fail
Female,South,B.E.,10th Pass,Regional,4G/Good,Yes,5,4,17.0,75.5,8.2,1,6.05,55.3,78.3,5.0,1.0,5.0,3.0,4.0,63.0,1.0,3.0,3.0,3.0,5+/day,At-Risk
Female,West,B.Tech,Graduate,Regional,3G/Moderate,Yes,4,7,20.2,88.5,5.1,2,6.53,35.9,64.1,4.0,4.0,4.0,2.0,5.0,63.0,3.0,4.0,1.0,5.0,3-5/day,Pass
Male,East,MCA,12th Pass,Hindi,3G/Moderate,No,5,8,13.6,95.1,7.6,0,4.56,62.2,37.5,4.0,4.0,3.0,1.0,3.0,63.0,3.0,4.0,3.0,3.0,5+/day,At-Risk
Male,West,B.E.,Below 10th,Regional,5G/Excellent,Yes,6,6,17.1,100.0,4.9,1,6.43,88.5,38.1,3.0,3.0,1.0,1.0,1.0,88.0,4.0,3.0,3.0,5.0,1-3/day,Pass
Female,South,B.Com,Graduate,Regional,3G/Moderate,No,1,5,19.1,59.6,5.1,5,5.32,55.3,41.3,4.0,2.0,4.0,3.0,2.0,63.0,1.0,4.0,4.0,3.0,5+/day,Fail
Female,East,B.Tech,Graduate,Regional,5G/Excellent,Yes,8,7,21.0,69.7,6.6,2,4.95,42.7,29.9,3.0,1.0,3.0,1.0,2.0,88.0,1.0,4.0,3.0,3.0,5+/day,Fail
Other,North,BCA,10th Pass,Regional,4G/Good,No,3,6,19.5,77.9,5.6,4,5.65,25.4,43.2,3.0,3.0,3.0,1.0,1.0,63.0,3.0,4.0,4.0,7.0,3-5/day,At-Risk
Male,South,B.Com,Post-Graduate,Hindi,5G/Excellent,Yes,7,4,6.5,88.7,8.6,1,5.91,62.9,61.7,5.0,1.0,5.0,4.0,2.0,38.0,4.0,3.0,3.0,3.0,5+/day,Pass
Male,West,BCA,10th Pass,Hindi,4G/Good,No,7,8,9.2,91.2,6.5,1,4.35,54.8,61.1,4.0,2.0,4.0,1.0,4.0,88.0,2.0,4.0,3.0,5.0,5+/day,Fail
Female,West,M.Tech,12th Pass,English,4G/Good,No,9,7,22.4,67.9,8.6,1,6.79,66.4,57.6,3.0,4.0,3.0,5.0,5.0,63.0,3.0,2.0,3.0,3.0,3-5/day,At-Risk
Male,Central,MCA,Below 10th,English,4G/Good,No,7,7,16.2,86.5,7.5,3,5.37,66.7,41.3,4.0,3.0,4.0,4.0,2.0,38.0,2.0,3.0,4.0,5.0,Never,Pass
Female,South,B.E.,12th Pass,English,5G/Excellent,No,8,8,14.9,51.3,5.1,3,5.86,60.9,47.6,5.0,4.0,2.0,3.0,3.0,88.0,3.0,1.0,3.0,3.0,5+/day,Fail
Female,East,BCA,10th Pass,English,5G/Excellent,No,4,7,16.2,85.5,6.8,4,6.18,51.8,45.5,4.0,4.0,5.0,2.0,5.0,63.0,3.0,3.0,4.0,7.0,5+/day,At-Risk
Male,South,B.Tech,10th Pass,English,4G/Good,Yes,10,7,16.2,81.7,5.3,2,3.55,18.7,7.4,4.0,2.0,2.0,2.0,4.0,38.0,2.0,3.0,2.0,7.0,5+/day,Fail
Female,South,B.E.,Graduate,English,4G/Good,No,4,4,5.6,80.8,8.2,1,5.74,58.5,46.4,4.0,1.0,3.0,3.0,5.0,38.0,2.0,2.0,3.0,1.0,3-5/day,At-Risk
Female,Northeast,B.Tech,Below 10th,Regional,5G/Excellent,No,10,5,30.1,77.3,8.7,0,5.84,41.0,57.2,4.0,2.0,4.0,1.0,2.0,88.0,4.0,3.0,3.0,7.0,1-3/day,Fail
Male,West,BCA,Graduate,Regional,5G/Excellent,No,8,6,17.2,80.9,3.9,0,6.27,65.1,63.9,4.0,2.0,5.0,3.0,1.0,88.0,3.0,3.0,4.0,5.0,1-3/day,At-Risk
Female,Central,B.E.,12th Pass,English,4G/Good,Yes,4,8,18.1,85.9,7.3,0,7.4,85.6,91.5,4.0,3.0,5.0,2.0,4.0,38.0,3.0,3.0,3.0,5.0,5+/day,Pass
Male,North,B.E.,Post-Graduate,English,No Access,Yes,4,6,18.6,100.0,8.3,3,7.29,86.8,64.7,4.0,2.0,4.0,1.0,4.0,88.0,2.0,4.0,3.0,5.0,5+/day,Pass
Female,Northeast,B.Tech,12th Pass,Regional,2G/Slow,Yes,10,8,24.7,66.6,7.8,4,5.63,32.7,63.8,4.0,1.0,4.0,2.0,4.0,38.0,3.0,4.0,3.0,1.0,5+/day,Fail
Male,North,B.Com,Below 10th,Regional,5G/Excellent,Yes,3,8,22.8,78.7,6.3,1,8.32,86.6,63.8,2.0,1.0,5.0,2.0,4.0,38.0,4.0,4.0,4.0,3.0,3-5/day,Pass
Female,Central,B.Tech,Below 10th,Regional,2G/Slow,No,3,7,17.5,88.5,10.6,4,5.26,58.2,50.3,3.0,4.0,4.0,3.0,5.0,38.0,2.0,2.0,3.0,7.0,5+/day,At-Risk
Male,South,B.Tech,Graduate,Regional,3G/Moderate,Yes,4,4,11.9,81.3,6.9,3,6.3,60.9,63.2,1.0,3.0,4.0,3.0,4.0,38.0,2.0,3.0,3.0,3.0,1-3/day,Pass
Male,South,B.Tech,Graduate,Regional,3G/Moderate,Yes,2,8,26.7,83.5,4.3,1,7.91,66.7,72.2,5.0,3.0,4.0,2.0,2.0,63.0,3.0,3.0,1.0,3.0,5+/day,Pass
Female,East,B.Com,10th Pass,English,4G/Good,No,3,6,18.4,75.0,7.5,1,5.78,36.5,78.2,2.0,2.0,3.0,2.0,3.0,63.0,3.0,3.0,2.0,7.0,5+/day,Pass
Male,Central,B.Com,12th Pass,English,4G/Good,No,2,5,22.2,91.9,8.1,5,8.08,69.1,73.8,4.0,2.0,4.0,3.0,2.0,63.0,1.0,4.0,4.0,3.0,5+/day,Pass
Male,North,BCA,12th Pass,Regional,3G/Moderate,No,6,6,10.4,55.9,7.4,4,3.93,51.0,75.2,3.0,2.0,5.0,3.0,3.0,38.0,3.0,3.0,3.0,3.0,3-5/day,Fail
Female,South,M.Tech,Post-Graduate,English,3G/Moderate,Yes,3,4,22.5,70.1,6.8,0,7.79,74.3,61.3,4.0,2.0,2.0,2.0,4.0,38.0,2.0,3.0,2.0,7.0,5+/day,At-Risk
Female,Northeast,B.Tech,Post-Graduate,Regional,4G/Good,Yes,2,5,8.0,100.0,4.4,0,4.5,41.1,5.1,5.0,1.0,5.0,3.0,4.0,63.0,1.0,3.0,3.0,3.0,5+/day,Fail
Female,South,B.Com,Post-Graduate,Hindi,5G/Excellent,No,9,7,15.2,67.3,4.0,5,5.23,57.4,76.7,3.0,2.0,3.0,4.0,1.0,13.0,4.0,3.0,2.0,5.0,3-5/day,At-Risk
Female,North,B.Tech,Graduate,Regional,2G/Slow,Yes,8,6,18.9,71.5,5.0,2,4.95,69.4,43.5,4.0,2.0,3.0,2.0,5.0,88.0,2.0,3.0,3.0,7.0,3-5/day,Fail
Male,South,B.Tech,Post-Graduate,English,2G/Slow,Yes,5,6,30.2,72.5,3.0,2,6.7,74.5,66.4,3.0,2.0,5.0,1.0,4.0,63.0,1.0,3.0,2.0,3.0,1-3/day,Fail
Male,South,B.Tech,10th Pass,Hindi,4G/Good,Yes,9,8,22.6,75.5,8.8,4,6.64,59.7,85.1,4.0,2.0,4.0,4.0,1.0,63.0,3.0,3.0,3.0,3.0,1-3/day,Pass
Male,Central,BCA,Graduate,Hindi,5G/Excellent,No,5,8,28.1,81.8,6.6,5,6.53,56.1,48.2,3.0,4.0,4.0,2.0,4.0,13.0,2.0,3.0,4.0,7.0,5+/day,Pass
Female,West,MCA,Graduate,Regional,4G/Good,Yes,5,5,21.2,94.9,6.0,1,5.65,52.3,54.5,2.0,1.0,4.0,4.0,4.0,38.0,3.0,3.0,2.0,5.0,5+/day,Pass
Female,East,B.E.,Post-Graduate,English,4G/Good,No,4,7,10.2,87.7,4.3,3,6.26,48.0,61.3,1.0,4.0,3.0,2.0,4.0,13.0,2.0,3.0,2.0,7.0,1-3/day,Pass
Female,Central,B.Com,12th Pass,Regional,5G/Excellent,No,3,8,10.3,79.2,4.6,3,5.15,61.1,57.6,5.0,2.0,5.0,5.0,5.0,88.0,4.0,3.0,3.0,3.0,5+/day,Fail
Female,South,B.E.,Below 10th,Regional,3G/Moderate,No,10,6,23.3,100.0,6.5,2,5.5,61.0,94.8,4.0,4.0,5.0,2.0,5.0,63.0,3.0,3.0,4.0,7.0,5+/day,At-Risk
Male,North,B.Tech,12th Pass,Hindi,2G/Slow,Yes,9,5,11.0,77.0,6.1,2,4.95,40.2,51.8,4.0,1.0,5.0,2.0,5.0,38.0,4.0,4.0,2.0,3.0,1-3/day,Fail
Male,South,B.E.,Graduate,Regional,4G/Good,Yes,4,8,7.2,82.7,6.7,3,6.79,73.4,54.5,2.0,4.0,5.0,4.0,5.0,13.0,3.0,2.0,3.0,1.0,5+/day,Pass
Male,South,BCA,10th Pass,Hindi,5G/Excellent,No,7,8,11.2,83.4,4.5,5,4.26,55.1,61.3,5.0,2.0,4.0,3.0,4.0,63.0,4.0,3.0,3.0,5.0,5+/day,Fail
Female,North,MCA,10th Pass,English,4G/Good,Yes,5,4,19.9,92.2,7.1,0,7.54,77.6,47.1,2.0,1.0,2.0,2.0,5.0,63.0,4.0,4.0,3.0,1.0,3-5/day,Pass
Male,Central,B.E.,12th Pass,English,5G/Excellent,No,7,5,12.4,68.2,8.4,4,5.72,61.2,83.7,2.0,2.0,3.0,4.0,4.0,88.0,4.0,3.0,4.0,1.0,5+/day,Fail
Female,West,BCA,10th Pass,Regional,4G/Good,No,8,5,26.8,69.7,6.1,2,6.01,37.5,56.7,5.0,3.0,4.0,2.0,5.0,13.0,1.0,4.0,1.0,7.0,5+/day,Fail
Male,South,B.Tech,10th Pass,Hindi,4G/Good,Yes,8,7,21.0,93.3,7.7,2,6.07,71.4,46.3,5.0,2.0,5.0,2.0,3.0,88.0,3.0,2.0,3.0,7.0,3-5/day,At-Risk
Male,East,BCA,Below 10th,English,2G/Slow,No,10,8,19.3,100.0,6.2,3,4.4,22.7,44.6,3.0,4.0,5.0,3.0,1.0,38.0,1.0,3.0,3.0,5.0,5+/day,Pass
Male,West,B.Com,Post-Graduate,Hindi,2G/Slow,No,6,5,20.7,77.6,5.9,0,5.95,45.7,23.6,4.0,2.0,2.0,3.0,5.0,0.0,2.0,2.0,3.0,3.0,5+/day,At-Risk
Female,Central,B.Tech,Graduate,English,4G/Good,No,5,7,22.2,66.9,7.1,3,6.07,67.6,31.5,4.0,2.0,4.0,1.0,4.0,0.0,3.0,3.0,3.0,5.0,5+/day,Fail
Female,Central,M.Tech,Below 10th,English,3G/Moderate,No,2,8,22.3,67.7,5.8,2,5.35,60.6,46.9,4.0,3.0,5.0,1.0,2.0,38.0,3.0,3.0,3.0,7.0,5+/day,Fail
Male,East,BCA,Graduate,Hindi,No Access,No,8,6,12.3,94.4,5.6,5,3.48,37.3,50.2,3.0,3.0,3.0,2.0,4.0,88.0,3.0,3.0,3.0,3.0,5+/day,At-Risk
Male,West,B.Tech,Graduate,English,5G/Excellent,No,5,4,26.8,61.8,8.1,3,6.4,52.7,38.2,3.0,5.0,4.0,3.0,5.0,88.0,4.0,3.0,3.0,5.0,3-5/day,Fail
Female,East,B.Com,Below 10th,English,5G/Excellent,No,8,7,22.4,82.8,3.8,4,5.51,66.4,46.0,4.0,2.0,5.0,3.0,3.0,63.0,4.0,3.0,3.0,1.0,1-3/day,At-Risk
Male,East,B.E.,10th Pass,Hindi,3G/Moderate,No,6,4,15.2,79.9,6.6,2,3.89,52.1,51.6,1.0,2.0,5.0,1.0,5.0,13.0,3.0,3.0,3.0,3.0,5+/day,At-Risk
Female,North,B.Tech,12th Pass,Hindi,4G/Good,Yes,8,6,23.4,73.9,4.9,2,7.19,62.3,71.6,3.0,3.0,3.0,1.0,1.0,63.0,3.0,4.0,4.0,7.0,3-5/day,At-Risk
Female,North,B.Tech,12th Pass,English,No Access,Yes,1,5,8.7,71.7,9.2,2,7.07,35.9,54.0,4.0,2.0,4.0,3.0,2.0,63.0,1.0,4.0,4.0,3.0,5+/day,Fail
Male,East,B.Tech,Graduate,English,3G/Moderate,Yes,9,8,24.0,90.4,7.9,2,6.41,50.7,68.2,4.0,2.0,4.0,2.0,3.0,63.0,3.0,4.0,2.0,7.0,5+/day,At-Risk
Male,South,MCA,12th Pass,English,4G/Good,Yes,9,5,20.0,91.3,8.4,2,7.09,64.1,59.6,4.0,1.0,4.0,4.0,4.0,38.0,3.0,4.0,4.0,1.0,5+/day,Pass
Other,North,BCA,10th Pass,English,4G/Good,Yes,3,4,3.0,96.0,6.8,1,5.57,74.7,54.6,4.0,4.0,2.0,4.0,4.0,13.0,1.0,1.0,1.0,3.0,5+/day,Pass
Male,West,B.Com,Post-Graduate,English,No Access,No,5,5,32.0,87.8,7.4,1,6.09,69.7,51.0,4.0,2.0,4.0,4.0,1.0,63.0,3.0,3.0,3.0,3.0,1-3/day,Pass
Male,North,B.Tech,10th Pass,English,3G/Moderate,Yes,7,5,8.9,82.1,6.8,3,6.26,50.7,66.7,4.0,5.0,4.0,3.0,5.0,88.0,3.0,3.0,4.0,7.0,5+/day,At-Risk
Female,East,B.Tech,Graduate,English,3G/Moderate,No,8,7,22.0,84.0,5.7,5,7.21,74.1,64.9,2.0,2.0,5.0,3.0,5.0,38.0,4.0,2.0,3.0,3.0,5+/day,Pass
Female,East,B.Tech,Below 10th,Regional,5G/Excellent,No,7,7,27.9,93.9,9.2,1,6.03,65.9,48.5,3.0,3.0,4.0,2.0,5.0,88.0,2.0,3.0,3.0,7.0,5+/day,At-Risk
Other,Central,B.E.,10th Pass,English,4G/Good,No,3,6,0.0,61.5,7.6,2,5.3,47.0,55.8,4.0,1.0,5.0,5.0,2.0,88.0,2.0,4.0,3.0,1.0,5+/day,Fail
Female,East,B.Com,12th Pass,English,4G/Good,No,7,7,19.6,87.3,5.3,2,3.85,59.0,61.0,3.0,5.0,3.0,2.0,3.0,88.0,2.0,3.0,2.0,3.0,1-3/day,Pass
Male,North,BCA,10th Pass,English,2G/Slow,Yes,1,7,24.2,75.1,4.2,2,5.85,43.6,14.7,4.0,2.0,2.0,4.0,3.0,13.0,3.0,2.0,3.0,3.0,5+/day,Pass
Male,East,B.Tech,12th Pass,English,4G/Good,No,5,7,25.8,86.5,5.0,1,7.14,69.0,66.3,5.0,4.0,3.0,5.0,5.0,88.0,4.0,4.0,4.0,5.0,5+/day,Pass
Female,Northeast,M.Tech,10th Pass,Regional,4G/Good,No,9,7,26.5,69.6,6.6,1,6.03,48.8,40.8,3.0,2.0,5.0,1.0,4.0,63.0,1.0,3.0,2.0,3.0,1-3/day,Fail
Female,Central,MCA,12th Pass,English,5G/Excellent,No,2,6,24.5,92.2,5.5,5,6.85,49.8,43.0,5.0,2.0,4.0,3.0,4.0,63.0,4.0,3.0,3.0,5.0,5+/day,At-Risk
Male,South,B.Tech,Graduate,English,3G/Moderate,Yes,3,7,15.6,89.1,7.9,0,6.97,47.6,34.3,5.0,2.0,4.0,1.0,4.0,63.0,4.0,1.0,4.0,1.0,3-5/day,At-Risk
Female,South,MCA,Below 10th,English,5G/Excellent,No,9,7,21.2,73.5,6.9,2,5.46,53.9,56.6,4.0,1.0,5.0,2.0,4.0,63.0,3.0,3.0,3.0,3.0,3-5/day,Fail
Male,Central,B.Tech,Graduate,Hindi,4G/Good,No,3,4,32.1,76.4,6.1,5,7.35,70.1,70.3,5.0,4.0,4.0,4.0,4.0,38.0,3.0,1.0,3.0,7.0,5+/day,Pass
Male,North,B.Tech,10th Pass,English,3G/Moderate,No,8,7,26.8,75.3,6.5,5,5.37,63.8,68.3,2.0,2.0,4.0,2.0,3.0,13.0,4.0,4.0,2.0,3.0,5+/day,Pass
Male,East,B.Tech,10th Pass,Hindi,3G/Moderate,Yes,6,6,13.3,82.7,6.3,0,4.43,41.9,40.7,3.0,5.0,4.0,3.0,5.0,88.0,4.0,3.0,3.0,5.0,3-5/day,At-Risk
Male,South,B.E.,Graduate,English,4G/Good,No,7,6,25.5,100.0,6.1,5,6.48,60.7,82.2,3.0,3.0,3.0,1.0,3.0,13.0,4.0,3.0,3.0,3.0,5+/day,Pass
Male,North,B.E.,12th Pass,English,5G/Excellent,No,5,5,27.5,60.2,7.1,0,6.86,72.9,63.1,3.0,3.0,1.0,1.0,1.0,88.0,4.0,3.0,3.0,5.0,1-3/day,At-Risk
Male,South,B.Tech,12th Pass,Hindi,4G/Good,No,10,7,11.8,85.9,5.7,5,4.78,49.9,36.0,4.0,4.0,3.0,1.0,3.0,63.0,3.0,4.0,3.0,3.0,5+/day,At-Risk
Male,South,B.Tech,Below 10th,Hindi,4G/Good,No,7,8,17.9,87.2,4.7,5,6.38,51.3,60.5,4.0,3.0,4.0,2.0,3.0,88.0,1.0,3.0,4.0,5.0,5+/day,At-Risk
Female,West,MCA,Graduate,Hindi,3G/Moderate,Yes,10,5,16.0,75.6,7.6,0,6.24,50.4,33.7,5.0,4.0,2.0,3.0,3.0,88.0,3.0,1.0,3.0,3.0,5+/day,Pass
Female,Central,B.Com,12th Pass,English,2G/Slow,Yes,10,6,24.5,61.9,5.3,5,4.52,60.4,50.6,5.0,2.0,5.0,1.0,1.0,38.0,4.0,4.0,3.0,7.0,3-5/day,Fail
Female,South,MCA,Below 10th,Hindi,4G/Good,Yes,3,5,15.1,79.6,8.4,2,5.51,64.2,48.3,4.0,2.0,4.0,1.0,2.0,13.0,3.0,2.0,3.0,5.0,5+/day,Pass
Female,Northeast,B.Tech,10th Pass,English,4G/Good,Yes,5,8,13.6,67.4,6.3,1,4.16,51.1,68.3,5.0,2.0,5.0,2.0,4.0,88.0,1.0,3.0,4.0,5.0,5+/day,Fail
Male,North,B.Tech,Graduate,Hindi,4G/Good,Yes,6,4,25.6,88.7,5.8,2,6.77,76.7,46.4,5.0,2.0,5.0,2.0,4.0,88.0,1.0,3.0,4.0,5.0,5+/day,At-Risk
Male,East,B.Tech,12th Pass,Hindi,3G/Moderate,Yes,9,8,9.6,65.4,5.1,1,3.45,45.8,0.0,4.0,3.0,4.0,3.0,3.0,88.0,3.0,4.0,4.0,5.0,5+/day,Fail
Female,North,B.Tech,Below 10th,English,2G/Slow,Yes,4,5,19.3,81.4,6.0,5,6.61,93.9,49.4,4.0,3.0,4.0,2.0,3.0,88.0,1.0,2.0,3.0,5.0,5+/day,Pass
Male,Central,BCA,10th Pass,Hindi,4G/Good,No,8,7,12.9,72.8,7.0,2,4.46,27.2,41.9,3.0,3.0,4.0,3.0,2.0,38.0,1.0,2.0,4.0,7.0,5+/day,Fail
Female,West,BCA,10th Pass,Hindi,5G/Excellent,No,8,4,25.6,95.4,5.3,4,7.3,67.1,30.6,3.0,2.0,5.0,1.0,4.0,63.0,1.0,3.0,2.0,3.0,1-3/day,At-Risk
Male,West,BCA,12th Pass,English,4G/Good,Yes,10,8,13.7,100.0,7.6,4,4.79,41.5,30.1,4.0,2.0,4.0,3.0,2.0,63.0,1.0,4.0,4.0,3.0,5+/day,Pass
Female,Northeast,BCA,Graduate,Regional,3G/Moderate,Yes,6,7,18.3,77.7,4.8,2,4.72,47.4,55.9,3.0,1.0,4.0,5.0,2.0,88.0,3.0,3.0,4.0,3.0,5+/day,At-Risk
Male,West,B.Tech,12th Pass,Regional,3G/Moderate,No,8,8,1.3,69.4,7.9,2,3.98,29.5,42.2,5.0,1.0,4.0,1.0,3.0,38.0,3.0,2.0,3.0,7.0,5+/day,Fail
Female,Central,B.Tech,12th Pass,English,2G/Slow,No,5,6,18.0,100.0,6.7,2,5.1,32.9,76.3,5.0,5.0,5.0,4.0,5.0,88.0,4.0,4.0,4.0,3.0,5+/day,At-Risk
Female,West,BCA,Post-Graduate,Regional,4G/Good,Yes,1,7,16.8,80.4,5.8,4,6.59,56.8,51.9,2.0,2.0,3.0,3.0,4.0,38.0,3.0,3.0,3.0,3.0,5+/day,Pass
Other,Central,B.Tech,12th Pass,English,4G/Good,No,4,6,18.5,85.8,7.1,2,5.73,65.4,86.9,2.0,2.0,4.0,2.0,3.0,13.0,4.0,4.0,2.0,3.0,5+/day,Pass
Male,East,B.Tech,12th Pass,Hindi,5G/Excellent,Yes,6,4,27.1,80.5,8.9,3,7.58,66.2,58.7,1.0,1.0,4.0,2.0,4.0,88.0,2.0,4.0,3.0,7.0,5+/day,Pass
Female,North,B.E.,10th Pass,Regional,4G/Good,No,9,4,22.2,79.5,8.2,3,5.21,63.7,38.1,4.0,1.0,1.0,4.0,5.0,88.0,1.0,3.0,3.0,1.0,5+/day,At-Risk
Female,East,B.Tech,12th Pass,Hindi,3G/Moderate,No,4,4,20.8,76.1,7.0,3,5.85,49.7,40.8,5.0,4.0,3.0,2.0,4.0,88.0,1.0,3.0,3.0,3.0,5+/day,At-Risk
Female,North,B.Tech,12th Pass,English,4G/Good,Yes,6,4,12.8,59.3,7.9,2,4.91,39.6,25.5,3.0,2.0,3.0,2.0,4.0,63.0,4.0,3.0,3.0,5.0,5+/day,Fail
Female,East,MCA,10th Pass,Regional,4G/Good,No,10,6,33.0,100.0,5.9,5,5.18,48.5,67.2,4.0,3.0,4.0,1.0,4.0,13.0,1.0,2.0,2.0,1.0,3-5/day,Pass
Female,East,M.Tech,Post-Graduate,English,2G/Slow,Yes,5,6,5.1,84.4,5.6,0,4.78,51.3,32.0,4.0,3.0,4.0,4.0,4.0,38.0,1.0,2.0,2.0,1.0,5+/day,Pass
Male,West,B.Tech,Graduate,English,5G/Excellent,No,9,5,9.6,81.0,7.6,0,5.8,73.2,78.0,4.0,2.0,5.0,3.0,1.0,63.0,4.0,4.0,4.0,7.0,5+/day,At-Risk
Female,North,B.Tech,Graduate,English,5G/Excellent,No,10,5,12.6,93.1,6.9,1,6.74,71.2,70.2,4.0,1.0,4.0,2.0,4.0,38.0,3.0,4.0,3.0,1.0,5+/day,At-Risk
Female,North,BCA,12th Pass,Regional,4G/Good,No,6,6,19.3,75.3,6.1,5,5.07,62.3,56.3,4.0,2.0,4.0,3.0,4.0,38.0,3.0,3.0,4.0,5.0,3-5/day,At-Risk
Female,East,B.Tech,12th Pass,Regional,4G/Good,Yes,3,4,18.3,86.4,7.7,3,4.81,41.3,54.4,4.0,2.0,4.0,2.0,5.0,63.0,2.0,3.0,3.0,5.0,5+/day,At-Risk
Male,Central,B.E.,10th Pass,English,4G/Good,No,2,5,12.7,72.8,6.6,4,5.03,36.7,54.6,4.0,5.0,4.0,2.0,3.0,38.0,1.0,4.0,2.0,3.0,1-3/day,At-Risk
Male,South,B.Tech,10th Pass,Regional,4G/Good,No,3,7,19.2,77.9,8.4,3,5.57,42.9,40.4,4.0,1.0,3.0,3.0,5.0,38.0,2.0,2.0,3.0,1.0,3-5/day,At-Risk
Female,South,B.Tech,Graduate,English,No Access,No,6,6,26.1,89.0,3.3,3,6.24,60.5,64.4,5.0,1.0,5.0,2.0,2.0,38.0,3.0,1.0,3.0,5.0,5+/day,At-Risk
Female,West,MCA,12th Pass,Regional,2G/Slow,Yes,10,7,18.4,85.3,5.7,1,4.32,36.3,35.6,1.0,1.0,3.0,4.0,4.0,38.0,1.0,3.0,4.0,7.0,5+/day,At-Risk
Male,East,MCA,Graduate,Hindi,3G/Moderate,Yes,8,4,9.2,78.1,7.9,5,6.79,87.3,64.7,4.0,4.0,5.0,2.0,3.0,38.0,2.0,3.0,3.0,3.0,5+/day,Pass
Female,South,B.Tech,Below 10th,English,4G/Good,No,8,6,17.3,90.8,9.0,3,3.65,45.5,44.2,5.0,4.0,4.0,4.0,4.0,38.0,3.0,1.0,3.0,7.0,5+/day,At-Risk
Male,South,B.Tech,12th Pass,English,4G/Good,No,5,5,12.3,72.7,8.5,0,4.67,30.4,46.0,2.0,4.0,4.0,5.0,4.0,13.0,4.0,3.0,3.0,1.0,5+/day,At-Risk
Male,North,B.Tech,12th Pass,English,4G/Good,No,1,5,8.2,71.0,5.6,4,6.71,60.1,60.2,4.0,2.0,3.0,3.0,4.0,63.0,2.0,4.0,3.0,3.0,5+/day,Fail
Male,Central,B.Tech,12th Pass,English,4G/Good,No,1,7,18.3,76.6,8.4,0,6.93,63.5,59.9,4.0,2.0,5.0,3.0,1.0,38.0,1.0,3.0,3.0,3.0,3-5/day,Pass
Male,North,B.Com,Graduate,Regional,3G/Moderate,Yes,7,6,11.7,79.2,3.8,3,6.47,48.7,61.9,4.0,2.0,5.0,3.0,3.0,63.0,4.0,3.0,3.0,1.0,1-3/day,At-Risk
Female,South,BCA,Post-Graduate,English,4G/Good,No,2,4,15.7,78.0,5.1,2,6.69,70.8,69.0,3.0,4.0,2.0,4.0,4.0,88.0,1.0,4.0,3.0,1.0,5+/day,Pass
Male,North,B.E.,Below 10th,Regional,4G/Good,Yes,4,8,21.0,76.9,6.1,4,6.83,63.6,33.6,3.0,2.0,5.0,3.0,4.0,38.0,3.0,3.0,2.0,1.0,5+/day,Pass
Other,North,MCA,Below 10th,Hindi,4G/Good,No,10,8,20.2,92.8,7.2,4,5.53,62.8,47.9,2.0,4.0,5.0,4.0,5.0,13.0,3.0,2.0,3.0,1.0,5+/day,Pass
Other,West,MCA,Below 10th,Hindi,3G/Moderate,No,5,4,26.4,100.0,5.0,1,5.34,52.3,40.4,4.0,2.0,4.0,1.0,2.0,13.0,3.0,2.0,3.0,5.0,5+/day,At-Risk
Female,North,MCA,Graduate,English,5G/Excellent,No,8,5,6.0,80.4,6.3,1,5.01,38.1,66.9,3.0,3.0,3.0,1.0,3.0,13.0,4.0,3.0,3.0,3.0,5+/day,Pass
Female,North,B.Tech,10th Pass,Regional,4G/Good,Yes,10,8,16.6,89.1,8.5,4,4.29,49.7,54.1,4.0,1.0,3.0,2.0,3.0,88.0,3.0,3.0,3.0,7.0,3-5/day,Fail
Male,East,B.Tech,Graduate,Hindi,No Access,No,9,4,25.1,73.2,4.7,4,5.42,45.9,36.8,3.0,2.0,4.0,1.0,4.0,63.0,4.0,4.0,2.0,7.0,5+/day,Fail
Female,North,BCA,12th Pass,Regional,5G/Excellent,Yes,1,7,6.2,80.9,4.6,5,5.42,39.3,86.3,1.0,4.0,5.0,2.0,4.0,88.0,3.0,3.0,4.0,5.0,5+/day,Pass
Female,North,B.E.,12th Pass,Regional,4G/Good,Yes,9,5,16.8,87.6,5.3,0,6.2,57.6,40.3,4.0,3.0,4.0,4.0,2.0,38.0,2.0,3.0,4.0,5.0,Never,Pass
Male,Northeast,B.Com,Graduate,English,2G/Slow,Yes,5,4,19.4,71.9,10.1,3,6.81,88.9,51.0,2.0,3.0,4.0,3.0,4.0,88.0,2.0,3.0,4.0,5.0,5+/day,Fail
Female,West,BCA,12th Pass,English,2G/Slow,Yes,4,7,10.3,91.0,7.1,4,5.79,66.1,53.4,3.0,2.0,5.0,1.0,5.0,88.0,3.0,3.0,3.0,7.0,3-5/day,Fail
Female,Central,B.Com,12th Pass,Regional,3G/Moderate,No,10,6,13.3,73.3,5.2,5,5.19,60.1,26.8,4.0,3.0,5.0,2.0,4.0,38.0,3.0,3.0,3.0,5.0,5+/day,Fail
Female,Northeast,B.Tech,Below 10th,Regional,4G/Good,No,5,8,9.7,94.3,7.9,2,4.55,34.6,52.0,4.0,1.0,5.0,1.0,4.0,63.0,4.0,3.0,4.0,3.0,3-5/day,Fail
Female,West,M.Tech,12th Pass,Hindi,4G/Good,No,9,8,20.0,92.2,3.7,3,6.46,67.4,57.0,2.0,4.0,5.0,1.0,2.0,63.0,3.0,3.0,3.0,5.0,5+/day,Pass
Female,North,B.Tech,12th Pass,English,3G/Moderate,Yes,8,8,0.5,95.4,6.3,4,4.82,64.8,51.1,5.0,4.0,1.0,2.0,5.0,63.0,3.0,3.0,2.0,5.0,1-3/day,Pass
Male,West,B.Com,12th Pass,Hindi,4G/Good,Yes,10,4,12.6,94.3,6.7,5,6.92,81.7,44.6,5.0,3.0,4.0,3.0,1.0,38.0,2.0,4.0,2.0,5.0,5+/day,Pass
Female,Northeast,B.Tech,Post-Graduate,English,3G/Moderate,Yes,5,6,13.0,100.0,8.2,1,7.54,52.2,70.3,4.0,5.0,4.0,2.0,5.0,38.0,2.0,2.0,4.0,5.0,5+/day,Pass
Female,West,B.E.,Post-Graduate,English,2G/Slow,Yes,10,4,24.4,88.1,4.3,1,5.49,58.9,55.1,4.0,2.0,4.0,1.0,2.0,13.0,3.0,2.0,3.0,5.0,5+/day,Pass
Male,East,MCA,Graduate,Hindi,4G/Good,No,5,4,7.1,64.6,8.4,1,5.41,55.7,41.7,4.0,2.0,4.0,3.0,4.0,63.0,3.0,4.0,3.0,3.0,5+/day,Fail
Male,North,B.E.,10th Pass,English,3G/Moderate,Yes,1,6,27.1,83.5,8.0,2,5.46,78.4,38.0,5.0,2.0,5.0,5.0,5.0,88.0,4.0,3.0,3.0,3.0,5+/day,At-Risk
Male,Northeast,B.E.,Graduate,Hindi,4G/Good,No,9,7,23.2,76.5,8.5,0,5.45,50.3,48.0,4.0,4.0,4.0,2.0,5.0,63.0,3.0,4.0,1.0,5.0,3-5/day,At-Risk
Female,West,B.Com,10th Pass,Regional,5G/Excellent,Yes,3,5,25.3,65.6,4.7,3,5.84,53.5,44.0,5.0,4.0,1.0,3.0,5.0,63.0,1.0,3.0,3.0,1.0,3-5/day,At-Risk
Other,Central,B.E.,10th Pass,Regional,2G/Slow,Yes,1,8,15.0,97.3,9.1,0,6.31,70.1,53.8,3.0,3.0,3.0,1.0,3.0,13.0,4.0,3.0,3.0,3.0,5+/day,Pass
Male,North,BCA,10th Pass,Regional,No Access,Yes,5,6,15.1,78.3,3.7,0,5.84,62.7,71.4,5.0,4.0,5.0,2.0,4.0,38.0,3.0,3.0,3.0,5.0,5+/day,At-Risk
Female,North,B.Tech,Below 10th,Regional,2G/Slow,No,10,7,12.5,64.1,4.6,0,5.79,72.2,54.6,5.0,3.0,4.0,3.0,5.0,88.0,3.0,3.0,4.0,7.0,5+/day,Fail
Male,North,MCA,10th Pass,English,4G/Good,Yes,3,6,22.1,74.3,6.8,1,7.43,49.2,65.4,4.0,2.0,4.0,3.0,4.0,38.0,3.0,3.0,4.0,5.0,3-5/day,Fail
Female,West,BCA,12th Pass,Regional,4G/Good,No,6,5,15.5,100.0,5.9,3,5.86,63.5,45.1,3.0,1.0,4.0,1.0,5.0,88.0,4.0,3.0,4.0,1.0,3-5/day,Fail
Female,North,B.E.,Post-Graduate,Regional,4G/Good,No,7,6,12.3,98.4,4.5,1,5.32,62.4,73.7,2.0,1.0,5.0,2.0,4.0,38.0,4.0,4.0,4.0,3.0,3-5/day,At-Risk
Female,North,B.Tech,10th Pass,Regional,4G/Good,Yes,4,6,15.5,90.8,10.0,0,5.47,58.4,43.4,5.0,1.0,4.0,4.0,3.0,38.0,1.0,1.0,2.0,7.0,5+/day,Pass
Male,Central,BCA,Post-Graduate,Hindi,4G/Good,No,4,7,20.6,89.6,4.0,5,5.72,75.2,46.7,4.0,4.0,5.0,1.0,5.0,38.0,1.0,3.0,4.0,5.0,3-5/day,At-Risk
Male,North,B.Tech,10th Pass,English,3G/Moderate,Yes,2,8,9.2,71.2,3.9,5,5.45,44.9,59.3,4.0,3.0,4.0,3.0,4.0,38.0,1.0,4.0,4.0,5.0,3-5/day,Fail
Male,Northeast,B.Tech,10th Pass,English,4G/Good,Yes,2,8,11.3,70.3,7.0,4,6.94,59.4,46.8,1.0,2.0,2.0,3.0,4.0,13.0,3.0,2.0,2.0,5.0,5+/day,Pass
Male,South,BCA,12th Pass,English,4G/Good,No,7,7,27.4,88.7,6.4,2,4.23,45.2,48.2,5.0,3.0,4.0,3.0,1.0,38.0,2.0,4.0,2.0,5.0,5+/day,Pass
Female,Northeast,B.Tech,Graduate,Regional,3G/Moderate,No,5,7,11.7,100.0,4.3,5,5.27,64.7,42.8,3.0,1.0,4.0,4.0,5.0,63.0,3.0,4.0,3.0,3.0,5+/day,At-Risk
Female,East,B.Tech,Below 10th,Hindi,4G/Good,No,5,4,28.1,69.8,9.8,5,6.63,72.9,84.7,5.0,2.0,3.0,2.0,3.0,63.0,4.0,3.0,3.0,7.0,5+/day,Fail
Other,Central,BCA,10th Pass,Regional,4G/Good,Yes,2,4,14.3,80.8,6.7,5,7.27,58.9,50.7,5.0,2.0,5.0,5.0,5.0,88.0,4.0,3.0,3.0,3.0,5+/day,At-Risk
Other,Central,B.Tech,12th Pass,Hindi,3G/Moderate,Yes,7,5,8.5,84.8,5.6,2,4.53,44.3,39.9,4.0,2.0,4.0,1.0,2.0,13.0,3.0,2.0,3.0,5.0,5+/day,At-Risk
Female,North,B.Tech,10th Pass,Hindi,4G/Good,Yes,2,4,27.6,76.2,6.5,5,7.18,68.9,56.3,5.0,1.0,5.0,4.0,2.0,38.0,4.0,3.0,3.0,3.0,5+/day,Pass
Female,North,B.Tech,Graduate,English,5G/Excellent,No,5,4,30.2,79.9,4.1,0,7.59,75.0,67.9,3.0,4.0,4.0,1.0,3.0,88.0,1.0,3.0,4.0,3.0,1-3/day,Pass
Female,South,BCA,12th Pass,English,No Access,No,5,6,13.9,69.7,8.1,1,4.12,50.4,47.3,1.0,4.0,3.0,2.0,4.0,13.0,2.0,3.0,2.0,7.0,1-3/day,At-Risk
Female,West,BCA,10th Pass,English,3G/Moderate,No,3,6,25.6,85.7,6.9,3,6.46,37.7,44.9,5.0,5.0,5.0,4.0,5.0,88.0,4.0,4.0,4.0,3.0,5+/day,At-Risk
Male,Central,BCA,Graduate,Hindi,4G/Good,No,2,7,18.7,84.1,6.1,1,6.05,79.6,53.0,5.0,3.0,4.0,2.0,4.0,63.0,3.0,4.0,4.0,7.0,5+/day,At-Risk
Male,South,B.Tech,10th Pass,English,4G/Good,Yes,3,8,19.1,89.4,6.5,3,6.48,51.7,61.7,4.0,4.0,3.0,2.0,4.0,38.0,3.0,3.0,3.0,7.0,5+/day,Pass
Male,East,B.Tech,Graduate,Regional,3G/Moderate,Yes,5,5,20.2,79.6,5.2,4,7.63,59.2,78.9,1.0,5.0,4.0,3.0,4.0,38.0,3.0,3.0,4.0,7.0,5+/day,Pass
Female,North,B.Tech,Graduate,English,5G/Excellent,Yes,6,4,18.1,90.6,8.2,3,8.34,59.5,60.0,4.0,2.0,4.0,3.0,2.0,63.0,1.0,4.0,4.0,3.0,5+/day,Pass
Female,Northeast,B.E.,Post-Graduate,Regional,4G/Good,No,4,6,18.7,86.1,5.5,3,6.56,60.8,30.8,4.0,4.0,3.0,4.0,5.0,63.0,4.0,4.0,4.0,5.0,Never,At-Risk
Male,Central,B.Com,12th Pass,English,5G/Excellent,No,7,8,18.0,96.8,5.7,4,5.97,56.9,58.3,5.0,3.0,4.0,5.0,3.0,63.0,4.0,4.0,4.0,5.0,3-5/day,Pass
Female,South,B.Tech,12th Pass,Hindi,3G/Moderate,Yes,2,4,14.0,78.8,6.8,2,6.95,58.0,50.5,5.0,2.0,2.0,3.0,3.0,63.0,4.0,3.0,3.0,5.0,3-5/day,Pass
Female,East,B.Tech,10th Pass,English,5G/Excellent,Yes,6,8,13.0,93.3,3.5,3,6.61,59.3,71.7,4.0,2.0,2.0,1.0,4.0,88.0,3.0,3.0,2.0,5.0,5+/day,At-Risk
Male,North,B.Tech,Graduate,Regional,4G/Good,No,9,6,10.0,79.3,7.3,4,6.5,39.8,43.1,5.0,3.0,5.0,1.0,4.0,88.0,3.0,4.0,4.0,5.0,5+/day,Fail
Male,East,BCA,12th Pass,English,3G/Moderate,No,10,7,4.8,89.7,6.5,3,2.52,10.5,23.9,5.0,2.0,5.0,5.0,5.0,88.0,4.0,3.0,3.0,3.0,5+/day,Fail
Female,East,BCA,12th Pass,Hindi,5G/Excellent,No,5,4,17.4,97.9,7.3,1,5.28,58.7,65.4,4.0,3.0,4.0,4.0,4.0,38.0,1.0,2.0,2.0,1.0,5+/day,Pass
Female,North,BCA,Graduate,Regional,2G/Slow,Yes,4,4,12.1,96.1,6.1,4,5.77,55.3,27.1,5.0,2.0,5.0,1.0,1.0,38.0,4.0,4.0,3.0,7.0,3-5/day,At-Risk
Female,South,M.Tech,Below 10th,English,5G/Excellent,No,9,5,6.5,79.6,5.2,0,4.64,60.1,37.4,3.0,2.0,3.0,4.0,1.0,13.0,4.0,3.0,2.0,5.0,3-5/day,Pass
Female,South,B.E.,Graduate,English,4G/Good,No,6,4,12.2,75.7,6.7,5,4.89,50.5,55.8,2.0,2.0,1.0,4.0,5.0,88.0,4.0,3.0,2.0,7.0,3-5/day,At-Risk
Female,East,B.Tech,Graduate,Regional,5G/Excellent,Yes,4,6,14.3,93.7,8.0,3,7.2,59.0,25.8,4.0,1.0,3.0,2.0,4.0,38.0,4.0,3.0,3.0,3.0,5+/day,At-Risk
Female,East,B.Tech,12th Pass,Hindi,4G/Good,No,1,8,14.2,76.6,5.7,3,5.27,68.9,29.0,2.0,2.0,4.0,4.0,5.0,38.0,4.0,3.0,3.0,7.0,5+/day,At-Risk
Female,North,BCA,12th Pass,English,4G/Good,Yes,9,8,27.7,93.9,7.7,1,4.65,41.9,44.3,4.0,2.0,3.0,2.0,5.0,88.0,2.0,3.0,3.0,7.0,3-5/day,Fail
Female,West,BCA,10th Pass,Hindi,No Access,Yes,10,7,13.8,67.7,6.1,1,3.31,53.9,32.5,4.0,2.0,5.0,1.0,4.0,63.0,3.0,3.0,3.0,7.0,5+/day,Fail
Male,West,B.E.,Post-Graduate,English,4G/Good,No,3,7,28.1,87.7,5.8,0,8.15,91.7,54.5,5.0,4.0,1.0,3.0,5.0,63.0,1.0,3.0,3.0,1.0,3-5/day,Pass
Male,South,BCA,Below 10th,English,4G/Good,No,6,6,12.7,77.6,7.8,4,5.11,46.0,43.0,3.0,2.0,5.0,1.0,5.0,88.0,3.0,3.0,3.0,7.0,3-5/day,Fail
Male,North,BCA,12th Pass,English,4G/Good,No,1,8,21.4,62.0,7.0,5,5.09,60.0,69.3,5.0,4.0,4.0,1.0,4.0,63.0,4.0,3.0,2.0,1.0,5+/day,Fail
Female,West,M.Tech,Graduate,Regional,3G/Moderate,Yes,6,7,11.0,72.7,4.4,0,5.97,65.3,70.1,5.0,1.0,5.0,2.0,2.0,38.0,3.0,1.0,3.0,5.0,5+/day,Fail
Female,Central,BCA,Post-Graduate,Hindi,4G/Good,No,3,7,30.0,77.4,6.2,0,8.38,74.0,64.6,5.0,2.0,2.0,3.0,3.0,63.0,4.0,3.0,3.0,5.0,3-5/day,Pass
Female,North,MCA,Graduate,Hindi,4G/Good,Yes,3,5,26.6,100.0,4.8,2,8.09,79.0,54.8,3.0,4.0,5.0,4.0,5.0,63.0,1.0,3.0,3.0,3.0,5+/day,Pass
Male,South,B.Tech,12th Pass,Regional,2G/Slow,Yes,7,5,23.2,46.1,7.3,5,6.31,51.8,90.3,3.0,4.0,5.0,3.0,4.0,63.0,2.0,4.0,3.0,3.0,3-5/day,Fail
Male,North,BCA,Below 10th,English,4G/Good,Yes,9,6,31.8,78.0,5.1,0,6.42,68.8,71.7,4.0,4.0,5.0,2.0,3.0,38.0,2.0,3.0,3.0,3.0,5+/day,Pass
Male,East,B.Com,10th Pass,Hindi,5G/Excellent,No,6,6,24.1,77.8,6.7,3,6.8,59.9,89.2,1.0,3.0,4.0,3.0,4.0,38.0,2.0,3.0,3.0,3.0,1-3/day,Pass
Male,North,B.E.,Below 10th,Regional,3G/Moderate,Yes,1,6,21.1,70.4,7.3,0,5.74,50.3,24.7,5.0,2.0,5.0,5.0,3.0,63.0,3.0,2.0,4.0,7.0,5+/day,Fail
Female,South,MCA,Graduate,English,4G/Good,No,9,6,8.5,77.3,7.3,5,4.82,32.2,32.5,3.0,4.0,5.0,4.0,5.0,88.0,2.0,4.0,3.0,5.0,5+/day,At-Risk
Male,West,BCA,Graduate,English,5G/Excellent,Yes,5,8,1.5,80.2,5.7,1,5.03,61.8,49.0,3.0,1.0,4.0,1.0,4.0,63.0,3.0,3.0,4.0,5.0,5+/day,Fail
Male,East,B.Tech,Graduate,Regional,No Access,No,2,4,8.9,74.0,6.6,1,4.89,38.5,50.8,4.0,1.0,3.0,2.0,4.0,38.0,4.0,3.0,3.0,3.0,5+/day,Fail
Female,South,BCA,Graduate,Regional,4G/Good,No,3,6,6.2,86.3,5.5,5,4.81,46.8,54.5,5.0,3.0,4.0,3.0,5.0,88.0,3.0,3.0,4.0,7.0,5+/day,Fail
Male,South,B.Tech,12th Pass,English,4G/Good,No,5,5,12.4,100.0,5.9,3,4.75,49.0,42.1,4.0,2.0,2.0,2.0,4.0,38.0,2.0,3.0,2.0,7.0,5+/day,At-Risk
Male,East,B.Com,Below 10th,English,4G/Good,No,2,4,25.7,81.4,5.1,2,6.43,75.2,68.7,2.0,1.0,2.0,2.0,5.0,63.0,4.0,4.0,3.0,1.0,3-5/day,At-Risk
Female,North,MCA,10th Pass,English,4G/Good,Yes,3,4,10.5,73.8,6.6,0,5.38,46.7,45.9,3.0,2.0,1.0,3.0,4.0,0.0,2.0,3.0,2.0,3.0,5+/day,Pass
Male,North,B.Tech,Below 10th,English,4G/Good,No,8,8,14.8,80.7,7.2,4,4.64,33.2,63.4,4.0,3.0,4.0,1.0,4.0,13.0,1.0,2.0,2.0,1.0,3-5/day,Pass
Female,Central,B.Tech,Graduate,English,2G/Slow,No,6,7,18.4,77.8,5.2,1,6.26,50.0,65.0,5.0,2.0,5.0,5.0,3.0,63.0,3.0,2.0,4.0,7.0,5+/day,At-Risk
Female,North,BCA,10th Pass,Hindi,4G/Good,Yes,2,4,18.6,95.2,5.2,3,6.93,74.9,43.4,4.0,2.0,5.0,3.0,1.0,88.0,3.0,3.0,4.0,5.0,1-3/day,Pass
Female,West,B.Tech,Graduate,Regional,4G/Good,No,2,8,13.8,76.4,8.9,4,6.3,74.8,51.7,5.0,4.0,2.0,3.0,3.0,88.0,3.0,1.0,3.0,3.0,5+/day,Pass
Male,Central,B.Tech,Graduate,English,2G/Slow,Yes,1,8,26.3,87.8,5.2,5,8.11,85.6,66.0,5.0,1.0,5.0,1.0,5.0,38.0,1.0,3.0,2.0,3.0,5+/day,Pass
Female,South,B.E.,12th Pass,Regional,No Access,Yes,7,8,18.2,85.5,7.6,0,5.03,49.7,34.0,4.0,1.0,4.0,4.0,4.0,38.0,3.0,4.0,4.0,1.0,5+/day,At-Risk
Male,South,B.E.,Below 10th,English,5G/Excellent,No,6,6,19.2,83.3,8.0,0,6.46,41.3,45.9,1.0,4.0,2.0,3.0,4.0,63.0,2.0,3.0,4.0,7.0,5+/day,Pass
Male,East,B.Tech,10th Pass,English,4G/Good,No,6,7,35.3,68.4,6.9,0,6.92,46.8,55.2,3.0,1.0,4.0,3.0,5.0,63.0,3.0,4.0,4.0,7.0,3-5/day,Fail
Male,Central,MCA,10th Pass,Hindi,4G/Good,Yes,5,6,30.2,74.6,7.0,4,6.54,63.7,80.6,4.0,3.0,4.0,3.0,5.0,88.0,4.0,4.0,2.0,7.0,5+/day,Fail
Other,Central,B.Com,Graduate,English,5G/Excellent,No,3,5,18.1,79.7,6.6,0,6.7,58.2,68.4,4.0,3.0,4.0,4.0,2.0,38.0,2.0,3.0,4.0,5.0,Never,Pass
Male,West,MCA,Below 10th,English,4G/Good,No,8,7,21.8,67.7,4.5,2,4.86,51.3,53.2,5.0,1.0,3.0,5.0,5.0,38.0,4.0,3.0,3.0,1.0,5+/day,Fail
Male,North,MCA,Graduate,Regional,5G/Excellent,No,3,6,11.5,70.2,8.1,4,6.62,56.7,38.2,4.0,3.0,3.0,1.0,5.0,63.0,2.0,2.0,1.0,3.0,3-5/day,Fail
Female,West,B.Tech,Graduate,English,5G/Excellent,No,5,7,3.4,76.2,5.8,1,5.24,40.0,59.7,4.0,2.0,3.0,3.0,4.0,88.0,3.0,4.0,4.0,1.0,5+/day,At-Risk
Male,South,B.Tech,10th Pass,Hindi,4G/Good,Yes,8,5,22.8,86.1,7.7,5,6.42,73.5,43.2,4.0,1.0,3.0,3.0,5.0,38.0,2.0,2.0,3.0,1.0,3-5/day,Pass
Male,East,B.Tech,Graduate,English,4G/Good,No,3,6,10.6,98.9,6.5,2,6.76,49.9,60.9,2.0,3.0,2.0,2.0,5.0,63.0,3.0,3.0,4.0,3.0,5+/day,Pass
Male,North,MCA,Graduate,English,4G/Good,Yes,5,7,22.0,85.2,7.2,3,7.53,77.7,92.1,5.0,4.0,3.0,1.0,4.0,13.0,3.0,3.0,3.0,7.0,5+/day,Pass
Male,North,B.Com,Graduate,Hindi,5G/Excellent,No,6,5,33.0,83.5,6.9,0,6.7,73.7,77.7,3.0,3.0,4.0,1.0,4.0,88.0,2.0,4.0,3.0,1.0,3-5/day,Pass
Male,West,BCA,10th Pass,Regional,4G/Good,Yes,1,8,4.9,82.8,5.8,3,5.94,49.4,70.2,2.0,3.0,3.0,3.0,5.0,13.0,3.0,4.0,4.0,7.0,5+/day,Pass
Male,South,M.Tech,10th Pass,English,3G/Moderate,No,2,7,2.0,77.9,7.7,1,5.2,61.6,40.0,4.0,1.0,3.0,2.0,3.0,88.0,3.0,3.0,3.0,7.0,3-5/day,Fail
Female,South,BCA,10th Pass,Hindi,3G/Moderate,Yes,7,5,11.6,80.9,4.5,3,4.77,57.3,40.0,3.0,4.0,5.0,4.0,5.0,88.0,2.0,4.0,3.0,5.0,5+/day,At-Risk
Male,South,B.E.,10th Pass,Regional,3G/Moderate,No,9,8,23.7,88.8,8.3,1,6.37,52.1,58.4,3.0,1.0,4.0,1.0,4.0,63.0,3.0,3.0,4.0,5.0,5+/day,Fail
Male,Northeast,B.E.,Graduate,Regional,5G/Excellent,Yes,10,5,26.8,93.4,8.2,3,5.22,47.8,53.1,4.0,4.0,2.0,4.0,4.0,13.0,1.0,1.0,1.0,3.0,5+/day,Pass
Female,West,B.Tech,Graduate,English,5G/Excellent,No,4,4,23.7,52.7,6.1,1,7.09,96.4,66.3,5.0,4.0,1.0,3.0,5.0,63.0,1.0,3.0,3.0,1.0,3-5/day,Fail
Male,South,B.Tech,Post-Graduate,Hindi,4G/Good,Yes,5,5,20.0,90.7,6.9,4,6.72,83.9,42.9,4.0,2.0,4.0,1.0,4.0,0.0,3.0,3.0,3.0,5.0,5+/day,Pass
Female,North,BCA,Below 10th,Hindi,4G/Good,No,4,6,18.1,78.5,6.1,4,4.59,35.1,60.3,5.0,2.0,5.0,2.0,4.0,88.0,1.0,3.0,4.0,5.0,5+/day,Fail
Male,South,B.E.,Below 10th,Hindi,5G/Excellent,Yes,3,6,18.9,87.9,5.3,5,6.32,37.8,65.6,5.0,1.0,3.0,5.0,5.0,38.0,4.0,3.0,3.0,1.0,5+/day,Pass
Male,Central,BCA,Graduate,Hindi,3G/Moderate,No,10,6,26.3,86.3,6.4,5,6.87,66.6,67.5,5.0,5.0,5.0,5.0,5.0,63.0,2.0,2.0,3.0,3.0,3-5/day,Pass
Male,East,BCA,10th Pass,English,2G/Slow,No,2,6,13.5,80.4,6.9,3,5.47,45.4,28.8,5.0,3.0,3.0,2.0,3.0,13.0,3.0,4.0,4.0,1.0,5+/day,Pass
Male,East,B.Tech,10th Pass,Hindi,4G/Good,No,3,4,18.3,88.3,8.5,2,7.13,75.2,56.3,3.0,2.0,4.0,2.0,2.0,13.0,3.0,3.0,3.0,1.0,5+/day,Pass
Male,East,B.E.,12th Pass,Hindi,5G/Excellent,No,2,4,9.9,85.4,6.2,2,5.04,41.5,24.6,5.0,4.0,1.0,1.0,4.0,38.0,3.0,3.0,3.0,1.0,5+/day,Pass
Male,South,B.E.,Below 10th,Hindi,4G/Good,Yes,8,4,20.5,81.5,6.5,4,5.77,61.1,35.6,1.0,2.0,5.0,2.0,5.0,38.0,3.0,4.0,3.0,7.0,5+/day,At-Risk
Male,Northeast,B.E.,12th Pass,Regional,4G/Good,Yes,1,8,18.1,80.7,8.5,0,6.68,78.8,53.9,3.0,4.0,4.0,1.0,3.0,88.0,1.0,3.0,4.0,3.0,1-3/day,Pass
Male,East,MCA,10th Pass,Regional,2G/Slow,No,5,7,36.1,70.2,7.3,0,4.02,26.3,29.8,4.0,3.0,4.0,2.0,3.0,88.0,1.0,2.0,3.0,5.0,5+/day,Fail
Male,North,B.E.,12th Pass,Hindi,4G/Good,No,1,6,7.7,82.2,4.4,2,6.33,55.8,45.8,5.0,1.0,5.0,2.0,2.0,38.0,3.0,1.0,3.0,5.0,5+/day,At-Risk
Male,North,BCA,Graduate,Hindi,5G/Excellent,No,5,7,24.6,58.1,6.5,3,5.6,57.4,48.5,3.0,3.0,4.0,1.0,4.0,88.0,2.0,4.0,3.0,1.0,3-5/day,Fail
Male,East,M.Tech,10th Pass,Hindi,4G/Good,Yes,3,6,14.4,85.5,7.8,2,7.67,70.6,70.5,3.0,3.0,5.0,3.0,4.0,38.0,3.0,4.0,4.0,3.0,5+/day,Pass
Male,Central,M.Tech,Post-Graduate,Hindi,4G/Good,No,9,6,23.8,91.0,10.2,5,5.87,56.7,54.1,3.0,4.0,4.0,3.0,5.0,38.0,2.0,2.0,3.0,7.0,5+/day,Pass
Female,South,M.Tech,12th Pass,Regional,2G/Slow,No,1,6,23.2,64.6,6.8,4,6.94,74.9,66.9,5.0,1.0,3.0,5.0,5.0,38.0,4.0,3.0,3.0,1.0,5+/day,At-Risk
Male,Northeast,B.Tech,Post-Graduate,Hindi,5G/Excellent,Yes,10,4,16.0,78.7,3.4,3,6.06,50.0,66.5,4.0,2.0,5.0,1.0,4.0,63.0,3.0,3.0,3.0,7.0,5+/day,Fail
Female,West,B.Tech,10th Pass,English,3G/Moderate,Yes,1,8,10.8,99.0,3.8,4,8.28,65.7,59.1,3.0,5.0,4.0,3.0,5.0,88.0,4.0,3.0,3.0,5.0,3-5/day,Pass
Female,North,B.Tech,12th Pass,Hindi,3G/Moderate,No,8,6,10.6,100.0,5.5,2,5.73,76.6,41.6,1.0,1.0,4.0,2.0,4.0,88.0,2.0,4.0,3.0,7.0,5+/day,At-Risk
Male,North,B.Tech,12th Pass,Hindi,5G/Excellent,Yes,3,6,18.7,80.8,5.1,2,6.9,63.0,54.0,5.0,2.0,3.0,2.0,3.0,63.0,4.0,3.0,3.0,7.0,5+/day,Pass
Female,North,B.Com,Graduate,Hindi,5G/Excellent,No,7,6,12.9,82.7,7.7,4,7.2,45.9,67.5,4.0,4.0,3.0,1.0,3.0,63.0,3.0,4.0,3.0,3.0,5+/day,Pass
Female,West,BCA,12th Pass,Hindi,4G/Good,No,10,5,16.4,81.1,9.3,3,5.0,30.7,65.6,4.0,2.0,4.0,4.0,1.0,63.0,3.0,3.0,3.0,3.0,1-3/day,At-Risk
Male,North,B.Tech,12th Pass,English,4G/Good,No,5,6,9.3,83.8,7.7,3,4.64,54.0,21.9,3.0,5.0,5.0,1.0,5.0,38.0,3.0,3.0,4.0,7.0,3-5/day,At-Risk
Male,South,B.Tech,Post-Graduate,English,3G/Moderate,No,2,4,21.6,96.8,7.9,1,6.95,54.9,66.7,4.0,2.0,5.0,5.0,5.0,63.0,2.0,3.0,4.0,3.0,3-5/day,Pass
Female,East,B.Tech,10th Pass,English,No Access,No,7,4,11.8,82.0,7.5,4,4.17,51.5,66.3,4.0,2.0,5.0,2.0,2.0,38.0,4.0,1.0,3.0,1.0,5+/day,At-Risk
Female,West,BCA,10th Pass,English,3G/Moderate,Yes,7,7,15.1,65.5,7.0,2,6.18,63.2,57.1,4.0,4.0,3.0,2.0,4.0,38.0,3.0,3.0,3.0,1.0,3-5/day,At-Risk
Male,North,BCA,12th Pass,English,4G/Good,Yes,3,4,27.2,85.1,5.4,4,7.42,37.2,96.3,4.0,4.0,3.0,1.0,3.0,63.0,3.0,4.0,3.0,3.0,5+/day,Pass
Male,South,M.Tech,12th Pass,Regional,3G/Moderate,No,6,7,19.0,77.4,7.7,4,6.02,63.6,50.6,3.0,4.0,2.0,4.0,4.0,88.0,1.0,4.0,3.0,1.0,5+/day,Pass
Male,East,B.Com,12th Pass,English,5G/Excellent,No,5,8,23.3,68.6,6.0,0,6.76,64.4,61.9,5.0,2.0,3.0,2.0,3.0,63.0,4.0,3.0,3.0,7.0,5+/day,Fail
Male,East,B.Tech,12th Pass,Regional,3G/Moderate,No,1,5,11.3,68.6,7.7,1,6.07,57.1,49.6,3.0,4.0,3.0,5.0,5.0,63.0,3.0,2.0,3.0,3.0,3-5/day,At-Risk
Female,Northeast,B.Tech,Post-Graduate,English,4G/Good,No,1,4,19.9,80.7,7.1,3,6.72,55.5,71.0,3.0,3.0,3.0,1.0,1.0,63.0,3.0,4.0,4.0,7.0,3-5/day,Pass
Male,North,B.Tech,Graduate,English,4G/Good,Yes,2,6,21.0,89.5,6.5,0,7.23,44.3,51.2,3.0,4.0,5.0,3.0,1.0,38.0,1.0,3.0,3.0,5.0,5+/day,Pass
Male,Northeast,B.E.,Below 10th,Hindi,4G/Good,Yes,7,8,11.2,88.9,5.4,1,4.85,40.7,33.2,4.0,3.0,4.0,3.0,4.0,38.0,1.0,4.0,4.0,5.0,3-5/day,At-Risk
Female,West,B.Com,10th Pass,English,3G/Moderate,Yes,3,6,18.4,96.5,6.4,0,7.71,38.3,51.8,4.0,3.0,5.0,1.0,2.0,13.0,4.0,3.0,3.0,5.0,5+/day,Pass
Male,East,BCA,Post-Graduate,Regional,5G/Excellent,No,9,7,15.1,72.9,5.6,1,5.12,42.1,37.2,3.0,4.0,4.0,2.0,5.0,63.0,2.0,3.0,3.0,3.0,5+/day,Fail
Male,West,BCA,Graduate,English,4G/Good,No,3,7,19.9,77.6,3.9,1,6.12,47.1,53.7,4.0,2.0,1.0,2.0,5.0,88.0,1.0,4.0,2.0,1.0,5+/day,At-Risk
Female,South,B.E.,Post-Graduate,English,4G/Good,Yes,10,5,8.7,89.6,4.8,5,5.86,74.4,64.7,3.0,3.0,4.0,1.0,2.0,63.0,3.0,3.0,4.0,3.0,5+/day,Pass
Female,North,B.Tech,10th Pass,Regional,4G/Good,No,4,8,10.7,90.6,6.9,4,5.11,48.1,69.5,3.0,4.0,5.0,4.0,5.0,63.0,1.0,3.0,3.0,3.0,5+/day,Pass
Male,West,B.Tech,Graduate,English,2G/Slow,No,8,7,8.2,75.7,3.0,1,5.01,41.1,63.1,4.0,5.0,4.0,2.0,5.0,38.0,2.0,2.0,4.0,5.0,5+/day,At-Risk
Female,East,B.E.,Graduate,English,4G/Good,No,4,6,9.9,73.8,10.1,2,6.13,64.9,46.3,1.0,3.0,4.0,3.0,4.0,38.0,2.0,3.0,3.0,3.0,1-3/day,At-Risk
Male,West,BCA,10th Pass,English,4G/Good,No,7,4,13.6,87.7,5.7,2,5.99,79.2,32.7,4.0,2.0,2.0,4.0,3.0,13.0,3.0,2.0,3.0,3.0,5+/day,Pass
Male,South,B.Tech,12th Pass,Hindi,5G/Excellent,Yes,5,4,21.6,92.6,7.8,2,7.44,98.4,54.9,4.0,1.0,5.0,4.0,5.0,38.0,3.0,1.0,2.0,7.0,5+/day,Pass
Female,Central,BCA,12th Pass,English,5G/Excellent,No,6,8,18.6,79.1,3.3,2,5.0,28.4,47.8,5.0,5.0,3.0,1.0,3.0,13.0,2.0,3.0,4.0,5.0,3-5/day,At-Risk
Male,East,MCA,12th Pass,Hindi,3G/Moderate,No,8,8,18.6,87.5,5.0,0,4.43,54.2,67.9,4.0,3.0,5.0,2.0,4.0,38.0,3.0,3.0,3.0,5.0,5+/day,At-Risk
Male,North,B.E.,Graduate,Regional,2G/Slow,No,4,7,11.2,82.0,8.1,3,4.03,31.4,44.9,3.0,2.0,3.0,2.0,4.0,88.0,4.0,1.0,1.0,1.0,1-3/day,At-Risk
Male,South,BCA,Graduate,Regional,3G/Moderate,No,6,4,17.8,74.2,7.1,3,5.69,66.5,39.7,5.0,1.0,4.0,3.0,5.0,88.0,4.0,2.0,3.0,5.0,5+/day,Fail
Male,West,B.E.,Graduate,English,5G/Excellent,No,10,5,26.8,90.8,5.9,5,6.19,45.9,88.4,1.0,4.0,5.0,2.0,4.0,88.0,3.0,3.0,4.0,5.0,5+/day,Pass
Male,West,BCA,Graduate,English,No Access,No,2,5,20.1,79.3,9.5,1,5.91,49.5,62.7,2.0,3.0,4.0,3.0,3.0,63.0,3.0,3.0,1.0,1.0,3-5/day,Pass
Male,East,MCA,12th Pass,English,4G/Good,No,9,5,23.7,63.8,4.4,3,4.79,65.6,35.6,4.0,3.0,4.0,2.0,3.0,88.0,1.0,2.0,3.0,5.0,5+/day,Fail
Male,Central,B.Com,10th Pass,Hindi,4G/Good,Yes,9,5,14.5,74.1,8.1,0,5.58,47.0,54.3,4.0,3.0,4.0,3.0,5.0,88.0,4.0,4.0,2.0,7.0,5+/day,Fail
Male,South,B.Tech,Graduate,English,4G/Good,Yes,10,7,14.6,55.0,5.9,2,4.83,53.8,29.3,3.0,3.0,4.0,1.0,4.0,63.0,3.0,1.0,4.0,7.0,1-3/day,Fail
Female,South,B.E.,12th Pass,Regional,3G/Moderate,Yes,10,6,21.7,100.0,5.2,2,6.44,78.4,77.8,4.0,2.0,4.0,1.0,2.0,13.0,3.0,2.0,3.0,5.0,5+/day,Pass
Female,Central,B.Tech,10th Pass,Hindi,3G/Moderate,Yes,6,5,11.4,97.6,3.6,2,5.34,54.9,66.0,4.0,1.0,5.0,2.0,5.0,38.0,4.0,4.0,2.0,3.0,1-3/day,At-Risk
Female,Central,B.Tech,12th Pass,English,4G/Good,Yes,6,7,17.2,66.2,3.8,3,5.39,50.3,81.2,4.0,2.0,4.0,4.0,1.0,63.0,3.0,3.0,3.0,3.0,1-3/day,At-Risk
Female,West,BCA,Below 10th,Hindi,2G/Slow,No,10,5,19.3,74.9,6.7,3,4.42,46.2,50.0,5.0,3.0,4.0,2.0,5.0,13.0,1.0,4.0,1.0,7.0,5+/day,Fail
Male,Northeast,B.Com,Graduate,English,2G/Slow,Yes,7,5,15.3,84.7,6.6,4,5.63,63.2,43.2,4.0,3.0,2.0,3.0,3.0,88.0,4.0,2.0,4.0,5.0,3-5/day,At-Risk
Male,North,B.E.,10th Pass,English,2G/Slow,No,4,6,12.1,100.0,5.4,4,3.3,27.9,21.7,5.0,1.0,4.0,3.0,5.0,88.0,4.0,2.0,3.0,5.0,5+/day,Fail
Female,Northeast,B.Tech,10th Pass,English,4G/Good,No,7,5,13.4,90.7,6.2,3,6.92,69.2,79.9,3.0,4.0,4.0,3.0,3.0,38.0,3.0,3.0,4.0,7.0,5+/day,Pass
Female,South,B.Tech,Post-Graduate,English,4G/Good,No,10,7,8.4,84.6,6.3,5,5.94,70.6,55.3,5.0,2.0,4.0,2.0,4.0,38.0,3.0,3.0,2.0,1.0,5+/day,Pass
Female,North,B.E.,Graduate,Hindi,3G/Moderate,No,1,7,19.9,74.9,5.8,5,7.55,83.9,38.4,3.0,1.0,4.0,1.0,5.0,88.0,4.0,3.0,4.0,1.0,3-5/day,Fail
Male,North,B.Tech,Graduate,Hindi,3G/Moderate,Yes,7,4,23.8,87.7,5.0,5,6.1,60.4,46.7,4.0,4.0,3.0,2.0,4.0,38.0,3.0,3.0,3.0,7.0,5+/day,Pass
Male,South,B.Tech,12th Pass,English,3G/Moderate,No,1,8,14.5,87.3,7.3,2,7.01,60.4,70.0,5.0,4.0,3.0,5.0,5.0,88.0,4.0,4.0,4.0,5.0,5+/day,Pass
Male,South,BCA,Graduate,Regional,4G/Good,Yes,8,5,37.2,82.4,8.4,3,7.16,42.3,53.8,4.0,3.0,2.0,3.0,3.0,88.0,4.0,2.0,4.0,5.0,3-5/day,Pass
Male,South,B.Tech,Graduate,English,3G/Moderate,No,10,5,12.7,81.0,7.1,0,5.66,53.1,34.6,5.0,2.0,4.0,3.0,4.0,63.0,4.0,3.0,3.0,5.0,5+/day,Fail
Female,North,B.E.,12th Pass,English,4G/Good,No,6,7,12.8,76.6,7.2,4,5.28,43.2,58.9,3.0,1.0,4.0,2.0,2.0,38.0,3.0,1.0,4.0,7.0,3-5/day,At-Risk
Female,South,MCA,Post-Graduate,English,2G/Slow,Yes,1,5,23.4,97.4,7.6,2,8.81,73.1,96.5,5.0,4.0,3.0,1.0,4.0,13.0,3.0,3.0,3.0,7.0,5+/day,Pass
Male,East,B.Tech,10th Pass,Hindi,5G/Excellent,Yes,1,7,22.3,61.7,6.2,4,7.28,52.5,68.4,5.0,4.0,1.0,2.0,5.0,63.0,3.0,3.0,2.0,5.0,1-3/day,At-Risk
Other,South,BCA,Post-Graduate,Regional,2G/Slow,No,4,4,22.7,85.7,5.5,5,5.92,54.7,55.1,5.0,1.0,5.0,3.0,3.0,63.0,4.0,1.0,4.0,1.0,3-5/day,At-Risk
Female,South,BCA,12th Pass,Hindi,5G/Excellent,No,7,5,25.5,82.2,3.5,1,5.92,63.8,90.1,4.0,3.0,5.0,1.0,2.0,13.0,4.0,3.0,3.0,5.0,5+/day,Pass
Male,West,BCA,12th Pass,Regional,5G/Excellent,No,5,4,11.5,58.4,5.7,1,4.58,53.1,35.9,5.0,3.0,4.0,2.0,5.0,13.0,1.0,4.0,1.0,7.0,5+/day,Fail
Male,Central,B.E.,Below 10th,English,4G/Good,Yes,5,4,20.6,77.5,5.6,1,5.68,57.2,51.1,3.0,3.0,4.0,3.0,2.0,38.0,1.0,2.0,4.0,7.0,5+/day,Pass
Male,West,B.Tech,12th Pass,English,5G/Excellent,No,8,8,8.2,69.8,4.9,5,6.24,57.8,51.9,4.0,4.0,3.0,4.0,5.0,63.0,4.0,4.0,4.0,5.0,Never,Fail
Male,South,MCA,12th Pass,Hindi,2G/Slow,Yes,2,7,25.5,69.6,6.9,5,5.48,47.3,39.3,3.0,2.0,4.0,1.0,4.0,63.0,4.0,4.0,2.0,7.0,5+/day,Fail
Male,West,MCA,Post-Graduate,Hindi,3G/Moderate,No,4,4,25.0,72.6,6.2,3,7.32,66.7,53.7,4.0,4.0,5.0,1.0,5.0,38.0,1.0,3.0,4.0,5.0,3-5/day,Fail
Male,North,B.Tech,Post-Graduate,English,3G/Moderate,No,4,7,25.3,96.9,7.1,4,6.68,76.2,58.0,5.0,3.0,3.0,2.0,3.0,13.0,3.0,4.0,4.0,1.0,5+/day,Pass
Male,North,B.Tech,Post-Graduate,Regional,3G/Moderate,Yes,8,8,17.6,81.3,4.8,0,5.62,45.9,27.3,5.0,1.0,5.0,3.0,4.0,63.0,1.0,3.0,3.0,3.0,5+/day,At-Risk
Male,South,B.Tech,10th Pass,English,3G/Moderate,Yes,6,7,25.2,90.9,4.2,4,7.11,60.6,68.1,2.0,4.0,5.0,1.0,2.0,63.0,3.0,3.0,3.0,5.0,5+/day,Pass
Female,Northeast,B.Tech,Post-Graduate,English,4G/Good,No,10,8,19.2,67.6,7.5,5,5.15,47.7,64.2,4.0,2.0,2.0,4.0,3.0,13.0,3.0,2.0,3.0,3.0,5+/day,At-Risk
Male,North,BCA,12th Pass,Hindi,No Access,Yes,9,5,27.7,74.6,7.7,5,5.44,34.7,51.8,5.0,2.0,5.0,1.0,1.0,38.0,4.0,4.0,3.0,7.0,3-5/day,Fail
Female,North,B.Tech,Graduate,Hindi,4G/Good,No,10,8,15.8,76.9,5.2,2,4.67,58.1,68.1,4.0,2.0,2.0,3.0,5.0,0.0,2.0,2.0,3.0,3.0,5+/day,Pass
Male,North,B.Tech,10th Pass,English,3G/Moderate,No,9,8,15.7,83.9,6.0,3,5.53,35.0,42.9,5.0,3.0,3.0,2.0,3.0,13.0,3.0,4.0,4.0,1.0,5+/day,At-Risk
Other,Northeast,MCA,12th Pass,English,4G/Good,Yes,4,8,21.0,88.4,6.9,4,5.73,66.6,56.0,5.0,3.0,4.0,4.0,4.0,88.0,3.0,3.0,3.0,3.0,5+/day,Pass
Male,West,B.Tech,Post-Graduate,Hindi,5G/Excellent,Yes,10,6,9.2,85.3,7.4,3,6.3,54.1,60.7,4.0,5.0,4.0,2.0,5.0,38.0,2.0,2.0,4.0,5.0,5+/day,Pass
Male,South,MCA,Post-Graduate,Hindi,4G/Good,No,7,4,16.3,72.3,3.9,3,6.58,78.5,56.3,4.0,2.0,4.0,3.0,4.0,63.0,3.0,4.0,3.0,3.0,5+/day,Fail
Female,East,BCA,Graduate,Regional,4G/Good,No,3,7,17.6,90.9,8.0,0,7.7,73.4,62.5,3.0,4.0,2.0,3.0,4.0,38.0,2.0,1.0,3.0,3.0,5+/day,Pass
Female,East,B.Tech,Graduate,Hindi,4G/Good,No,6,7,8.6,74.7,4.5,2,6.47,48.5,63.7,5.0,1.0,5.0,3.0,3.0,63.0,4.0,1.0,4.0,1.0,3-5/day,Fail
Female,West,BCA,10th Pass,English,4G/Good,Yes,1,6,18.7,85.2,4.4,0,5.82,45.4,41.9,4.0,1.0,4.0,4.0,4.0,38.0,3.0,4.0,4.0,1.0,5+/day,At-Risk
Male,North,BCA,Graduate,Regional,2G/Slow,Yes,5,5,21.5,65.5,5.9,5,6.16,73.4,62.1,4.0,3.0,4.0,4.0,2.0,38.0,2.0,3.0,4.0,5.0,Never,At-Risk
Male,Northeast,B.E.,12th Pass,Regional,5G/Excellent,No,6,4,23.9,78.9,5.9,0,6.52,51.1,48.3,5.0,1.0,5.0,4.0,2.0,38.0,4.0,3.0,3.0,3.0,5+/day,At-Risk
Female,South,B.Tech,Below 10th,English,4G/Good,No,5,4,7.5,88.2,6.5,3,5.72,69.8,60.7,4.0,2.0,3.0,2.0,5.0,38.0,3.0,2.0,2.0,5.0,5+/day,At-Risk
Female,West,B.E.,Below 10th,English,3G/Moderate,Yes,7,4,25.1,83.2,6.7,3,4.9,53.6,31.7,4.0,3.0,5.0,1.0,2.0,13.0,4.0,3.0,3.0,5.0,5+/day,At-Risk
Female,North,B.Com,Below 10th,English,5G/Excellent,Yes,4,4,3.5,72.2,9.0,0,4.92,49.2,42.6,3.0,2.0,4.0,1.0,4.0,63.0,4.0,4.0,2.0,7.0,5+/day,Fail
Female,South,BCA,Graduate,Hindi,5G/Excellent,No,5,6,11.7,88.5,5.1,5,6.01,83.5,69.5,5.0,4.0,1.0,1.0,4.0,38.0,3.0,3.0,3.0,1.0,5+/day,Pass
Male,South,B.Tech,Below 10th,Regional,4G/Good,No,4,7,32.3,72.7,8.1,1,6.86,89.2,46.9,4.0,2.0,5.0,4.0,1.0,88.0,2.0,3.0,4.0,1.0,3-5/day,At-Risk
Female,East,BCA,12th Pass,Regional,No Access,Yes,9,5,19.1,61.0,4.3,1,4.68,45.2,35.3,3.0,2.0,4.0,1.0,4.0,63.0,2.0,3.0,3.0,1.0,5+/day,Fail
Male,North,B.E.,10th Pass,Regional,4G/Good,No,2,5,10.7,94.4,4.6,0,5.54,51.6,55.2,2.0,2.0,2.0,1.0,4.0,88.0,4.0,3.0,4.0,5.0,3-5/day,At-Risk
Male,West,BCA,12th Pass,English,3G/Moderate,Yes,1,5,8.5,70.0,5.1,3,5.82,67.3,59.9,3.0,2.0,4.0,1.0,3.0,63.0,3.0,3.0,4.0,1.0,5+/day,Fail
Male,North,BCA,Graduate,Hindi,4G/Good,Yes,4,6,9.1,91.5,3.6,3,5.42,71.8,68.5,2.0,4.0,5.0,1.0,2.0,63.0,3.0,3.0,3.0,5.0,5+/day,Pass
Male,West,B.E.,Graduate,English,3G/Moderate,No,6,6,11.4,79.2,7.2,2,5.85,65.0,45.0,3.0,4.0,4.0,3.0,3.0,38.0,3.0,3.0,4.0,7.0,5+/day,Pass
Male,Northeast,MCA,12th Pass,English,4G/Good,No,10,8,24.8,89.7,8.3,3,7.34,62.9,42.3,5.0,3.0,5.0,1.0,4.0,88.0,3.0,4.0,4.0,5.0,5+/day,Fail
Male,East,BCA,12th Pass,Hindi,4G/Good,Yes,8,6,21.8,72.6,7.9,5,7.37,51.2,59.4,2.0,2.0,1.0,1.0,4.0,88.0,4.0,3.0,3.0,1.0,5+/day,Fail
Female,West,BCA,10th Pass,English,3G/Moderate,Yes,4,4,25.5,92.3,4.2,4,7.23,67.6,74.0,5.0,1.0,4.0,3.0,5.0,63.0,3.0,4.0,3.0,3.0,5+/day,At-Risk
Male,West,B.Tech,Graduate,Hindi,5G/Excellent,Yes,1,7,10.6,75.5,9.9,5,8.2,83.7,56.6,3.0,3.0,4.0,1.0,4.0,63.0,3.0,1.0,4.0,7.0,1-3/day,Pass
Female,South,MCA,10th Pass,Hindi,3G/Moderate,No,9,5,4.0,78.7,6.7,4,4.87,45.8,39.7,2.0,3.0,4.0,2.0,2.0,38.0,3.0,4.0,2.0,1.0,5+/day,Pass
Male,Northeast,B.Com,10th Pass,Regional,2G/Slow,Yes,3,6,22.5,56.1,8.8,3,6.58,59.4,49.9,5.0,1.0,4.0,2.0,1.0,88.0,3.0,2.0,3.0,5.0,5+/day,Fail
Male,South,B.Tech,Graduate,English,4G/Good,Yes,6,7,17.6,62.6,6.3,0,7.23,71.2,74.7,3.0,3.0,3.0,1.0,3.0,13.0,4.0,3.0,3.0,3.0,5+/day,At-Risk
Female,East,B.E.,10th Pass,Regional,5G/Excellent,Yes,10,4,12.4,91.1,6.3,5,5.8,45.9,51.0,4.0,2.0,1.0,3.0,5.0,38.0,4.0,3.0,4.0,7.0,5+/day,At-Risk
Male,West,B.Tech,Graduate,Regional,5G/Excellent,No,8,6,25.0,74.0,5.9,5,5.25,45.5,51.3,4.0,2.0,5.0,2.0,2.0,38.0,4.0,1.0,3.0,1.0,5+/day,Fail
Male,South,MCA,10th Pass,Regional,4G/Good,No,5,6,27.1,58.5,9.6,4,6.82,63.8,42.4,4.0,4.0,3.0,4.0,5.0,38.0,3.0,2.0,1.0,3.0,5+/day,Fail
Male,South,BCA,Graduate,Regional,3G/Moderate,Yes,7,7,30.1,74.5,8.6,3,7.67,66.0,80.6,3.0,4.0,4.0,2.0,4.0,63.0,1.0,4.0,3.0,1.0,5+/day,At-Risk
Male,South,B.Tech,Below 10th,Hindi,5G/Excellent,No,10,4,10.8,88.5,6.4,3,3.88,47.6,39.6,2.0,3.0,4.0,3.0,4.0,88.0,2.0,3.0,4.0,5.0,5+/day,At-Risk
Other,Northeast,M.Tech,10th Pass,English,5G/Excellent,Yes,9,6,26.6,67.6,6.0,4,5.36,52.0,33.7,4.0,3.0,4.0,1.0,4.0,13.0,1.0,2.0,2.0,1.0,3-5/day,At-Risk
Male,Central,B.Tech,10th Pass,Hindi,3G/Moderate,No,1,7,20.7,94.4,7.6,3,6.02,39.4,68.7,5.0,3.0,5.0,2.0,4.0,88.0,3.0,3.0,3.0,5.0,5+/day,At-Risk
Female,East,MCA,Graduate,Hindi,4G/Good,Yes,8,4,13.6,75.4,3.7,0,6.64,33.0,75.3,3.0,4.0,4.0,1.0,3.0,88.0,1.0,3.0,4.0,3.0,1-3/day,At-Risk
Male,West,B.E.,Post-Graduate,Hindi,4G/Good,Yes,2,6,26.5,77.4,3.2,5,7.34,78.7,79.6,3.0,1.0,4.0,3.0,5.0,63.0,3.0,4.0,4.0,7.0,3-5/day,Pass
Female,Central,B.Tech,12th Pass,Regional,4G/Good,Yes,1,6,11.8,72.7,4.9,1,5.83,52.4,65.4,3.0,3.0,3.0,1.0,1.0,63.0,3.0,4.0,4.0,7.0,3-5/day,Fail
Female,North,B.Tech,Graduate,English,5G/Excellent,No,4,5,13.6,59.4,7.1,5,6.67,64.2,40.2,3.0,3.0,3.0,1.0,3.0,13.0,4.0,3.0,3.0,3.0,5+/day,Fail
Female,North,B.Tech,Graduate,English,2G/Slow,No,6,8,24.3,78.3,8.1,4,6.03,55.9,61.5,5.0,1.0,4.0,2.0,1.0,88.0,3.0,2.0,3.0,5.0,5+/day,At-Risk
Male,West,BCA,Post-Graduate,Hindi,4G/Good,No,8,4,13.7,80.8,4.6,4,4.9,59.0,56.3,3.0,5.0,5.0,1.0,5.0,38.0,3.0,3.0,4.0,7.0,3-5/day,At-Risk
Male,Northeast,BCA,Graduate,English,3G/Moderate,Yes,1,7,20.8,86.3,8.8,3,5.6,43.5,55.1,4.0,2.0,5.0,2.0,3.0,63.0,3.0,2.0,3.0,3.0,3-5/day,At-Risk
Male,Northeast,B.Tech,Below 10th,English,4G/Good,Yes,1,5,14.5,72.6,5.7,0,7.17,77.8,79.4,4.0,2.0,5.0,2.0,3.0,63.0,3.0,2.0,3.0,3.0,3-5/day,Fail
Female,South,B.Tech,Graduate,English,4G/Good,No,10,6,19.2,62.1,7.1,4,5.36,74.0,41.5,5.0,1.0,5.0,1.0,5.0,38.0,1.0,3.0,2.0,3.0,5+/day,Fail
Female,North,B.Tech,12th Pass,English,3G/Moderate,No,2,7,19.7,100.0,5.7,3,7.68,98.7,89.9,2.0,3.0,4.0,3.0,4.0,88.0,2.0,3.0,4.0,5.0,5+/day,Pass
Female,South,BCA,Below 10th,Regional,4G/Good,No,9,5,11.3,83.9,6.3,3,3.81,25.1,35.6,3.0,4.0,5.0,3.0,1.0,38.0,1.0,3.0,3.0,5.0,5+/day,At-Risk
Male,North,BCA,10th Pass,Hindi,5G/Excellent,No,4,5,19.5,80.8,9.2,5,4.9,61.2,46.9,4.0,1.0,5.0,2.0,4.0,38.0,1.0,3.0,2.0,7.0,5+/day,At-Risk
Female,South,B.Tech,Post-Graduate,English,4G/Good,Yes,7,8,14.3,94.3,5.7,5,6.84,80.1,53.0,5.0,4.0,1.0,1.0,4.0,38.0,3.0,3.0,3.0,1.0,5+/day,Pass
Female,West,BCA,Post-Graduate,Hindi,4G/Good,No,3,5,11.3,70.0,5.1,3,4.36,34.0,56.4,4.0,2.0,2.0,4.0,3.0,13.0,3.0,2.0,3.0,3.0,5+/day,At-Risk
Male,North,B.Tech,Graduate,English,3G/Moderate,Yes,1,4,10.2,68.1,7.5,2,5.88,44.9,62.0,5.0,2.0,3.0,1.0,4.0,13.0,3.0,2.0,4.0,5.0,5+/day,Fail
Male,Northeast,B.Com,Post-Graduate,Hindi,4G/Good,No,1,8,10.3,89.3,8.0,2,6.31,47.5,76.6,5.0,1.0,4.0,3.0,5.0,88.0,4.0,2.0,3.0,5.0,5+/day,At-Risk
Female,South,B.Com,Graduate,English,4G/Good,Yes,9,8,13.8,100.0,4.2,0,6.29,64.0,27.3,2.0,2.0,4.0,2.0,3.0,63.0,1.0,2.0,4.0,5.0,5+/day,Pass
Female,East,BCA,Below 10th,Regional,5G/Excellent,Yes,4,6,22.0,64.7,7.1,1,6.08,74.4,55.8,4.0,2.0,4.0,1.0,4.0,0.0,3.0,3.0,3.0,5.0,5+/day,Fail
Female,North,B.Com,10th Pass,English,3G/Moderate,Yes,3,6,8.5,81.2,7.3,2,7.39,35.0,71.5,5.0,5.0,5.0,5.0,5.0,63.0,2.0,2.0,3.0,3.0,3-5/day,Pass
Male,South,MCA,Below 10th,Hindi,4G/Good,No,5,4,18.6,85.6,9.1,0,5.21,39.7,59.2,4.0,1.0,5.0,3.0,2.0,38.0,3.0,3.0,3.0,1.0,5+/day,At-Risk
Female,North,MCA,Below 10th,Regional,2G/Slow,No,1,7,20.6,86.9,5.9,3,4.02,38.2,38.3,5.0,2.0,4.0,1.0,2.0,38.0,4.0,3.0,3.0,1.0,1-3/day,At-Risk
Male,Central,BCA,10th Pass,Regional,No Access,No,3,4,25.0,77.7,8.5,3,6.31,60.9,60.3,5.0,1.0,5.0,2.0,3.0,63.0,4.0,3.0,3.0,7.0,5+/day,Fail
Male,Northeast,B.Tech,12th Pass,English,4G/Good,No,4,8,14.2,70.4,6.7,1,6.19,58.7,63.7,4.0,3.0,4.0,1.0,4.0,63.0,3.0,3.0,4.0,5.0,3-5/day,Fail
Male,South,B.Tech,Graduate,Hindi,3G/Moderate,No,6,6,19.1,56.5,6.1,4,4.58,48.7,35.2,5.0,4.0,4.0,1.0,4.0,63.0,4.0,3.0,2.0,1.0,5+/day,Fail
Female,North,B.Tech,Graduate,English,2G/Slow,Yes,9,4,9.9,100.0,5.4,2,6.1,42.8,43.8,2.0,2.0,1.0,1.0,4.0,88.0,4.0,3.0,3.0,1.0,5+/day,At-Risk
Female,Central,BCA,12th Pass,Hindi,4G/Good,No,3,6,8.9,100.0,7.2,2,5.46,43.7,63.3,5.0,3.0,5.0,3.0,4.0,88.0,3.0,4.0,3.0,5.0,5+/day,At-Risk
Female,South,B.Tech,Post-Graduate,English,4G/Good,No,4,4,20.5,73.3,4.7,3,6.16,57.8,57.1,5.0,1.0,3.0,5.0,5.0,38.0,4.0,3.0,3.0,1.0,5+/day,At-Risk
Male,North,B.Tech,12th Pass,Regional,4G/Good,No,5,4,32.5,81.5,4.9,0,6.65,71.6,58.5,4.0,1.0,5.0,1.0,4.0,63.0,4.0,3.0,4.0,3.0,3-5/day,At-Risk
Female,East,B.E.,Graduate,English,4G/Good,Yes,8,5,22.6,73.9,7.4,5,6.83,50.5,69.8,3.0,3.0,3.0,1.0,1.0,63.0,3.0,4.0,4.0,7.0,3-5/day,At-Risk
Male,Central,B.Tech,12th Pass,Hindi,4G/Good,Yes,9,4,9.5,77.6,9.3,1,5.52,56.0,39.3,1.0,1.0,3.0,4.0,4.0,38.0,1.0,3.0,4.0,7.0,5+/day,Pass
Female,North,BCA,10th Pass,Hindi,3G/Moderate,Yes,3,6,10.1,79.5,4.4,1,5.49,46.2,31.0,2.0,2.0,4.0,4.0,5.0,38.0,4.0,3.0,3.0,7.0,5+/day,At-Risk
Male,North,B.Com,Post-Graduate,Regional,3G/Moderate,No,3,4,22.3,66.6,5.4,4,5.65,38.9,45.0,2.0,2.0,4.0,2.0,3.0,63.0,1.0,2.0,4.0,5.0,5+/day,Fail
Male,Central,BCA,10th Pass,Hindi,4G/Good,No,7,7,23.0,80.4,6.9,4,5.5,51.1,45.8,5.0,3.0,5.0,4.0,2.0,13.0,3.0,3.0,3.0,5.0,5+/day,Pass
Male,North,BCA,12th Pass,English,3G/Moderate,Yes,9,5,18.4,82.6,5.7,5,5.24,55.2,35.7,3.0,2.0,3.0,2.0,4.0,88.0,4.0,1.0,1.0,1.0,1-3/day,At-Risk
Male,North,BCA,10th Pass,English,5G/Excellent,No,1,4,16.5,61.6,3.7,0,5.14,43.2,62.9,5.0,1.0,4.0,4.0,3.0,38.0,1.0,1.0,2.0,7.0,5+/day,Fail
Female,East,B.E.,Graduate,English,4G/Good,Yes,1,7,21.7,72.6,5.2,0,7.13,66.0,55.5,5.0,5.0,5.0,4.0,5.0,88.0,4.0,4.0,4.0,3.0,5+/day,Fail
Male,Northeast,B.Tech,Post-Graduate,Regional,3G/Moderate,Yes,2,6,10.8,64.4,7.2,1,5.35,36.7,61.7,3.0,3.0,4.0,1.0,4.0,88.0,2.0,4.0,3.0,1.0,3-5/day,Fail
Male,East,M.Tech,Below 10th,Hindi,4G/Good,No,6,7,25.2,68.7,6.1,3,5.12,75.5,75.7,4.0,1.0,5.0,2.0,4.0,38.0,1.0,3.0,2.0,7.0,5+/day,Fail
Female,Central,B.Tech,Graduate,Hindi,5G/Excellent,Yes,3,5,20.5,78.4,7.1,0,6.63,60.4,65.7,5.0,4.0,3.0,2.0,4.0,88.0,1.0,3.0,3.0,3.0,5+/day,Pass
Male,West,B.Tech,Below 10th,English,2G/Slow,Yes,8,6,12.4,79.4,4.5,5,3.06,46.2,27.2,5.0,1.0,4.0,4.0,5.0,88.0,3.0,2.0,4.0,3.0,3-5/day,Fail
Female,North,MCA,10th Pass,Regional,2G/Slow,No,5,4,17.4,79.5,7.0,0,4.89,47.6,53.8,2.0,2.0,3.0,3.0,4.0,38.0,3.0,3.0,3.0,3.0,5+/day,At-Risk
Female,Central,B.Tech,10th Pass,Hindi,5G/Excellent,No,3,4,40.0,100.0,3.4,4,7.03,67.9,86.6,4.0,2.0,5.0,2.0,3.0,63.0,3.0,2.0,3.0,3.0,3-5/day,Pass
Female,South,B.E.,Graduate,Regional,2G/Slow,No,8,7,15.9,85.0,7.7,4,5.0,54.1,69.0,5.0,4.0,3.0,1.0,4.0,13.0,3.0,3.0,3.0,7.0,5+/day,At-Risk
Male,South,B.Tech,Below 10th,Hindi,No Access,Yes,8,4,21.9,85.9,8.6,5,5.35,57.6,83.5,5.0,2.0,5.0,2.0,4.0,88.0,1.0,3.0,4.0,5.0,5+/day,At-Risk
Female,East,B.Tech,12th Pass,English,3G/Moderate,Yes,2,6,23.8,82.7,4.4,4,7.4,67.1,58.7,4.0,2.0,3.0,1.0,5.0,38.0,3.0,3.0,2.0,3.0,5+/day,Pass
Female,South,B.Tech,10th Pass,English,4G/Good,Yes,5,6,19.3,64.0,5.6,3,6.63,62.0,53.5,5.0,1.0,4.0,4.0,3.0,38.0,1.0,1.0,2.0,7.0,5+/day,Fail
Male,North,B.Tech,Below 10th,English,4G/Good,No,3,4,15.2,79.9,4.3,1,5.6,54.8,62.6,1.0,2.0,4.0,4.0,4.0,88.0,4.0,4.0,4.0,5.0,3-5/day,At-Risk
Male,North,BCA,Graduate,Hindi,4G/Good,Yes,7,7,12.9,81.4,6.6,3,6.29,48.7,42.2,3.0,1.0,3.0,1.0,2.0,88.0,1.0,4.0,3.0,3.0,5+/day,At-Risk
Female,South,MCA,10th Pass,Hindi,5G/Excellent,Yes,2,4,16.8,90.2,6.7,4,5.59,60.7,55.2,1.0,4.0,3.0,2.0,4.0,13.0,2.0,3.0,2.0,7.0,1-3/day,Pass
Female,Northeast,B.E.,10th Pass,English,4G/Good,Yes,9,8,17.0,68.1,4.5,2,5.05,49.1,39.6,5.0,2.0,2.0,3.0,3.0,63.0,4.0,3.0,3.0,5.0,3-5/day,Fail
Female,East,M.Tech,10th Pass,English,5G/Excellent,No,2,4,26.9,74.6,5.6,2,6.99,69.9,47.4,3.0,2.0,3.0,4.0,1.0,13.0,4.0,3.0,2.0,5.0,3-5/day,Pass
Female,Central,B.Tech,12th Pass,English,4G/Good,Yes,2,5,29.2,68.3,8.1,1,7.46,49.0,54.2,1.0,2.0,5.0,1.0,5.0,13.0,3.0,3.0,3.0,3.0,5+/day,At-Risk
Female,South,B.Tech,Graduate,Regional,2G/Slow,Yes,6,4,30.7,73.4,7.3,4,6.7,67.3,66.6,4.0,3.0,4.0,2.0,3.0,88.0,1.0,3.0,4.0,5.0,5+/day,Fail
Male,South,B.Tech,Below 10th,English,5G/Excellent,No,3,8,15.5,77.8,6.8,5,5.0,54.3,41.9,4.0,2.0,2.0,1.0,4.0,63.0,3.0,3.0,3.0,5.0,5+/day,At-Risk
Male,North,BCA,10th Pass,English,No Access,Yes,3,5,25.3,67.0,8.1,4,5.92,64.6,59.4,3.0,1.0,4.0,5.0,2.0,88.0,3.0,3.0,4.0,3.0,5+/day,At-Risk
Male,North,B.E.,12th Pass,English,4G/Good,Yes,10,7,20.0,91.3,9.2,3,6.45,68.8,73.6,5.0,2.0,4.0,1.0,4.0,63.0,4.0,1.0,4.0,1.0,3-5/day,At-Risk
Female,South,BCA,10th Pass,English,No Access,Yes,2,5,10.4,69.6,6.7,1,6.21,61.7,66.8,4.0,2.0,1.0,2.0,5.0,88.0,1.0,4.0,2.0,1.0,5+/day,Fail
Male,West,MCA,Graduate,Hindi,4G/Good,No,5,6,7.6,89.7,7.0,3,5.5,46.0,69.8,5.0,1.0,5.0,4.0,2.0,38.0,4.0,3.0,3.0,3.0,5+/day,Pass
Female,Central,B.E.,Graduate,Regional,5G/Excellent,Yes,5,8,15.7,76.0,6.1,5,5.66,50.7,62.1,5.0,2.0,2.0,3.0,3.0,63.0,4.0,3.0,3.0,5.0,3-5/day,Pass
Female,Central,BCA,12th Pass,English,4G/Good,Yes,7,6,17.0,75.8,6.8,4,4.5,35.4,43.9,5.0,3.0,4.0,3.0,5.0,88.0,3.0,3.0,4.0,7.0,5+/day,Fail
Female,North,B.Com,10th Pass,Hindi,3G/Moderate,Yes,8,6,11.7,91.7,5.4,5,5.51,46.7,78.2,2.0,1.0,4.0,4.0,4.0,38.0,3.0,3.0,2.0,5.0,5+/day,Pass
Male,Central,B.Tech,Graduate,English,3G/Moderate,No,8,5,26.7,89.1,4.0,0,6.37,64.7,48.6,4.0,2.0,4.0,2.0,5.0,63.0,2.0,3.0,3.0,5.0,5+/day,At-Risk
Female,South,B.E.,Graduate,Regional,4G/Good,Yes,3,5,28.4,87.0,7.7,2,7.71,50.0,60.4,1.0,5.0,4.0,3.0,4.0,38.0,3.0,3.0,4.0,7.0,5+/day,Pass
Male,North,BCA,12th Pass,English,3G/Moderate,No,6,6,16.7,60.8,7.5,4,6.02,61.6,26.1,5.0,5.0,5.0,4.0,5.0,88.0,4.0,4.0,4.0,3.0,5+/day,Fail
Female,Northeast,BCA,Graduate,English,4G/Good,No,5,7,28.7,96.3,6.6,0,5.93,56.1,54.2,2.0,2.0,1.0,4.0,5.0,88.0,4.0,3.0,2.0,7.0,3-5/day,Pass
Male,West,B.Tech,Graduate,Hindi,4G/Good,Yes,4,4,21.0,99.2,6.7,2,6.85,49.4,31.2,4.0,2.0,1.0,2.0,5.0,88.0,1.0,4.0,2.0,1.0,5+/day,Pass
Male,North,B.E.,12th Pass,English,3G/Moderate,Yes,10,4,4.3,78.4,5.5,0,6.26,55.7,48.3,5.0,4.0,2.0,3.0,3.0,88.0,3.0,1.0,3.0,3.0,5+/day,Pass
Female,South,B.E.,10th Pass,English,4G/Good,No,6,8,3.8,70.0,8.3,1,4.87,44.6,51.2,4.0,1.0,5.0,5.0,2.0,88.0,2.0,4.0,3.0,1.0,5+/day,Fail
Male,South,B.E.,Graduate,Hindi,4G/Good,No,4,5,20.4,67.1,4.7,0,5.84,63.5,71.1,5.0,1.0,4.0,2.0,1.0,88.0,3.0,2.0,3.0,5.0,5+/day,Fail
Male,West,B.Tech,10th Pass,Hindi,2G/Slow,No,8,4,16.9,78.0,8.6,5,4.57,50.7,38.1,4.0,3.0,4.0,1.0,4.0,63.0,3.0,3.0,4.0,5.0,3-5/day,Fail
Female,South,B.Com,Graduate,Hindi,4G/Good,No,9,7,11.5,68.5,7.4,0,4.92,40.3,63.0,3.0,2.0,5.0,3.0,3.0,38.0,3.0,3.0,3.0,3.0,3-5/day,Fail
Female,Central,MCA,Graduate,Hindi,5G/Excellent,Yes,1,8,21.1,78.9,6.9,1,7.95,64.0,46.1,3.0,3.0,5.0,3.0,4.0,38.0,3.0,4.0,4.0,3.0,5+/day,Pass
Female,North,B.E.,Graduate,Hindi,3G/Moderate,No,1,5,33.3,74.9,7.0,0,6.9,65.8,50.7,3.0,3.0,4.0,1.0,2.0,63.0,3.0,3.0,4.0,3.0,5+/day,At-Risk
Female,South,BCA,12th Pass,Hindi,3G/Moderate,Yes,4,4,18.5,65.5,8.0,2,6.11,74.3,55.9,3.0,1.0,4.0,2.0,2.0,38.0,3.0,1.0,4.0,7.0,3-5/day,Fail
Female,East,M.Tech,10th Pass,Hindi,4G/Good,No,6,6,15.0,73.5,5.7,0,4.61,44.7,54.0,3.0,4.0,4.0,1.0,3.0,88.0,1.0,3.0,4.0,3.0,1-3/day,Fail
Male,East,B.Tech,Below 10th,Hindi,3G/Moderate,No,8,7,13.1,82.6,7.7,5,2.47,32.8,50.9,3.0,1.0,4.0,2.0,2.0,38.0,3.0,1.0,4.0,7.0,3-5/day,Fail
Male,South,B.Tech,Graduate,English,No Access,Yes,1,7,9.7,70.6,5.9,5,5.65,39.4,49.6,4.0,3.0,4.0,4.0,4.0,63.0,4.0,4.0,4.0,3.0,1-3/day,Fail
Male,West,B.E.,Graduate,English,4G/Good,Yes,3,5,23.7,77.4,7.2,0,7.57,65.3,68.3,1.0,2.0,5.0,1.0,5.0,13.0,3.0,3.0,3.0,3.0,5+/day,Pass
Female,Northeast,MCA,Graduate,English,3G/Moderate,Yes,4,7,15.0,92.3,4.1,1,5.98,45.5,57.6,3.0,3.0,4.0,2.0,5.0,88.0,2.0,3.0,3.0,7.0,5+/day,At-Risk
Female,Central,B.Tech,Below 10th,English,3G/Moderate,No,10,5,17.0,72.6,5.5,2,5.45,69.1,42.3,4.0,1.0,5.0,5.0,2.0,88.0,2.0,4.0,3.0,1.0,5+/day,Fail
Male,Northeast,B.Com,Post-Graduate,Regional,5G/Excellent,No,2,7,15.1,70.4,9.1,1,6.64,44.9,77.2,4.0,3.0,4.0,1.0,4.0,13.0,1.0,2.0,2.0,1.0,3-5/day,At-Risk
Male,Northeast,B.E.,Post-Graduate,English,3G/Moderate,No,9,4,29.2,83.0,8.5,0,6.69,45.1,75.1,4.0,2.0,4.0,3.0,2.0,63.0,1.0,4.0,4.0,3.0,5+/day,Pass
Female,East,B.E.,12th Pass,English,5G/Excellent,No,3,5,8.1,95.5,9.0,1,7.86,78.5,51.1,4.0,3.0,4.0,3.0,4.0,88.0,1.0,2.0,3.0,5.0,1-3/day,Pass
Male,Northeast,B.Tech,12th Pass,English,3G/Moderate,Yes,4,7,22.8,86.8,8.2,5,7.47,70.1,72.5,3.0,2.0,3.0,2.0,4.0,63.0,4.0,3.0,3.0,5.0,5+/day,Pass
Female,South,B.Tech,Graduate,English,5G/Excellent,Yes,4,4,24.1,73.5,5.5,1,6.84,68.0,77.8,2.0,1.0,3.0,4.0,2.0,38.0,2.0,3.0,1.0,5.0,5+/day,Pass
Male,South,MCA,Graduate,Hindi,4G/Good,Yes,1,4,12.8,73.5,5.7,0,6.03,59.0,65.6,4.0,3.0,2.0,3.0,3.0,88.0,4.0,2.0,4.0,5.0,3-5/day,Fail
Female,South,B.Com,Post-Graduate,Hindi,2G/Slow,Yes,5,4,22.2,75.7,8.0,0,5.98,63.7,40.3,2.0,2.0,1.0,1.0,4.0,88.0,4.0,3.0,3.0,1.0,5+/day,Pass
Male,South,B.E.,Below 10th,Hindi,4G/Good,No,5,5,16.8,77.7,8.1,5,6.3,62.7,42.2,5.0,2.0,3.0,2.0,4.0,88.0,4.0,3.0,2.0,7.0,5+/day,Fail
Female,South,B.Com,12th Pass,English,5G/Excellent,No,2,5,23.7,100.0,8.6,5,9.63,87.5,64.0,4.0,4.0,3.0,2.0,4.0,38.0,3.0,3.0,3.0,1.0,3-5/day,Pass
Female,Central,MCA,Graduate,Regional,3G/Moderate,No,1,7,11.2,83.1,6.8,5,5.98,66.6,56.6,3.0,1.0,4.0,3.0,5.0,63.0,3.0,4.0,4.0,7.0,3-5/day,At-Risk
Female,South,B.E.,Graduate,Regional,4G/Good,No,5,6,19.9,100.0,6.4,4,6.19,48.4,32.2,4.0,4.0,4.0,2.0,5.0,63.0,3.0,4.0,1.0,5.0,3-5/day,At-Risk
Female,North,BCA,Graduate,Hindi,4G/Good,Yes,5,6,18.5,91.8,8.3,0,8.25,59.0,84.6,3.0,4.0,5.0,4.0,5.0,88.0,2.0,4.0,3.0,5.0,5+/day,Pass
Female,East,B.E.,Post-Graduate,Regional,4G/Good,Yes,7,8,21.8,51.6,4.2,0,6.95,68.2,63.6,4.0,3.0,4.0,2.0,5.0,13.0,2.0,2.0,2.0,1.0,5+/day,Fail
Female,North,BCA,12th Pass,Hindi,4G/Good,Yes,10,6,1.3,75.8,6.2,4,3.84,38.9,0.0,4.0,3.0,4.0,2.0,3.0,88.0,1.0,3.0,4.0,5.0,5+/day,Fail
Male,North,B.Tech,Graduate,Regional,No Access,No,10,6,13.0,81.1,6.1,2,3.99,33.9,74.6,4.0,3.0,1.0,5.0,5.0,38.0,3.0,4.0,2.0,5.0,1-3/day,At-Risk
Female,North,BCA,12th Pass,Regional,3G/Moderate,No,2,7,22.1,84.0,6.1,4,6.3,75.8,38.7,5.0,3.0,5.0,1.0,4.0,88.0,3.0,4.0,4.0,5.0,5+/day,Fail
Female,South,B.Tech,12th Pass,Regional,4G/Good,Yes,8,5,30.3,82.8,8.5,1,6.66,86.8,79.7,4.0,4.0,5.0,2.0,5.0,13.0,3.0,2.0,4.0,5.0,5+/day,Pass
Male,South,MCA,10th Pass,Hindi,5G/Excellent,No,5,6,25.3,61.3,7.4,4,5.48,22.9,59.3,4.0,1.0,4.0,4.0,4.0,38.0,3.0,4.0,4.0,1.0,5+/day,Fail
Female,West,MCA,Graduate,Regional,3G/Moderate,No,5,8,20.8,60.8,6.7,5,6.13,30.9,72.8,3.0,4.0,4.0,3.0,3.0,38.0,3.0,3.0,4.0,7.0,5+/day,At-Risk
Female,West,B.Tech,Post-Graduate,Hindi,4G/Good,Yes,9,7,12.1,81.4,4.2,4,7.02,69.2,46.8,4.0,3.0,4.0,5.0,3.0,38.0,2.0,2.0,4.0,7.0,3-5/day,Pass
Female,South,B.Tech,10th Pass,English,No Access,No,2,4,20.1,77.1,4.8,2,6.29,28.4,62.7,5.0,2.0,4.0,1.0,4.0,63.0,4.0,1.0,4.0,1.0,3-5/day,Fail
Male,South,B.E.,Below 10th,English,4G/Good,No,10,4,22.1,97.2,7.7,3,6.04,71.3,61.9,3.0,2.0,4.0,2.0,2.0,13.0,3.0,3.0,3.0,1.0,5+/day,Pass
Male,South,BCA,Graduate,Regional,4G/Good,Yes,2,8,30.5,82.0,6.9,2,9.19,94.3,92.2,5.0,2.0,3.0,2.0,4.0,88.0,4.0,3.0,2.0,7.0,5+/day,Pass
Other,West,B.Tech,12th Pass,English,4G/Good,No,5,5,11.8,91.2,8.3,4,5.76,54.9,38.7,4.0,2.0,4.0,1.0,2.0,88.0,4.0,3.0,3.0,7.0,1-3/day,At-Risk
Female,North,BCA,Post-Graduate,Hindi,5G/Excellent,Yes,1,4,15.3,89.8,5.4,1,7.18,67.1,64.4,4.0,2.0,3.0,2.0,5.0,88.0,2.0,3.0,3.0,7.0,3-5/day,At-Risk
Male,North,B.Tech,10th Pass,English,2G/Slow,No,5,5,32.1,81.1,6.6,1,6.76,57.7,72.4,2.0,3.0,3.0,3.0,5.0,13.0,3.0,4.0,4.0,7.0,5+/day,Pass
Female,West,B.Tech,Below 10th,English,3G/Moderate,No,5,6,16.6,95.2,6.2,3,5.98,48.2,40.6,3.0,5.0,5.0,1.0,5.0,38.0,3.0,3.0,4.0,7.0,3-5/day,At-Risk
Female,East,B.Tech,12th Pass,Regional,5G/Excellent,No,8,6,21.4,76.4,7.8,0,5.22,42.4,32.9,4.0,2.0,3.0,3.0,4.0,88.0,3.0,4.0,4.0,1.0,5+/day,At-Risk
Male,North,B.Tech,Below 10th,Regional,3G/Moderate,Yes,6,6,10.6,81.3,9.6,5,5.18,60.8,33.1,5.0,4.0,3.0,2.0,4.0,88.0,1.0,3.0,3.0,3.0,5+/day,At-Risk
Female,North,MCA,10th Pass,Hindi,4G/Good,Yes,6,4,15.6,82.8,5.7,5,5.5,59.4,45.9,3.0,3.0,3.0,2.0,4.0,88.0,3.0,3.0,3.0,3.0,5+/day,At-Risk
Male,Central,B.Com,Below 10th,English,4G/Good,Yes,5,4,20.3,71.8,3.4,5,5.89,62.4,47.6,5.0,3.0,4.0,5.0,3.0,63.0,4.0,4.0,4.0,5.0,3-5/day,Fail
Male,Northeast,B.E.,10th Pass,Hindi,4G/Good,Yes,5,5,15.3,68.1,7.2,4,6.06,78.3,64.2,5.0,3.0,5.0,1.0,4.0,88.0,3.0,4.0,4.0,5.0,5+/day,Fail
Male,West,B.E.,Below 10th,English,3G/Moderate,No,8,5,19.3,66.5,7.1,0,4.88,46.4,52.5,5.0,1.0,5.0,3.0,4.0,63.0,1.0,3.0,3.0,3.0,5+/day,Fail
Female,East,B.Tech,Post-Graduate,English,3G/Moderate,Yes,1,8,19.8,69.4,3.8,1,5.82,63.4,54.8,3.0,2.0,5.0,3.0,3.0,38.0,3.0,3.0,3.0,3.0,3-5/day,At-Risk
Male,East,BCA,10th Pass,English,4G/Good,Yes,9,6,18.5,80.3,5.0,0,5.89,66.4,45.9,4.0,3.0,5.0,2.0,4.0,38.0,3.0,3.0,3.0,5.0,5+/day,At-Risk
Male,Central,B.Tech,12th Pass,Hindi,3G/Moderate,No,6,7,12.8,85.7,5.8,2,5.35,41.5,52.7,4.0,2.0,2.0,3.0,5.0,0.0,2.0,2.0,3.0,3.0,5+/day,Pass
Male,Central,BCA,Graduate,English,4G/Good,No,9,7,23.8,66.9,8.2,5,6.46,54.0,67.1,3.0,1.0,4.0,1.0,5.0,88.0,4.0,3.0,4.0,1.0,3-5/day,Fail
Female,North,B.Com,Graduate,Hindi,4G/Good,Yes,2,6,19.3,82.6,5.0,2,7.7,67.4,42.6,4.0,2.0,4.0,3.0,4.0,38.0,3.0,3.0,4.0,5.0,3-5/day,Pass
Female,Northeast,B.Tech,12th Pass,English,4G/Good,No,3,8,13.3,78.9,6.1,3,6.09,47.0,47.9,4.0,2.0,2.0,1.0,4.0,88.0,3.0,3.0,2.0,5.0,5+/day,At-Risk
Male,North,MCA,Graduate,English,3G/Moderate,No,1,5,12.4,93.1,3.5,0,4.72,49.4,54.2,4.0,2.0,1.0,3.0,5.0,38.0,4.0,3.0,4.0,7.0,5+/day,At-Risk
Male,North,B.Tech,Graduate,English,5G/Excellent,Yes,5,4,10.8,75.9,7.2,3,6.78,60.6,64.4,2.0,3.0,3.0,2.0,1.0,63.0,1.0,4.0,3.0,7.0,3-5/day,Pass
Female,West,B.E.,Graduate,Regional,4G/Good,No,2,8,26.4,100.0,4.6,2,7.19,50.0,68.5,4.0,2.0,5.0,2.0,3.0,63.0,3.0,2.0,3.0,3.0,3-5/day,Pass
Male,South,B.Tech,12th Pass,Hindi,4G/Good,No,1,8,13.0,91.1,9.8,5,7.3,68.6,54.8,2.0,4.0,1.0,5.0,5.0,63.0,3.0,4.0,4.0,5.0,5+/day,Pass
Male,Central,B.E.,Graduate,English,5G/Excellent,No,9,6,11.6,78.0,5.2,2,5.92,58.9,56.7,3.0,2.0,3.0,2.0,4.0,88.0,4.0,1.0,1.0,1.0,1-3/day,At-Risk
Male,North,B.Tech,12th Pass,Hindi,4G/Good,Yes,9,5,11.1,75.4,7.9,3,5.39,49.8,53.4,4.0,2.0,5.0,4.0,1.0,88.0,2.0,3.0,4.0,1.0,3-5/day,Pass
Male,East,B.E.,10th Pass,Regional,5G/Excellent,Yes,6,7,4.1,92.6,7.3,2,6.79,67.9,67.3,4.0,1.0,5.0,3.0,2.0,38.0,3.0,3.0,3.0,1.0,5+/day,Pass
Male,Central,B.E.,Graduate,Regional,2G/Slow,No,8,7,33.4,78.0,5.2,0,5.78,62.3,56.2,4.0,1.0,5.0,2.0,4.0,38.0,1.0,3.0,2.0,7.0,5+/day,Fail
Male,Central,B.Tech,12th Pass,Hindi,5G/Excellent,No,9,7,18.6,82.5,8.2,4,5.76,40.0,49.8,5.0,3.0,4.0,3.0,1.0,38.0,2.0,4.0,2.0,5.0,5+/day,Pass
Male,North,BCA,Post-Graduate,English,3G/Moderate,No,5,8,11.8,75.9,3.5,4,5.61,44.9,44.1,2.0,2.0,4.0,2.0,3.0,13.0,4.0,4.0,2.0,3.0,5+/day,Pass
Female,South,B.Com,Below 10th,Hindi,5G/Excellent,No,2,4,15.6,75.3,6.5,2,5.38,24.7,41.0,2.0,3.0,3.0,3.0,5.0,13.0,3.0,4.0,4.0,7.0,5+/day,At-Risk
Male,East,B.E.,10th Pass,Regional,5G/Excellent,No,4,5,9.2,67.3,7.6,4,4.95,76.7,27.3,5.0,3.0,4.0,2.0,4.0,63.0,3.0,4.0,4.0,7.0,5+/day,Fail
Female,North,B.Tech,Post-Graduate,Hindi,3G/Moderate,No,3,4,19.3,98.4,6.1,4,7.27,45.7,59.5,5.0,4.0,3.0,2.0,4.0,88.0,1.0,3.0,3.0,3.0,5+/day,Pass
Female,Central,B.Tech,10th Pass,Regional,4G/Good,No,10,7,16.9,77.3,4.8,4,4.88,69.8,26.0,4.0,2.0,4.0,2.0,5.0,63.0,2.0,3.0,3.0,5.0,5+/day,Fail
Male,Central,M.Tech,Post-Graduate,English,4G/Good,No,7,4,25.8,83.6,8.9,5,7.07,68.6,58.5,5.0,2.0,2.0,3.0,3.0,63.0,4.0,3.0,3.0,5.0,3-5/day,Pass
Female,North,BCA,Post-Graduate,English,2G/Slow,Yes,10,8,13.1,87.9,6.3,5,4.7,31.1,19.5,3.0,3.0,1.0,1.0,1.0,88.0,4.0,3.0,3.0,5.0,1-3/day,At-Risk
Male,North,B.E.,Graduate,Regional,4G/Good,No,10,6,20.5,98.3,5.7,2,4.94,60.2,63.7,3.0,3.0,3.0,2.0,4.0,88.0,3.0,3.0,3.0,3.0,5+/day,At-Risk
Female,North,B.Tech,12th Pass,Hindi,2G/Slow,Yes,10,4,18.1,75.3,4.8,4,6.43,61.0,70.8,2.0,2.0,4.0,2.0,3.0,63.0,1.0,2.0,4.0,5.0,5+/day,Pass
Male,Central,B.E.,12th Pass,English,5G/Excellent,Yes,8,4,12.0,54.4,6.6,3,5.49,68.7,54.8,4.0,4.0,3.0,4.0,5.0,63.0,4.0,4.0,4.0,5.0,Never,Fail
Male,North,B.Tech,Graduate,English,3G/Moderate,No,5,4,20.5,83.1,6.2,5,7.37,74.2,35.9,5.0,3.0,4.0,2.0,5.0,13.0,1.0,4.0,1.0,7.0,5+/day,Pass
Male,South,B.Com,Graduate,Regional,4G/Good,Yes,2,7,17.4,88.0,6.1,3,9.21,94.5,72.8,5.0,1.0,4.0,2.0,1.0,63.0,1.0,2.0,3.0,5.0,1-3/day,Pass
Other,South,M.Tech,12th Pass,English,2G/Slow,Yes,9,4,25.0,75.5,9.0,4,5.31,48.8,54.7,1.0,1.0,4.0,2.0,4.0,88.0,2.0,4.0,3.0,7.0,5+/day,At-Risk
Male,East,B.Tech,Post-Graduate,English,3G/Moderate,No,1,5,20.8,88.6,8.9,1,6.87,65.0,47.0,4.0,2.0,5.0,4.0,1.0,88.0,2.0,3.0,4.0,1.0,3-5/day,Pass
Female,North,B.E.,Graduate,English,4G/Good,No,5,8,14.6,82.0,6.9,1,6.3,75.0,29.8,4.0,2.0,3.0,1.0,5.0,38.0,3.0,3.0,2.0,3.0,5+/day,At-Risk
Male,North,B.Tech,Post-Graduate,Regional,4G/Good,No,3,5,24.2,77.8,7.5,3,6.48,52.3,85.3,4.0,2.0,4.0,1.0,4.0,0.0,3.0,3.0,3.0,5.0,5+/day,Pass
Female,Central,B.E.,Below 10th,Regional,No Access,No,8,5,20.0,97.9,4.3,3,3.76,46.1,41.0,5.0,4.0,1.0,3.0,5.0,63.0,1.0,3.0,3.0,1.0,3-5/day,At-Risk
Male,Central,M.Tech,Below 10th,Hindi,5G/Excellent,Yes,8,7,14.4,78.2,6.6,4,4.81,39.7,53.6,3.0,4.0,4.0,2.0,5.0,63.0,2.0,3.0,3.0,3.0,5+/day,At-Risk
Female,West,B.E.,12th Pass,Hindi,No Access,Yes,1,4,24.6,100.0,6.9,2,6.57,68.6,59.1,2.0,2.0,4.0,1.0,4.0,13.0,3.0,1.0,4.0,7.0,5+/day,Pass
Male,North,B.Tech,10th Pass,English,4G/Good,Yes,4,8,24.1,82.4,6.2,3,7.19,64.2,78.4,5.0,2.0,4.0,3.0,4.0,63.0,4.0,3.0,3.0,5.0,5+/day,Pass
Male,South,B.Tech,Graduate,English,4G/Good,No,10,8,11.7,72.0,5.8,4,4.53,48.8,51.5,4.0,4.0,4.0,2.0,5.0,63.0,3.0,4.0,1.0,5.0,3-5/day,Fail
Male,West,MCA,10th Pass,Regional,4G/Good,No,8,8,12.9,59.1,5.3,3,4.28,61.1,53.5,4.0,4.0,4.0,2.0,5.0,63.0,3.0,4.0,1.0,5.0,3-5/day,Fail
Male,South,BCA,Post-Graduate,English,3G/Moderate,No,9,4,18.9,96.3,6.6,5,5.56,51.9,53.0,3.0,3.0,3.0,1.0,3.0,13.0,4.0,3.0,3.0,3.0,5+/day,Pass
Female,Central,B.E.,10th Pass,Hindi,4G/Good,Yes,9,8,15.5,93.5,8.2,3,5.4,56.3,47.7,3.0,2.0,3.0,2.0,1.0,63.0,2.0,4.0,2.0,7.0,3-5/day,Pass
Male,West,B.Tech,12th Pass,Hindi,4G/Good,Yes,2,8,15.7,91.5,8.5,4,7.71,81.3,61.0,3.0,2.0,4.0,1.0,3.0,63.0,3.0,3.0,3.0,5.0,Never,Pass
Female,North,B.Tech,10th Pass,English,3G/Moderate,No,9,6,12.4,97.4,6.5,4,5.29,48.1,36.2,2.0,2.0,4.0,1.0,4.0,13.0,3.0,1.0,4.0,7.0,5+/day,At-Risk
Male,Central,B.Com,12th Pass,Hindi,3G/Moderate,Yes,8,6,19.2,100.0,8.1,0,6.96,60.0,62.0,2.0,3.0,2.0,2.0,5.0,63.0,3.0,3.0,4.0,3.0,5+/day,Pass
Female,Central,B.E.,Below 10th,Hindi,2G/Slow,No,9,8,19.6,56.3,5.1,2,3.99,26.4,49.5,2.0,2.0,1.0,1.0,4.0,88.0,4.0,3.0,3.0,1.0,5+/day,Fail
Male,North,B.E.,Below 10th,Hindi,2G/Slow,Yes,9,5,8.0,60.8,7.3,5,3.15,34.9,46.6,3.0,2.0,4.0,3.0,4.0,88.0,3.0,3.0,3.0,5.0,5+/day,Fail
Male,East,B.E.,Graduate,English,No Access,Yes,3,4,15.3,78.6,6.3,0,5.94,70.2,51.5,4.0,1.0,5.0,4.0,5.0,38.0,3.0,1.0,2.0,7.0,5+/day,At-Risk
Female,South,MCA,10th Pass,English,3G/Moderate,Yes,5,5,14.1,93.7,5.5,0,5.52,46.5,68.5,5.0,3.0,5.0,1.0,4.0,88.0,3.0,4.0,4.0,5.0,5+/day,Fail
Male,South,B.Tech,10th Pass,Hindi,4G/Good,No,3,5,19.9,85.5,9.7,0,6.55,57.0,40.3,3.0,3.0,5.0,3.0,4.0,38.0,3.0,4.0,4.0,3.0,5+/day,Pass
Male,North,B.Tech,Graduate,Regional,3G/Moderate,Yes,6,4,22.0,85.5,5.8,0,6.39,52.1,74.5,3.0,3.0,3.0,3.0,3.0,88.0,2.0,2.0,2.0,7.0,5+/day,Pass
Female,East,BCA,Below 10th,English,3G/Moderate,Yes,10,4,23.1,76.7,6.0,5,5.81,39.2,42.0,4.0,1.0,5.0,4.0,5.0,38.0,3.0,1.0,2.0,7.0,5+/day,Fail
Female,Central,BCA,12th Pass,Regional,2G/Slow,No,5,7,15.4,71.8,5.8,0,5.17,44.9,41.7,3.0,1.0,4.0,1.0,4.0,63.0,3.0,3.0,4.0,5.0,5+/day,Fail
Male,East,BCA,Below 10th,Hindi,4G/Good,No,2,7,21.7,80.8,7.0,5,5.63,51.1,26.9,3.0,4.0,5.0,3.0,4.0,63.0,2.0,4.0,3.0,3.0,3-5/day,Pass
Male,North,M.Tech,10th Pass,Regional,3G/Moderate,No,3,7,7.5,78.9,8.5,3,4.91,71.4,33.6,4.0,3.0,3.0,1.0,5.0,63.0,2.0,2.0,1.0,3.0,3-5/day,At-Risk
Female,West,B.E.,Graduate,English,4G/Good,Yes,7,8,27.3,76.6,4.8,0,7.91,68.5,70.7,3.0,5.0,3.0,2.0,3.0,88.0,2.0,3.0,2.0,3.0,1-3/day,Pass
Male,South,B.Tech,Below 10th,English,4G/Good,No,10,8,13.1,89.5,7.2,4,5.85,61.1,59.4,3.0,5.0,5.0,1.0,5.0,38.0,3.0,3.0,4.0,7.0,3-5/day,At-Risk
Male,Northeast,B.Com,Graduate,English,4G/Good,Yes,10,8,8.6,81.9,7.0,5,5.98,58.3,71.3,4.0,2.0,4.0,3.0,4.0,63.0,3.0,4.0,3.0,3.0,5+/day,At-Risk
Male,South,B.E.,Post-Graduate,English,3G/Moderate,Yes,5,7,13.2,87.3,4.1,2,5.93,65.6,74.9,5.0,3.0,5.0,1.0,4.0,88.0,3.0,4.0,4.0,5.0,5+/day,At-Risk
Female,North,BCA,Below 10th,Regional,4G/Good,No,3,4,28.1,80.7,8.5,1,6.78,43.7,48.9,5.0,1.0,4.0,4.0,3.0,38.0,1.0,1.0,2.0,7.0,5+/day,Pass
Female,North,BCA,Post-Graduate,English,3G/Moderate,Yes,4,8,22.4,90.2,6.9,1,8.12,74.6,67.8,4.0,2.0,2.0,1.0,4.0,63.0,3.0,3.0,3.0,5.0,5+/day,Pass
Male,West,B.E.,10th Pass,Hindi,5G/Excellent,No,6,4,30.5,68.7,7.6,3,7.36,64.9,35.4,2.0,1.0,3.0,4.0,2.0,38.0,2.0,3.0,1.0,5.0,5+/day,Pass
Male,South,B.Tech,Below 10th,English,4G/Good,No,8,7,20.1,65.0,3.4,5,4.62,51.4,36.5,3.0,3.0,3.0,2.0,4.0,88.0,3.0,3.0,3.0,3.0,5+/day,Fail
Male,West,MCA,Below 10th,Hindi,4G/Good,Yes,7,4,27.5,78.0,8.7,0,7.54,76.2,65.6,4.0,5.0,4.0,2.0,4.0,63.0,4.0,2.0,2.0,5.0,5+/day,Pass
Female,North,MCA,12th Pass,English,5G/Excellent,Yes,3,8,15.5,91.2,9.6,4,6.22,59.4,24.0,4.0,2.0,5.0,3.0,3.0,63.0,4.0,3.0,3.0,1.0,1-3/day,Pass
Male,South,BCA,12th Pass,English,4G/Good,No,2,4,8.8,77.7,6.3,1,6.47,54.8,37.9,5.0,4.0,5.0,2.0,4.0,38.0,3.0,3.0,3.0,5.0,5+/day,At-Risk
Male,South,B.E.,10th Pass,English,3G/Moderate,No,3,7,20.6,100.0,5.4,0,7.03,74.2,64.2,4.0,3.0,4.0,4.0,5.0,88.0,4.0,4.0,4.0,3.0,5+/day,At-Risk
Female,Central,B.Tech,Graduate,Regional,2G/Slow,No,5,8,18.5,69.8,3.0,1,5.6,61.4,41.5,3.0,1.0,4.0,3.0,5.0,63.0,3.0,4.0,4.0,7.0,3-5/day,Fail
Male,Central,B.Tech,Graduate,English,4G/Good,No,7,8,21.5,79.7,4.6,1,4.56,59.0,38.2,3.0,2.0,3.0,4.0,1.0,13.0,4.0,3.0,2.0,5.0,3-5/day,Pass
Female,North,B.Tech,10th Pass,English,5G/Excellent,No,8,7,23.8,60.0,7.8,0,4.75,48.2,56.4,3.0,3.0,4.0,3.0,2.0,38.0,1.0,2.0,4.0,7.0,5+/day,At-Risk
Male,South,B.Tech,Graduate,English,5G/Excellent,Yes,6,5,20.8,99.7,6.5,2,8.01,64.8,62.5,4.0,2.0,4.0,1.0,2.0,13.0,3.0,2.0,3.0,5.0,5+/day,Pass
Male,North,B.Com,Post-Graduate,Regional,4G/Good,No,2,6,17.3,80.6,4.2,2,7.4,88.8,51.6,3.0,4.0,5.0,4.0,5.0,63.0,1.0,3.0,3.0,3.0,5+/day,Pass
Male,East,MCA,Below 10th,Hindi,4G/Good,Yes,2,7,17.7,53.8,8.8,3,5.73,44.4,69.6,5.0,3.0,4.0,3.0,1.0,38.0,2.0,4.0,2.0,5.0,5+/day,Fail
Female,South,BCA,10th Pass,Hindi,4G/Good,No,10,4,21.4,78.2,5.5,4,4.82,61.4,82.2,3.0,4.0,4.0,2.0,4.0,13.0,2.0,3.0,4.0,7.0,5+/day,Pass
Female,Central,B.E.,12th Pass,Hindi,4G/Good,Yes,5,5,7.8,51.1,4.3,0,4.89,61.8,56.9,4.0,4.0,5.0,2.0,3.0,38.0,2.0,3.0,3.0,3.0,5+/day,Fail
Female,Central,B.Tech,12th Pass,English,4G/Good,No,5,7,13.1,96.6,6.6,1,5.5,61.3,56.5,4.0,2.0,5.0,3.0,3.0,63.0,4.0,3.0,3.0,1.0,1-3/day,At-Risk
Male,South,B.Com,12th Pass,Hindi,4G/Good,Yes,1,6,32.7,71.1,7.3,2,10.0,84.3,100.0,3.0,4.0,4.0,2.0,5.0,63.0,2.0,3.0,3.0,3.0,5+/day,At-Risk
Female,East,B.E.,10th Pass,English,4G/Good,No,1,8,14.7,82.5,4.5,4,6.93,66.0,43.3,3.0,2.0,4.0,1.0,4.0,63.0,4.0,4.0,2.0,7.0,5+/day,At-Risk
Male,Central,B.Tech,Graduate,English,5G/Excellent,No,9,6,22.7,73.1,6.0,5,5.19,44.3,67.0,4.0,1.0,5.0,1.0,4.0,63.0,4.0,3.0,4.0,3.0,3-5/day,Fail
Male,Northeast,B.E.,12th Pass,Hindi,4G/Good,No,7,6,15.2,79.6,8.8,4,5.81,37.5,68.8,3.0,1.0,3.0,4.0,4.0,63.0,3.0,3.0,3.0,5.0,5+/day,At-Risk
Female,North,M.Tech,12th Pass,Hindi,No Access,No,8,7,16.6,91.6,4.5,0,3.72,36.9,25.1,1.0,3.0,4.0,3.0,4.0,38.0,2.0,3.0,3.0,3.0,1-3/day,At-Risk
Male,South,M.Tech,Below 10th,English,2G/Slow,No,5,8,2.8,77.1,7.0,0,4.13,42.5,47.9,5.0,3.0,4.0,2.0,5.0,13.0,1.0,4.0,1.0,7.0,5+/day,At-Risk
Male,South,B.Tech,12th Pass,English,5G/Excellent,Yes,3,8,22.4,88.7,6.0,0,6.85,49.6,55.6,4.0,2.0,2.0,4.0,3.0,13.0,3.0,2.0,3.0,3.0,5+/day,Pass
Male,North,M.Tech,10th Pass,Regional,5G/Excellent,No,3,6,14.2,48.2,7.3,2,4.15,31.9,33.3,2.0,2.0,3.0,2.0,3.0,63.0,3.0,3.0,2.0,7.0,5+/day,Fail
Male,North,B.Tech,12th Pass,Hindi,4G/Good,No,3,7,3.8,66.7,4.9,3,5.39,44.3,18.5,5.0,1.0,4.0,4.0,5.0,88.0,3.0,2.0,4.0,3.0,3-5/day,Fail
Male,North,B.Tech,Post-Graduate,English,4G/Good,Yes,1,8,8.2,82.6,6.9,3,7.33,67.1,73.5,4.0,1.0,4.0,2.0,4.0,38.0,3.0,2.0,3.0,5.0,3-5/day,Pass
Female,West,MCA,12th Pass,English,5G/Excellent,No,3,8,18.8,73.4,5.1,3,6.41,68.9,44.6,3.0,2.0,1.0,3.0,4.0,0.0,2.0,3.0,2.0,3.0,5+/day,Pass
Male,South,M.Tech,Below 10th,Regional,5G/Excellent,No,2,4,13.2,96.1,3.5,4,4.52,47.9,46.0,3.0,2.0,3.0,2.0,4.0,88.0,4.0,1.0,1.0,1.0,1-3/day,At-Risk
Female,North,BCA,12th Pass,Regional,4G/Good,No,8,6,12.3,92.0,4.4,4,6.74,88.4,65.9,3.0,2.0,5.0,2.0,4.0,63.0,4.0,3.0,3.0,5.0,5+/day,At-Risk
Female,North,BCA,Graduate,Regional,3G/Moderate,Yes,10,5,15.0,98.4,6.2,2,5.36,49.9,57.9,4.0,3.0,2.0,3.0,3.0,88.0,4.0,2.0,4.0,5.0,3-5/day,At-Risk
Male,Northeast,MCA,Graduate,English,4G/Good,No,10,6,0.0,83.2,6.9,0,4.79,48.7,59.0,2.0,1.0,2.0,2.0,5.0,63.0,4.0,4.0,3.0,1.0,3-5/day,At-Risk
Male,Northeast,MCA,12th Pass,Hindi,2G/Slow,Yes,6,7,6.7,73.1,8.3,0,4.47,62.1,42.1,3.0,4.0,3.0,5.0,5.0,63.0,3.0,2.0,3.0,3.0,3-5/day,At-Risk
Male,East,M.Tech,10th Pass,English,5G/Excellent,No,5,8,22.5,89.3,7.0,1,6.65,57.0,75.1,4.0,2.0,2.0,1.0,4.0,63.0,3.0,3.0,3.0,5.0,5+/day,At-Risk
Female,South,BCA,12th Pass,Hindi,2G/Slow,No,1,8,21.6,69.3,8.8,1,5.35,50.2,33.6,2.0,1.0,3.0,4.0,2.0,38.0,2.0,3.0,1.0,5.0,5+/day,At-Risk
Male,Central,B.Com,12th Pass,English,4G/Good,No,2,4,21.9,78.5,6.2,1,8.55,73.8,93.3,4.0,4.0,5.0,1.0,5.0,38.0,1.0,3.0,4.0,5.0,3-5/day,Pass
Female,North,B.Com,Post-Graduate,English,4G/Good,No,2,8,22.3,86.9,7.3,4,9.68,92.8,90.8,4.0,4.0,3.0,2.0,4.0,38.0,3.0,3.0,3.0,7.0,5+/day,Pass
Male,North,B.Tech,12th Pass,English,4G/Good,Yes,7,8,21.1,73.5,5.0,3,6.08,60.3,32.4,3.0,3.0,4.0,4.0,5.0,13.0,4.0,3.0,3.0,3.0,5+/day,At-Risk
Female,South,MCA,Graduate,Hindi,4G/Good,No,7,5,28.1,100.0,7.0,2,6.9,62.0,71.4,4.0,2.0,5.0,3.0,1.0,38.0,2.0,3.0,4.0,5.0,5+/day,Pass
Male,North,B.E.,12th Pass,Hindi,2G/Slow,Yes,6,6,22.2,90.6,5.9,3,6.14,63.1,44.5,2.0,2.0,4.0,2.0,3.0,63.0,1.0,2.0,4.0,5.0,5+/day,Pass
Male,South,B.E.,10th Pass,Hindi,4G/Good,Yes,8,8,18.3,71.0,5.8,0,6.69,52.4,43.2,5.0,1.0,4.0,4.0,5.0,88.0,3.0,2.0,4.0,3.0,3-5/day,Fail
Female,Central,BCA,Graduate,Regional,4G/Good,Yes,4,7,28.8,93.5,6.6,1,8.79,84.4,97.0,2.0,2.0,1.0,1.0,4.0,88.0,4.0,3.0,3.0,1.0,5+/day,Pass
Female,East,B.Tech,12th Pass,Hindi,3G/Moderate,Yes,9,5,21.7,100.0,4.4,3,5.1,65.1,38.1,4.0,1.0,5.0,2.0,5.0,38.0,4.0,4.0,2.0,3.0,1-3/day,At-Risk
Male,South,B.E.,Post-Graduate,Hindi,5G/Excellent,No,8,5,22.0,63.9,7.0,0,4.4,60.2,27.2,3.0,2.0,4.0,1.0,3.0,63.0,3.0,3.0,4.0,1.0,5+/day,Fail
Female,Central,M.Tech,12th Pass,Regional,4G/Good,No,3,4,14.5,97.4,7.6,1,5.8,50.4,40.3,2.0,2.0,4.0,2.0,3.0,13.0,4.0,4.0,2.0,3.0,5+/day,Pass
Male,North,B.Tech,Below 10th,Hindi,4G/Good,No,3,7,18.2,66.9,5.4,3,4.77,27.6,29.0,5.0,2.0,4.0,1.0,4.0,63.0,4.0,1.0,4.0,1.0,3-5/day,Fail
Female,North,B.E.,Graduate,English,4G/Good,Yes,9,5,10.0,81.9,6.8,3,5.69,76.3,36.9,3.0,4.0,4.0,2.0,4.0,63.0,1.0,4.0,3.0,1.0,5+/day,Pass
Female,East,B.Com,Below 10th,Regional,4G/Good,No,9,6,7.4,84.1,8.4,3,4.94,37.8,89.6,5.0,1.0,5.0,1.0,5.0,38.0,1.0,3.0,2.0,3.0,5+/day,Fail
Male,East,B.E.,10th Pass,English,4G/Good,No,5,7,6.0,74.1,7.6,5,6.07,58.2,60.8,4.0,2.0,4.0,4.0,1.0,63.0,3.0,3.0,3.0,3.0,1-3/day,At-Risk
Male,North,B.E.,10th Pass,Hindi,4G/Good,No,10,6,16.5,74.1,6.3,5,4.75,52.8,30.7,5.0,5.0,3.0,1.0,3.0,13.0,2.0,3.0,4.0,5.0,3-5/day,Fail
Male,South,B.E.,Graduate,English,5G/Excellent,No,1,4,27.6,71.7,7.1,1,8.34,49.2,90.6,5.0,4.0,5.0,2.0,4.0,38.0,3.0,3.0,3.0,5.0,5+/day,At-Risk
Female,West,B.E.,12th Pass,Hindi,4G/Good,No,3,4,21.0,75.5,8.7,4,6.27,65.5,42.3,1.0,3.0,4.0,3.0,4.0,38.0,2.0,3.0,3.0,3.0,1-3/day,Pass
Female,West,BCA,Below 10th,Hindi,4G/Good,No,5,8,24.1,70.1,6.9,1,6.62,72.0,52.1,5.0,1.0,4.0,4.0,3.0,38.0,1.0,1.0,2.0,7.0,5+/day,Fail
Male,West,MCA,12th Pass,English,4G/Good,Yes,4,6,11.9,95.4,7.9,2,5.63,59.9,52.7,3.0,3.0,4.0,2.0,5.0,88.0,2.0,3.0,3.0,7.0,5+/day,At-Risk
Male,South,B.E.,12th Pass,Hindi,4G/Good,Yes,4,6,20.1,64.4,7.7,5,6.77,59.6,69.6,4.0,3.0,4.0,2.0,3.0,88.0,1.0,2.0,3.0,5.0,5+/day,At-Risk
Female,North,MCA,Post-Graduate,Regional,4G/Good,No,1,4,32.2,100.0,6.6,1,6.31,54.8,60.7,4.0,2.0,5.0,1.0,4.0,63.0,3.0,3.0,3.0,7.0,5+/day,At-Risk
Other,South,B.E.,12th Pass,English,5G/Excellent,No,6,6,23.6,80.4,8.4,3,6.82,53.4,55.6,5.0,3.0,3.0,2.0,3.0,13.0,3.0,4.0,4.0,1.0,5+/day,Pass
Female,North,B.Tech,Graduate,English,No Access,No,10,7,15.4,56.9,5.0,0,4.36,47.6,57.6,2.0,2.0,4.0,2.0,3.0,63.0,1.0,2.0,4.0,5.0,5+/day,Fail
Male,Central,BCA,10th Pass,English,3G/Moderate,No,4,8,6.1,91.3,7.1,0,3.83,38.3,55.1,4.0,2.0,2.0,1.0,4.0,88.0,3.0,3.0,2.0,5.0,5+/day,Fail
Male,East,BCA,Graduate,Regional,4G/Good,No,1,8,8.8,77.3,5.7,3,5.93,30.7,31.3,4.0,2.0,3.0,1.0,5.0,38.0,2.0,4.0,3.0,1.0,3-5/day,At-Risk
Male,South,BCA,Graduate,Hindi,No Access,No,10,7,22.6,67.7,7.8,4,4.93,51.0,56.6,3.0,4.0,4.0,3.0,2.0,63.0,1.0,4.0,4.0,7.0,5+/day,At-Risk
Female,West,B.Tech,Post-Graduate,Regional,5G/Excellent,Yes,6,5,19.5,77.9,6.5,4,7.79,86.2,50.1,5.0,2.0,4.0,1.0,4.0,63.0,4.0,1.0,4.0,1.0,3-5/day,Pass
Male,East,B.Tech,Below 10th,English,3G/Moderate,No,5,6,30.6,72.7,7.9,1,7.41,54.5,56.4,4.0,2.0,4.0,2.0,3.0,63.0,3.0,3.0,3.0,7.0,3-5/day,Fail
Female,South,B.Tech,12th Pass,English,3G/Moderate,Yes,5,5,18.5,97.4,7.6,1,7.03,60.0,70.4,5.0,4.0,1.0,1.0,4.0,38.0,3.0,3.0,3.0,1.0,5+/day,Pass
Male,Northeast,B.Tech,Graduate,English,5G/Excellent,Yes,2,5,7.6,72.6,5.9,0,6.75,63.3,60.6,4.0,4.0,3.0,2.0,4.0,38.0,3.0,3.0,3.0,1.0,3-5/day,At-Risk
Female,Northeast,BCA,Below 10th,English,3G/Moderate,No,1,6,16.4,66.1,7.3,3,4.2,27.2,53.5,4.0,3.0,3.0,1.0,1.0,63.0,4.0,3.0,3.0,5.0,5+/day,Fail
Female,West,B.Tech,12th Pass,Hindi,4G/Good,Yes,7,4,18.3,73.5,7.2,3,6.38,54.6,55.1,3.0,2.0,4.0,2.0,2.0,13.0,3.0,3.0,3.0,1.0,5+/day,At-Risk
Female,North,MCA,Post-Graduate,Regional,5G/Excellent,Yes,5,6,15.3,70.1,6.2,1,6.67,76.9,34.5,4.0,5.0,4.0,2.0,4.0,63.0,4.0,2.0,2.0,5.0,5+/day,At-Risk
Male,East,B.Tech,12th Pass,English,4G/Good,Yes,3,4,18.0,94.9,7.8,2,7.14,58.0,42.6,4.0,3.0,5.0,1.0,2.0,13.0,4.0,3.0,3.0,5.0,5+/day,Pass
Male,West,B.Tech,Post-Graduate,Regional,4G/Good,Yes,6,7,20.6,84.4,6.3,5,7.04,48.5,60.8,4.0,1.0,5.0,2.0,4.0,63.0,3.0,3.0,3.0,3.0,3-5/day,At-Risk
Male,North,B.E.,Below 10th,English,2G/Slow,Yes,3,4,3.8,64.4,5.3,1,5.03,50.8,62.0,3.0,3.0,4.0,1.0,4.0,88.0,2.0,4.0,3.0,1.0,3-5/day,Fail
Female,North,B.Tech,Graduate,Regional,2G/Slow,Yes,6,5,13.3,69.3,6.9,5,4.6,39.1,31.5,5.0,3.0,4.0,4.0,4.0,88.0,3.0,3.0,3.0,3.0,5+/day,Fail
Female,Central,M.Tech,12th Pass,English,3G/Moderate,No,6,5,26.8,76.7,7.2,1,6.8,72.0,56.0,3.0,4.0,4.0,3.0,3.0,38.0,3.0,3.0,4.0,7.0,5+/day,Pass
Female,North,B.Tech,12th Pass,Regional,No Access,No,9,5,29.3,59.9,3.0,4,4.57,59.1,50.8,5.0,1.0,4.0,3.0,5.0,63.0,3.0,4.0,3.0,3.0,5+/day,Fail
Female,West,B.E.,Post-Graduate,English,4G/Good,No,8,4,9.1,68.7,10.1,5,5.47,35.3,61.4,3.0,2.0,3.0,4.0,1.0,13.0,4.0,3.0,2.0,5.0,3-5/day,At-Risk
Female,East,MCA,Below 10th,Regional,4G/Good,No,1,5,9.1,85.9,10.7,1,6.22,82.3,60.7,5.0,5.0,5.0,5.0,5.0,63.0,2.0,2.0,3.0,3.0,3-5/day,Pass
Male,South,BCA,Graduate,English,4G/Good,No,7,8,23.3,100.0,5.2,1,6.25,48.0,58.9,4.0,5.0,4.0,2.0,3.0,38.0,1.0,4.0,2.0,3.0,1-3/day,Pass
Female,North,B.Tech,Graduate,English,3G/Moderate,Yes,9,6,32.2,59.9,7.4,2,8.51,67.0,65.3,4.0,3.0,4.0,3.0,4.0,88.0,1.0,2.0,3.0,5.0,1-3/day,Fail
Male,Northeast,B.E.,10th Pass,Hindi,4G/Good,Yes,2,5,19.5,100.0,4.9,0,7.17,61.5,42.5,3.0,4.0,5.0,4.0,5.0,63.0,1.0,3.0,3.0,3.0,5+/day,Pass
Male,South,BCA,Post-Graduate,English,3G/Moderate,No,9,4,18.8,86.5,4.0,0,5.63,64.7,60.2,3.0,2.0,1.0,1.0,4.0,13.0,4.0,3.0,3.0,3.0,1-3/day,At-Risk
Male,East,B.Com,12th Pass,Hindi,3G/Moderate,No,6,5,13.0,68.4,5.8,1,5.91,77.5,57.7,2.0,2.0,4.0,4.0,5.0,38.0,4.0,3.0,3.0,7.0,5+/day,Fail
Male,West,M.Tech,Graduate,Regional,4G/Good,Yes,3,4,25.1,100.0,4.4,3,8.41,68.7,80.2,2.0,3.0,3.0,2.0,1.0,63.0,1.0,4.0,3.0,7.0,3-5/day,Pass
Male,West,B.Tech,10th Pass,Hindi,4G/Good,Yes,8,6,15.9,87.0,7.3,1,5.26,58.4,75.5,1.0,1.0,3.0,4.0,4.0,38.0,1.0,3.0,4.0,7.0,5+/day,Pass
Female,Central,B.Com,Graduate,Hindi,5G/Excellent,No,7,4,29.0,92.2,7.8,4,6.96,78.8,60.9,4.0,3.0,5.0,2.0,4.0,38.0,3.0,3.0,3.0,5.0,5+/day,Pass
Male,East,B.Tech,12th Pass,English,5G/Excellent,No,8,6,20.5,91.9,9.1,2,5.99,48.7,41.5,5.0,4.0,2.0,3.0,3.0,88.0,3.0,1.0,3.0,3.0,5+/day,Pass
Female,South,B.Tech,Below 10th,Hindi,4G/Good,No,8,5,19.8,94.9,6.6,1,7.19,63.8,65.8,2.0,1.0,2.0,2.0,5.0,63.0,4.0,4.0,3.0,1.0,3-5/day,At-Risk
Male,Central,MCA,12th Pass,Hindi,4G/Good,Yes,7,8,12.2,67.0,7.8,0,4.09,56.5,57.7,4.0,2.0,4.0,2.0,3.0,63.0,3.0,3.0,3.0,7.0,3-5/day,Fail
Male,West,B.Tech,10th Pass,Regional,2G/Slow,No,1,5,12.5,91.7,7.1,1,6.03,61.4,52.0,3.0,3.0,4.0,2.0,5.0,88.0,2.0,3.0,3.0,7.0,5+/day,At-Risk
Male,South,B.Tech,12th Pass,English,2G/Slow,No,10,6,13.7,82.6,6.9,5,4.17,42.6,41.4,4.0,1.0,1.0,4.0,5.0,88.0,1.0,3.0,3.0,1.0,5+/day,At-Risk
Male,North,B.Tech,10th Pass,Hindi,5G/Excellent,No,10,7,17.4,89.0,5.0,2,4.49,41.5,62.6,4.0,2.0,5.0,3.0,1.0,38.0,1.0,3.0,3.0,3.0,3-5/day,Pass
Female,Northeast,B.E.,Below 10th,English,3G/Moderate,No,10,7,25.7,73.9,6.1,2,4.93,52.6,77.1,5.0,1.0,5.0,3.0,3.0,63.0,4.0,1.0,4.0,1.0,3-5/day,Fail
Male,South,BCA,10th Pass,English,4G/Good,No,8,7,23.8,74.2,5.9,3,5.7,35.5,50.2,4.0,1.0,3.0,3.0,5.0,38.0,2.0,2.0,3.0,1.0,3-5/day,Fail
Female,West,BCA,12th Pass,English,2G/Slow,No,5,5,14.7,75.0,7.4,3,5.84,53.4,43.1,5.0,2.0,5.0,2.0,4.0,88.0,1.0,3.0,4.0,5.0,5+/day,Fail
Male,East,B.Tech,12th Pass,English,3G/Moderate,No,2,4,3.4,90.8,3.3,3,5.66,56.5,52.2,3.0,4.0,3.0,4.0,4.0,38.0,3.0,2.0,2.0,3.0,5+/day,Pass
Female,North,B.E.,12th Pass,English,4G/Good,Yes,2,8,12.9,81.0,8.1,1,6.37,62.7,70.1,5.0,2.0,2.0,3.0,3.0,63.0,4.0,3.0,3.0,5.0,3-5/day,Pass
Female,East,B.Com,10th Pass,English,3G/Moderate,No,2,8,19.1,75.5,6.1,0,7.27,70.4,81.8,3.0,1.0,4.0,1.0,4.0,63.0,3.0,3.0,4.0,5.0,5+/day,At-Risk
Female,North,MCA,Graduate,Regional,4G/Good,No,9,5,19.6,78.0,5.5,4,5.25,46.4,59.4,1.0,2.0,5.0,3.0,3.0,38.0,3.0,4.0,3.0,1.0,3-5/day,Pass
Male,South,B.Tech,Graduate,English,3G/Moderate,No,5,6,30.8,97.0,7.0,0,6.72,64.5,52.5,3.0,5.0,4.0,3.0,5.0,88.0,4.0,3.0,3.0,5.0,3-5/day,Pass
Male,East,B.Com,10th Pass,Regional,4G/Good,No,3,5,28.0,87.9,6.5,2,6.2,49.2,49.2,2.0,2.0,1.0,4.0,5.0,88.0,4.0,3.0,2.0,7.0,3-5/day,At-Risk
Male,South,BCA,Graduate,English,4G/Good,No,6,7,23.6,87.5,6.7,0,6.35,65.1,68.1,5.0,5.0,5.0,5.0,5.0,63.0,2.0,2.0,3.0,3.0,3-5/day,Pass
Female,West,B.Tech,12th Pass,English,4G/Good,No,9,6,13.5,85.2,8.5,1,6.86,58.0,56.7,5.0,2.0,4.0,1.0,2.0,38.0,4.0,3.0,3.0,1.0,1-3/day,At-Risk
Male,Northeast,B.Tech,Graduate,Hindi,4G/Good,Yes,9,8,20.0,94.9,3.8,3,3.96,62.5,38.4,5.0,2.0,5.0,5.0,3.0,63.0,3.0,2.0,4.0,7.0,5+/day,At-Risk
Male,West,B.Tech,10th Pass,Hindi,3G/Moderate,Yes,9,5,21.6,69.3,4.4,0,6.03,59.7,28.0,4.0,4.0,3.0,4.0,5.0,63.0,4.0,4.0,4.0,5.0,Never,Fail
Female,North,BCA,Below 10th,Hindi,4G/Good,No,10,4,27.2,92.6,5.7,2,5.73,42.3,53.3,4.0,2.0,4.0,4.0,1.0,63.0,3.0,3.0,3.0,3.0,1-3/day,Pass
Male,North,B.Tech,Graduate,Hindi,4G/Good,Yes,4,4,11.1,82.9,8.6,2,7.51,59.8,68.6,4.0,2.0,4.0,3.0,4.0,38.0,3.0,3.0,4.0,5.0,3-5/day,Pass
Female,East,B.E.,Graduate,English,5G/Excellent,No,5,8,24.2,70.8,7.7,4,6.82,74.9,89.4,3.0,4.0,3.0,5.0,5.0,63.0,3.0,2.0,3.0,3.0,3-5/day,Pass
Male,Central,B.Tech,Below 10th,Hindi,3G/Moderate,Yes,1,6,22.2,81.8,6.3,0,6.33,48.3,42.5,3.0,1.0,4.0,4.0,5.0,63.0,3.0,4.0,3.0,3.0,5+/day,At-Risk
Male,Northeast,B.Com,10th Pass,Hindi,2G/Slow,No,10,7,14.4,78.7,7.4,1,5.22,27.5,60.8,3.0,3.0,3.0,2.0,4.0,88.0,3.0,3.0,3.0,3.0,5+/day,Fail
Female,Northeast,B.Tech,Graduate,English,3G/Moderate,No,6,4,27.1,86.1,7.8,2,5.46,61.1,66.1,4.0,4.0,4.0,2.0,5.0,63.0,3.0,4.0,1.0,5.0,3-5/day,Pass
Male,South,B.Com,Graduate,Regional,2G/Slow,Yes,2,4,4.7,92.8,7.3,4,5.31,64.8,55.0,2.0,2.0,4.0,1.0,4.0,13.0,3.0,1.0,4.0,7.0,5+/day,Pass
Female,South,B.Com,Graduate,Hindi,3G/Moderate,No,7,5,33.2,68.4,8.1,5,5.32,25.5,76.0,4.0,4.0,3.0,2.0,4.0,38.0,3.0,3.0,3.0,1.0,3-5/day,At-Risk
Male,East,B.Tech,Below 10th,English,3G/Moderate,No,4,8,27.2,100.0,6.8,2,6.22,79.6,68.0,4.0,1.0,1.0,4.0,5.0,88.0,1.0,3.0,3.0,1.0,5+/day,Pass
Male,North,B.E.,12th Pass,Regional,4G/Good,Yes,4,4,16.6,61.8,7.2,4,8.15,68.3,77.8,2.0,1.0,3.0,4.0,2.0,38.0,2.0,3.0,1.0,5.0,5+/day,Pass
Female,North,B.Tech,Below 10th,Regional,5G/Excellent,Yes,9,5,15.0,73.1,7.2,2,4.38,26.0,38.6,4.0,3.0,2.0,3.0,3.0,88.0,4.0,2.0,4.0,5.0,3-5/day,Fail
Female,Central,B.Com,10th Pass,Hindi,3G/Moderate,No,1,6,17.8,100.0,5.9,1,6.81,59.3,65.2,4.0,4.0,5.0,2.0,5.0,63.0,3.0,3.0,4.0,7.0,5+/day,At-Risk
Female,North,B.E.,Below 10th,English,5G/Excellent,Yes,6,4,12.7,64.2,6.3,1,5.18,69.1,37.8,4.0,2.0,5.0,2.0,2.0,38.0,4.0,1.0,3.0,1.0,5+/day,Fail
Male,North,B.Tech,Graduate,Regional,5G/Excellent,No,2,8,16.4,74.9,7.3,2,6.37,34.5,45.0,4.0,3.0,5.0,2.0,4.0,38.0,3.0,3.0,3.0,5.0,5+/day,Fail
Female,North,B.Tech,12th Pass,English,5G/Excellent,Yes,6,5,23.7,72.7,5.0,5,6.15,61.8,62.6,1.0,3.0,5.0,5.0,4.0,0.0,3.0,3.0,4.0,3.0,3-5/day,Pass
Male,Central,B.E.,Graduate,English,5G/Excellent,Yes,7,6,13.0,53.0,5.4,5,5.4,72.2,63.5,2.0,3.0,3.0,2.0,1.0,63.0,1.0,4.0,3.0,7.0,3-5/day,Fail
Male,East,B.Com,Below 10th,English,4G/Good,Yes,3,5,24.6,80.7,6.1,3,6.51,59.5,60.5,3.0,4.0,5.0,3.0,1.0,38.0,1.0,3.0,3.0,5.0,5+/day,Pass
Female,West,BCA,10th Pass,Hindi,4G/Good,Yes,4,7,16.3,87.3,6.6,1,7.68,68.7,78.9,4.0,2.0,5.0,3.0,1.0,63.0,4.0,4.0,4.0,7.0,5+/day,Pass
Male,Central,M.Tech,10th Pass,Regional,4G/Good,Yes,2,8,25.7,87.3,6.5,1,6.94,73.5,53.1,4.0,1.0,4.0,4.0,4.0,38.0,3.0,4.0,4.0,1.0,5+/day,Pass
Female,South,B.E.,10th Pass,Hindi,4G/Good,No,7,8,27.5,74.9,6.5,4,4.77,53.4,67.9,3.0,3.0,3.0,2.0,4.0,88.0,3.0,3.0,3.0,3.0,5+/day,Fail
Male,West,B.Tech,Graduate,Regional,5G/Excellent,Yes,9,4,11.0,58.2,6.7,4,6.53,54.3,75.0,3.0,1.0,3.0,4.0,4.0,63.0,3.0,3.0,3.0,5.0,5+/day,Fail
Male,North,B.Com,10th Pass,English,4G/Good,Yes,5,5,3.2,73.6,6.1,0,4.45,55.4,61.1,4.0,4.0,3.0,1.0,3.0,63.0,3.0,4.0,3.0,3.0,5+/day,Fail
Female,North,B.Tech,10th Pass,English,No Access,Yes,5,6,19.2,71.1,5.5,0,6.06,71.0,45.1,4.0,2.0,4.0,1.0,4.0,0.0,3.0,3.0,3.0,5.0,5+/day,Fail
Female,Northeast,B.Com,Below 10th,Hindi,4G/Good,No,9,4,19.8,85.0,6.6,1,4.86,28.1,54.7,3.0,3.0,1.0,1.0,1.0,88.0,4.0,3.0,3.0,5.0,1-3/day,At-Risk
Female,West,B.E.,Below 10th,Regional,4G/Good,No,8,8,9.4,75.1,7.5,5,5.24,61.4,82.7,4.0,3.0,4.0,5.0,3.0,38.0,2.0,2.0,4.0,7.0,3-5/day,Pass
Female,South,B.Tech,Graduate,Hindi,5G/Excellent,No,1,5,29.7,86.7,7.8,1,7.18,50.3,35.8,5.0,4.0,1.0,1.0,4.0,38.0,3.0,3.0,3.0,1.0,5+/day,Pass
Female,South,BCA,12th Pass,English,2G/Slow,Yes,2,6,15.5,58.6,3.5,2,6.64,60.1,58.5,1.0,2.0,2.0,3.0,4.0,13.0,3.0,2.0,2.0,5.0,5+/day,Fail
Female,East,B.Com,Graduate,English,4G/Good,No,7,8,22.5,89.3,5.0,3,7.13,56.1,71.6,5.0,1.0,5.0,4.0,2.0,38.0,4.0,3.0,3.0,3.0,5+/day,Pass
Female,North,B.Com,Graduate,English,3G/Moderate,No,3,6,12.9,87.8,7.9,2,6.9,53.3,51.6,3.0,4.0,4.0,3.0,3.0,38.0,3.0,3.0,4.0,7.0,5+/day,Pass
Male,North,B.Tech,Below 10th,English,5G/Excellent,No,6,5,7.5,68.4,6.1,5,4.97,65.1,43.0,4.0,2.0,3.0,5.0,5.0,13.0,3.0,4.0,3.0,7.0,5+/day,Fail
Male,North,B.Tech,Below 10th,English,2G/Slow,Yes,1,6,26.2,73.0,3.7,5,5.77,63.2,48.4,3.0,3.0,4.0,3.0,2.0,38.0,1.0,2.0,4.0,7.0,5+/day,At-Risk
Male,South,BCA,Graduate,Regional,5G/Excellent,No,8,4,11.5,77.7,8.3,1,7.81,85.2,55.0,4.0,1.0,5.0,2.0,4.0,63.0,3.0,3.0,3.0,3.0,3-5/day,At-Risk
Other,Northeast,BCA,Graduate,Hindi,2G/Slow,Yes,2,4,23.5,94.6,8.0,4,6.91,53.3,69.3,4.0,5.0,4.0,2.0,3.0,38.0,1.0,4.0,2.0,3.0,1-3/day,Pass
Female,South,BCA,10th Pass,Hindi,No Access,Yes,1,5,12.2,78.1,4.7,0,5.13,62.1,32.2,4.0,2.0,5.0,2.0,2.0,38.0,4.0,1.0,3.0,1.0,5+/day,At-Risk
Male,North,B.Tech,Below 10th,English,3G/Moderate,Yes,2,8,16.5,85.6,4.7,5,6.12,74.0,41.9,4.0,1.0,5.0,2.0,4.0,88.0,3.0,4.0,4.0,5.0,5+/day,Fail
Female,East,B.Com,Below 10th,English,3G/Moderate,No,8,7,16.9,81.6,11.0,3,5.86,56.4,45.1,4.0,3.0,4.0,3.0,3.0,88.0,3.0,4.0,4.0,5.0,5+/day,Fail
Female,Northeast,BCA,10th Pass,Hindi,4G/Good,Yes,10,7,17.8,92.5,5.1,4,5.43,44.4,73.8,5.0,4.0,4.0,1.0,4.0,63.0,4.0,3.0,2.0,1.0,5+/day,At-Risk
Male,North,MCA,Below 10th,Regional,2G/Slow,No,5,7,13.5,83.6,8.3,1,4.86,47.0,70.5,5.0,2.0,5.0,1.0,1.0,38.0,4.0,4.0,3.0,7.0,3-5/day,Fail
Female,North,B.E.,10th Pass,Hindi,4G/Good,No,9,8,23.0,66.7,8.8,3,5.24,39.4,53.6,3.0,2.0,5.0,1.0,5.0,88.0,3.0,3.0,3.0,7.0,3-5/day,Fail
Female,South,B.E.,12th Pass,Regional,3G/Moderate,No,3,4,24.6,78.5,4.3,5,6.56,57.2,84.3,4.0,3.0,4.0,1.0,4.0,13.0,1.0,2.0,2.0,1.0,3-5/day,Pass
Male,West,B.Com,Below 10th,Regional,5G/Excellent,No,8,4,26.5,93.7,5.1,3,6.57,57.5,58.7,4.0,3.0,4.0,4.0,4.0,38.0,1.0,2.0,2.0,1.0,5+/day,Pass
Female,East,BCA,Below 10th,English,No Access,No,4,4,14.9,85.6,8.0,0,6.11,37.6,80.7,3.0,2.0,5.0,3.0,3.0,38.0,3.0,3.0,3.0,3.0,3-5/day,At-Risk
Male,Northeast,M.Tech,Graduate,English,4G/Good,No,7,5,10.2,67.0,4.5,3,5.31,58.9,59.4,2.0,2.0,4.0,2.0,3.0,13.0,4.0,4.0,2.0,3.0,5+/day,Fail
Female,Central,B.Com,12th Pass,Hindi,4G/Good,Yes,10,4,19.5,100.0,4.9,1,6.9,54.3,64.7,4.0,1.0,5.0,4.0,5.0,38.0,3.0,1.0,2.0,7.0,5+/day,At-Risk
Other,West,BCA,Post-Graduate,English,5G/Excellent,No,10,4,20.6,74.4,6.2,0,5.13,60.8,40.8,5.0,2.0,1.0,1.0,5.0,88.0,4.0,3.0,1.0,5.0,3-5/day,Fail
Female,East,B.E.,10th Pass,English,5G/Excellent,No,8,4,20.6,92.9,6.3,1,5.7,66.5,54.4,2.0,2.0,4.0,2.0,3.0,13.0,4.0,4.0,2.0,3.0,5+/day,Pass
Male,East,B.Tech,Graduate,English,5G/Excellent,Yes,3,7,28.7,98.7,8.1,3,7.56,47.2,59.3,4.0,3.0,5.0,1.0,2.0,13.0,4.0,3.0,3.0,5.0,5+/day,Pass
Female,North,B.Tech,10th Pass,English,2G/Slow,Yes,3,6,18.8,94.5,7.3,5,5.7,63.0,40.6,5.0,2.0,5.0,2.0,3.0,88.0,3.0,2.0,3.0,7.0,3-5/day,At-Risk
Female,Central,B.Tech,12th Pass,Regional,5G/Excellent,Yes,1,4,32.7,71.2,6.8,1,7.8,77.0,55.5,5.0,5.0,5.0,5.0,5.0,63.0,2.0,2.0,3.0,3.0,3-5/day,At-Risk
Male,South,B.Tech,Below 10th,English,4G/Good,No,8,6,24.2,94.9,6.3,4,6.35,72.2,61.3,3.0,4.0,3.0,4.0,4.0,38.0,3.0,2.0,2.0,3.0,5+/day,Pass
Female,North,B.Tech,Below 10th,English,5G/Excellent,Yes,2,4,24.4,84.7,4.9,3,7.63,73.7,50.9,3.0,2.0,5.0,3.0,4.0,38.0,3.0,3.0,2.0,1.0,5+/day,Pass
Male,West,B.Tech,Post-Graduate,Hindi,3G/Moderate,Yes,7,7,18.6,66.0,8.3,5,6.04,31.0,66.3,5.0,3.0,5.0,2.0,4.0,88.0,3.0,3.0,3.0,5.0,5+/day,Fail
Female,South,B.E.,12th Pass,Hindi,5G/Excellent,No,7,7,15.8,80.9,6.7,2,6.25,44.8,51.7,4.0,3.0,5.0,1.0,2.0,13.0,4.0,3.0,3.0,5.0,5+/day,At-Risk
Male,East,B.E.,Post-Graduate,Hindi,4G/Good,No,7,6,13.7,69.9,7.5,2,4.89,42.9,47.7,4.0,2.0,1.0,3.0,5.0,38.0,4.0,3.0,4.0,7.0,5+/day,Fail
Male,East,B.Tech,10th Pass,Regional,4G/Good,Yes,4,7,19.3,86.6,6.8,4,6.08,48.6,66.0,4.0,1.0,4.0,4.0,4.0,38.0,3.0,4.0,4.0,1.0,5+/day,Pass
Male,South,B.Tech,10th Pass,Regional,4G/Good,No,7,5,24.1,91.4,6.7,2,5.83,45.3,33.8,4.0,4.0,5.0,2.0,3.0,38.0,2.0,3.0,3.0,3.0,5+/day,Pass
Female,Northeast,BCA,12th Pass,Hindi,4G/Good,No,10,8,16.6,95.5,6.7,2,4.17,41.8,6.1,4.0,4.0,5.0,2.0,5.0,63.0,3.0,3.0,4.0,7.0,5+/day,Fail
Male,South,B.E.,Graduate,English,4G/Good,No,8,8,15.4,81.0,6.5,0,5.24,58.8,38.6,3.0,2.0,1.0,3.0,4.0,0.0,2.0,3.0,2.0,3.0,5+/day,Pass
Female,South,B.E.,12th Pass,Hindi,4G/Good,No,9,4,10.8,71.0,6.3,5,4.96,66.6,62.2,4.0,4.0,4.0,3.0,3.0,88.0,4.0,3.0,3.0,3.0,5+/day,Fail
Male,East,BCA,Post-Graduate,Hindi,4G/Good,Yes,7,7,21.6,67.5,5.6,5,6.26,72.9,66.8,4.0,2.0,3.0,2.0,5.0,88.0,2.0,3.0,3.0,7.0,3-5/day,Fail
Male,West,MCA,Below 10th,Regional,4G/Good,No,6,8,10.5,90.1,7.3,1,4.51,54.0,28.6,5.0,2.0,4.0,1.0,4.0,63.0,4.0,1.0,4.0,1.0,3-5/day,Fail
Female,West,B.E.,Graduate,Regional,4G/Good,No,5,6,20.8,93.6,8.2,5,7.82,76.1,56.4,2.0,2.0,1.0,1.0,4.0,88.0,4.0,3.0,3.0,1.0,5+/day,Pass
Female,South,BCA,10th Pass,Hindi,3G/Moderate,No,10,6,20.0,88.5,6.9,3,5.58,54.2,54.9,2.0,2.0,4.0,1.0,4.0,13.0,3.0,1.0,4.0,7.0,5+/day,At-Risk
Male,West,B.Com,10th Pass,Hindi,5G/Excellent,No,10,6,17.0,71.7,8.9,5,5.38,53.0,48.3,4.0,2.0,5.0,1.0,4.0,63.0,3.0,3.0,3.0,7.0,5+/day,Fail
Female,North,MCA,12th Pass,English,4G/Good,No,7,4,26.4,74.3,5.8,2,5.53,47.0,60.9,5.0,2.0,1.0,1.0,5.0,88.0,4.0,3.0,1.0,5.0,3-5/day,Fail
Female,Central,B.E.,12th Pass,English,3G/Moderate,Yes,10,8,29.1,75.1,9.7,3,7.3,50.0,70.5,3.0,4.0,5.0,3.0,4.0,63.0,2.0,4.0,3.0,3.0,3-5/day,Pass
Female,South,BCA,Below 10th,English,4G/Good,Yes,2,8,3.3,63.9,7.2,4,4.65,41.4,69.3,5.0,1.0,4.0,4.0,3.0,38.0,1.0,1.0,2.0,7.0,5+/day,Fail
Male,West,B.Tech,10th Pass,English,3G/Moderate,Yes,5,8,7.6,88.0,3.0,2,5.3,48.4,67.1,4.0,2.0,4.0,1.0,2.0,88.0,4.0,3.0,3.0,7.0,1-3/day,Fail
Male,North,BCA,12th Pass,English,2G/Slow,Yes,8,6,22.1,80.3,9.4,0,6.08,67.5,59.6,5.0,3.0,5.0,4.0,2.0,13.0,3.0,3.0,3.0,5.0,5+/day,Pass
Female,North,B.Com,12th Pass,English,4G/Good,No,6,6,29.9,99.2,5.1,3,7.11,77.5,64.9,4.0,4.0,3.0,2.0,4.0,38.0,3.0,3.0,3.0,7.0,5+/day,Pass
Male,East,B.E.,10th Pass,Hindi,4G/Good,Yes,6,4,8.5,70.3,6.8,4,4.06,29.1,58.5,4.0,3.0,4.0,2.0,5.0,13.0,2.0,2.0,2.0,1.0,5+/day,Fail
Female,Northeast,B.Com,Below 10th,Hindi,3G/Moderate,Yes,1,5,21.0,80.2,7.3,0,6.72,60.4,87.5,3.0,4.0,4.0,2.0,4.0,13.0,2.0,3.0,4.0,7.0,5+/day,Pass
Female,East,B.E.,Below 10th,Hindi,3G/Moderate,No,2,8,5.8,67.0,6.6,5,5.5,46.1,36.8,4.0,5.0,4.0,3.0,5.0,88.0,3.0,3.0,4.0,7.0,5+/day,Fail
Female,Central,B.Com,Post-Graduate,Hindi,5G/Excellent,No,3,4,5.0,77.4,6.3,5,6.32,56.4,55.0,2.0,3.0,2.0,2.0,5.0,63.0,3.0,3.0,4.0,3.0,5+/day,Pass
Female,East,BCA,Post-Graduate,English,3G/Moderate,No,7,6,32.5,91.5,5.5,1,7.78,37.3,52.9,4.0,2.0,4.0,1.0,4.0,0.0,3.0,3.0,3.0,5.0,5+/day,At-Risk
Other,East,B.Tech,12th Pass,Regional,3G/Moderate,No,10,5,20.7,82.7,5.7,4,4.94,10.6,66.2,5.0,1.0,5.0,2.0,3.0,63.0,4.0,3.0,3.0,7.0,5+/day,Fail
Male,North,BCA,Post-Graduate,English,5G/Excellent,No,6,7,7.2,70.4,8.3,0,6.47,59.5,69.0,4.0,1.0,3.0,2.0,3.0,88.0,3.0,3.0,3.0,7.0,3-5/day,Fail
Female,Northeast,B.Tech,Graduate,Regional,3G/Moderate,No,5,5,16.5,64.0,5.0,3,3.99,51.2,32.6,3.0,3.0,4.0,4.0,5.0,13.0,4.0,3.0,3.0,3.0,5+/day,Fail
Male,North,B.Tech,Below 10th,English,4G/Good,No,9,4,12.5,78.0,6.6,0,6.03,66.1,63.9,1.0,3.0,5.0,5.0,4.0,0.0,3.0,3.0,4.0,3.0,3-5/day,Pass
Male,Central,MCA,Below 10th,Hindi,3G/Moderate,No,10,5,15.0,84.5,7.6,4,5.2,41.8,40.3,3.0,1.0,4.0,2.0,2.0,38.0,3.0,1.0,4.0,7.0,3-5/day,At-Risk
Female,Central,B.Tech,Post-Graduate,English,4G/Good,Yes,7,6,15.8,91.8,4.9,1,7.31,80.1,66.8,3.0,4.0,3.0,4.0,4.0,38.0,3.0,2.0,2.0,3.0,5+/day,Pass
Female,Central,MCA,12th Pass,English,4G/Good,No,9,5,19.5,73.0,7.2,1,5.59,55.7,74.4,3.0,3.0,4.0,2.0,5.0,88.0,2.0,3.0,3.0,7.0,5+/day,Fail
Other,East,B.Tech,Graduate,English,5G/Excellent,No,3,6,21.1,72.7,8.1,4,5.49,62.4,61.1,3.0,2.0,5.0,1.0,5.0,88.0,3.0,3.0,3.0,7.0,3-5/day,Fail
Female,West,B.Tech,Graduate,Hindi,4G/Good,No,8,5,13.2,100.0,7.0,5,5.07,55.4,69.9,3.0,2.0,4.0,3.0,4.0,88.0,3.0,3.0,3.0,5.0,5+/day,At-Risk
Male,West,B.Com,12th Pass,English,4G/Good,No,9,4,12.8,81.7,8.2,3,5.94,67.3,76.1,4.0,2.0,1.0,3.0,5.0,38.0,4.0,3.0,4.0,7.0,5+/day,At-Risk
Male,North,B.E.,Below 10th,Hindi,5G/Excellent,No,2,7,20.8,93.4,6.4,1,5.73,46.5,40.8,4.0,2.0,5.0,3.0,3.0,63.0,4.0,3.0,3.0,1.0,1-3/day,At-Risk
Female,East,BCA,10th Pass,English,5G/Excellent,No,4,8,13.4,66.8,5.2,2,6.12,50.8,82.1,3.0,4.0,5.0,4.0,5.0,63.0,1.0,3.0,3.0,3.0,5+/day,Fail
Male,North,BCA,Below 10th,English,2G/Slow,Yes,2,5,13.4,85.9,6.3,5,5.61,42.0,39.5,4.0,4.0,4.0,3.0,3.0,88.0,4.0,3.0,3.0,3.0,5+/day,Pass
Male,East,BCA,10th Pass,Regional,5G/Excellent,Yes,7,7,18.7,90.9,4.5,2,5.38,39.4,22.8,2.0,2.0,5.0,3.0,5.0,38.0,4.0,2.0,3.0,3.0,5+/day,At-Risk
Male,North,B.Com,12th Pass,Regional,4G/Good,Yes,4,5,18.2,82.7,10.1,1,7.21,56.4,60.0,2.0,2.0,5.0,3.0,5.0,38.0,4.0,2.0,3.0,3.0,5+/day,Pass
Male,North,BCA,Below 10th,Hindi,4G/Good,Yes,6,7,14.9,61.1,6.5,3,3.89,34.9,23.1,4.0,5.0,4.0,2.0,5.0,38.0,2.0,2.0,4.0,5.0,5+/day,Fail
Male,South,B.E.,10th Pass,English,4G/Good,Yes,8,6,25.4,71.1,3.7,3,4.86,74.1,45.2,4.0,3.0,4.0,3.0,4.0,38.0,1.0,4.0,4.0,5.0,3-5/day,Fail
Male,South,M.Tech,12th Pass,English,4G/Good,No,6,7,21.5,86.4,5.5,3,6.08,77.2,64.1,5.0,1.0,4.0,3.0,5.0,63.0,3.0,4.0,3.0,3.0,5+/day,At-Risk
Male,West,B.Tech,10th Pass,Regional,3G/Moderate,No,4,8,32.1,62.8,6.2,3,5.85,63.6,82.0,4.0,4.0,5.0,2.0,5.0,63.0,3.0,3.0,4.0,7.0,5+/day,Fail
Male,North,B.E.,12th Pass,English,4G/Good,No,6,7,16.3,100.0,4.6,3,5.77,48.8,41.9,5.0,3.0,4.0,2.0,5.0,13.0,1.0,4.0,1.0,7.0,5+/day,At-Risk
Other,East,B.Com,12th Pass,Regional,4G/Good,No,1,8,22.9,95.7,4.6,0,6.79,62.6,48.2,4.0,5.0,4.0,2.0,4.0,63.0,4.0,2.0,2.0,5.0,5+/day,Pass
Male,North,BCA,12th Pass,English,3G/Moderate,No,6,8,28.2,63.9,6.0,1,3.73,60.5,48.1,4.0,1.0,5.0,2.0,4.0,63.0,3.0,3.0,3.0,3.0,3-5/day,Fail
Male,East,MCA,Post-Graduate,Regional,4G/Good,Yes,10,7,11.7,85.2,7.3,4,5.82,52.0,46.5,5.0,1.0,5.0,4.0,2.0,38.0,4.0,3.0,3.0,3.0,5+/day,Pass
Female,West,BCA,Below 10th,English,5G/Excellent,No,8,8,15.5,82.9,7.9,5,6.18,42.2,62.7,4.0,4.0,3.0,4.0,5.0,38.0,3.0,2.0,1.0,3.0,5+/day,Pass
Male,East,MCA,Below 10th,English,4G/Good,No,4,8,26.6,95.1,8.2,2,5.78,87.2,88.4,3.0,2.0,3.0,2.0,4.0,88.0,4.0,1.0,1.0,1.0,1-3/day,Pass
Female,West,B.Com,Graduate,Hindi,4G/Good,Yes,9,6,22.7,52.0,5.6,1,6.46,62.5,32.3,2.0,2.0,4.0,4.0,5.0,38.0,4.0,3.0,3.0,7.0,5+/day,Fail
Female,South,B.Tech,12th Pass,Regional,5G/Excellent,Yes,6,4,17.8,84.0,3.0,2,7.04,91.3,67.7,5.0,4.0,4.0,4.0,4.0,38.0,3.0,1.0,3.0,7.0,5+/day,Pass
Male,West,B.Tech,Graduate,Regional,4G/Good,Yes,6,6,8.3,67.6,9.2,1,5.54,55.5,36.3,1.0,1.0,3.0,4.0,4.0,38.0,1.0,3.0,4.0,7.0,5+/day,Fail
Male,South,B.E.,10th Pass,Hindi,2G/Slow,No,4,4,8.9,87.3,6.2,1,3.33,40.9,30.1,4.0,1.0,5.0,1.0,4.0,63.0,4.0,3.0,4.0,3.0,3-5/day,Fail
Female,East,BCA,Graduate,Regional,4G/Good,No,8,4,14.8,68.9,5.8,2,6.02,70.9,57.7,4.0,2.0,5.0,3.0,5.0,88.0,4.0,1.0,3.0,7.0,5+/day,Fail
Female,West,B.Tech,Post-Graduate,Hindi,3G/Moderate,No,5,6,12.4,98.4,8.4,3,5.62,56.1,53.8,4.0,1.0,3.0,2.0,3.0,88.0,3.0,3.0,3.0,7.0,3-5/day,At-Risk
Male,North,B.Tech,12th Pass,Regional,4G/Good,Yes,1,8,12.5,85.7,6.0,2,6.58,63.5,60.8,4.0,1.0,4.0,4.0,4.0,38.0,3.0,4.0,4.0,1.0,5+/day,Pass
Female,West,B.Tech,Below 10th,Regional,5G/Excellent,Yes,7,6,5.2,60.4,7.2,2,3.84,55.8,49.6,4.0,2.0,2.0,1.0,4.0,63.0,3.0,3.0,3.0,5.0,5+/day,Fail
Male,East,B.Com,Graduate,Hindi,4G/Good,Yes,8,8,8.5,51.4,6.9,2,4.89,71.3,40.5,4.0,4.0,4.0,3.0,3.0,88.0,4.0,3.0,3.0,3.0,5+/day,Fail
Other,South,BCA,Graduate,Hindi,4G/Good,Yes,6,6,11.8,88.0,4.6,3,5.48,65.4,75.5,5.0,1.0,5.0,3.0,3.0,63.0,4.0,1.0,4.0,1.0,3-5/day,At-Risk
Male,North,B.E.,Graduate,Hindi,4G/Good,Yes,7,6,18.8,73.7,4.9,1,6.74,60.0,46.2,3.0,2.0,4.0,1.0,4.0,63.0,4.0,4.0,2.0,7.0,5+/day,Fail
Female,North,B.Tech,Below 10th,Hindi,3G/Moderate,Yes,7,5,15.6,88.9,6.2,4,6.22,54.7,59.2,3.0,2.0,4.0,1.0,4.0,63.0,2.0,3.0,3.0,1.0,5+/day,At-Risk
Female,Central,B.E.,Graduate,Regional,4G/Good,No,4,7,18.4,74.1,6.5,4,6.7,61.2,75.6,3.0,3.0,3.0,1.0,3.0,13.0,4.0,3.0,3.0,3.0,5+/day,At-Risk
Female,West,B.Tech,Below 10th,English,4G/Good,Yes,4,6,18.1,96.4,5.6,1,6.99,67.1,49.3,3.0,1.0,3.0,4.0,4.0,63.0,3.0,3.0,3.0,5.0,5+/day,Pass
Male,North,B.Tech,10th Pass,English,2G/Slow,No,1,7,6.1,94.1,5.6,2,4.66,43.5,42.4,3.0,3.0,4.0,1.0,4.0,88.0,2.0,4.0,3.0,1.0,3-5/day,At-Risk
Male,South,B.Com,12th Pass,Hindi,5G/Excellent,No,2,8,25.4,87.2,6.4,1,6.76,64.4,58.5,5.0,3.0,4.0,2.0,4.0,63.0,3.0,4.0,4.0,7.0,5+/day,At-Risk
Male,East,B.Com,10th Pass,English,3G/Moderate,No,3,5,23.1,71.2,5.4,0,6.16,72.1,52.6,5.0,1.0,4.0,2.0,1.0,88.0,3.0,2.0,3.0,5.0,5+/day,Fail
Male,Northeast,B.Tech,Graduate,Hindi,5G/Excellent,No,5,5,18.3,75.0,7.8,1,7.06,59.0,55.2,3.0,2.0,5.0,3.0,4.0,38.0,3.0,3.0,2.0,1.0,5+/day,Pass
Male,North,B.Tech,12th Pass,Regional,4G/Good,Yes,10,4,14.3,78.9,7.0,0,5.88,64.6,62.6,3.0,2.0,1.0,3.0,4.0,0.0,2.0,3.0,2.0,3.0,5+/day,Pass
Female,North,B.Tech,Below 10th,Hindi,4G/Good,No,9,7,27.5,69.4,5.7,5,5.33,42.1,52.4,2.0,3.0,4.0,2.0,2.0,38.0,3.0,4.0,2.0,1.0,5+/day,At-Risk
Male,Central,B.E.,Graduate,Regional,2G/Slow,No,5,5,10.9,89.9,7.4,5,5.42,47.4,48.7,4.0,4.0,4.0,4.0,4.0,88.0,4.0,4.0,4.0,5.0,5+/day,At-Risk
Male,North,B.Tech,Post-Graduate,English,3G/Moderate,Yes,6,8,24.9,78.1,8.5,4,6.47,73.0,42.9,3.0,1.0,4.0,4.0,5.0,63.0,3.0,4.0,3.0,3.0,5+/day,Pass
Female,North,B.Tech,10th Pass,Regional,5G/Excellent,Yes,7,4,11.9,79.8,6.8,4,7.58,83.8,35.9,5.0,1.0,4.0,1.0,3.0,38.0,3.0,2.0,3.0,7.0,5+/day,At-Risk
Female,Central,B.Tech,12th Pass,Hindi,4G/Good,No,4,5,27.2,75.8,4.3,4,5.65,39.1,70.0,5.0,2.0,3.0,2.0,5.0,88.0,4.0,4.0,2.0,5.0,5+/day,Fail
Female,East,MCA,10th Pass,English,5G/Excellent,No,8,8,21.3,81.8,8.9,2,5.45,74.5,50.1,5.0,1.0,3.0,5.0,5.0,38.0,4.0,3.0,3.0,1.0,5+/day,At-Risk
Other,South,BCA,12th Pass,Hindi,4G/Good,Yes,6,7,24.3,84.1,9.0,0,6.1,63.2,40.6,5.0,5.0,4.0,2.0,4.0,88.0,4.0,3.0,1.0,7.0,5+/day,At-Risk
Male,North,BCA,10th Pass,Regional,5G/Excellent,Yes,1,8,19.5,75.4,8.4,0,5.9,29.2,69.6,3.0,3.0,4.0,1.0,2.0,63.0,3.0,3.0,4.0,3.0,5+/day,Pass
Male,North,B.E.,10th Pass,English,5G/Excellent,No,6,8,21.1,79.2,7.4,0,5.64,41.4,21.8,3.0,2.0,1.0,1.0,4.0,13.0,4.0,3.0,3.0,3.0,1-3/day,At-Risk
Female,North,B.Com,Below 10th,Hindi,4G/Good,Yes,2,8,18.2,76.4,7.3,1,7.1,75.6,100.0,1.0,2.0,5.0,1.0,5.0,13.0,3.0,3.0,3.0,3.0,5+/day,Pass
Female,Central,B.Com,Post-Graduate,Regional,4G/Good,No,4,6,10.9,76.4,6.7,2,6.08,66.7,68.1,5.0,4.0,1.0,1.0,4.0,38.0,3.0,3.0,3.0,1.0,5+/day,Pass
Male,South,B.Tech,12th Pass,English,5G/Excellent,Yes,4,5,25.7,82.2,6.6,5,6.66,70.5,39.4,5.0,3.0,5.0,3.0,4.0,88.0,3.0,4.0,3.0,5.0,5+/day,Pass
Female,West,B.Tech,12th Pass,Hindi,3G/Moderate,No,10,8,16.1,51.3,4.8,4,3.14,5.0,27.3,5.0,3.0,4.0,3.0,5.0,88.0,3.0,3.0,4.0,7.0,5+/day,Fail
Male,Central,B.E.,10th Pass,Hindi,5G/Excellent,Yes,10,4,18.7,98.8,4.8,5,4.36,45.9,50.0,4.0,3.0,4.0,4.0,5.0,88.0,4.0,4.0,4.0,3.0,5+/day,At-Risk
Male,South,B.Tech,12th Pass,English,4G/Good,Yes,5,6,6.9,91.2,5.2,1,6.99,59.5,60.8,4.0,5.0,4.0,2.0,4.0,63.0,4.0,2.0,2.0,5.0,5+/day,Pass
Female,North,B.E.,10th Pass,Hindi,4G/Good,No,10,8,16.8,83.9,3.5,2,5.74,55.2,66.8,4.0,2.0,2.0,3.0,5.0,0.0,2.0,2.0,3.0,3.0,5+/day,At-Risk
Female,East,BCA,10th Pass,English,2G/Slow,Yes,2,8,20.8,92.0,4.6,4,6.54,51.8,75.3,4.0,2.0,2.0,1.0,4.0,88.0,3.0,3.0,2.0,5.0,5+/day,At-Risk
Female,Central,B.E.,12th Pass,Regional,4G/Good,Yes,6,5,30.1,65.7,6.5,0,6.67,35.8,47.6,2.0,2.0,3.0,4.0,4.0,88.0,4.0,3.0,4.0,1.0,5+/day,Fail
Male,Northeast,B.Tech,10th Pass,English,3G/Moderate,No,3,6,17.5,61.0,3.1,0,4.18,7.0,42.1,4.0,2.0,5.0,1.0,4.0,63.0,3.0,3.0,3.0,7.0,5+/day,Fail
Female,North,B.E.,10th Pass,English,5G/Excellent,Yes,9,8,15.6,59.3,5.1,5,5.75,62.5,53.4,1.0,3.0,5.0,5.0,4.0,0.0,3.0,3.0,4.0,3.0,3-5/day,Fail
Male,West,B.Com,12th Pass,Hindi,4G/Good,Yes,6,8,13.4,87.2,6.2,0,6.13,49.3,28.6,5.0,2.0,4.0,3.0,4.0,63.0,4.0,3.0,3.0,5.0,5+/day,Fail
Male,East,B.Tech,Graduate,English,3G/Moderate,Yes,3,7,13.6,83.7,5.4,3,4.13,34.6,47.5,2.0,4.0,4.0,5.0,4.0,13.0,4.0,3.0,3.0,1.0,5+/day,Pass
Female,Central,BCA,10th Pass,English,5G/Excellent,No,3,4,30.5,86.3,6.0,0,5.77,60.7,28.3,1.0,2.0,5.0,2.0,5.0,38.0,3.0,4.0,3.0,7.0,5+/day,At-Risk
Female,North,B.Tech,Below 10th,Regional,4G/Good,No,5,4,10.5,93.2,6.9,4,6.2,59.3,70.0,4.0,3.0,4.0,3.0,4.0,38.0,1.0,4.0,4.0,5.0,3-5/day,Pass
Female,East,B.Tech,10th Pass,Regional,5G/Excellent,No,6,5,15.1,53.5,7.9,1,5.89,56.2,44.7,5.0,3.0,5.0,2.0,4.0,88.0,3.0,3.0,3.0,5.0,5+/day,Fail
Female,Northeast,BCA,Post-Graduate,Regional,4G/Good,No,4,6,28.0,67.6,5.4,1,6.13,75.5,54.7,4.0,2.0,1.0,2.0,5.0,88.0,1.0,4.0,2.0,1.0,5+/day,Fail
Female,South,B.Tech,Graduate,Hindi,4G/Good,Yes,5,8,26.1,74.2,6.0,3,7.52,88.9,62.1,2.0,4.0,4.0,2.0,3.0,38.0,2.0,3.0,4.0,3.0,5+/day,Pass
Female,East,B.Tech,12th Pass,Regional,4G/Good,Yes,3,6,34.2,90.0,3.2,3,7.22,86.7,49.3,4.0,3.0,4.0,3.0,5.0,88.0,4.0,4.0,2.0,7.0,5+/day,At-Risk
Male,North,B.Tech,Post-Graduate,Regional,4G/Good,No,10,5,25.5,83.8,7.4,4,5.84,43.7,50.1,4.0,2.0,4.0,1.0,2.0,88.0,4.0,3.0,3.0,7.0,1-3/day,At-Risk
Male,South,BCA,12th Pass,English,No Access,No,4,7,19.7,100.0,5.2,2,5.3,67.2,46.3,3.0,1.0,3.0,1.0,2.0,88.0,1.0,4.0,3.0,3.0,5+/day,At-Risk
Male,South,BCA,Post-Graduate,English,3G/Moderate,No,8,5,22.3,68.9,7.0,3,5.1,36.9,56.4,3.0,2.0,3.0,4.0,1.0,13.0,4.0,3.0,2.0,5.0,3-5/day,At-Risk
Male,Central,B.Tech,10th Pass,English,5G/Excellent,No,8,4,10.9,88.3,6.0,5,5.56,63.8,21.7,4.0,3.0,4.0,2.0,5.0,88.0,4.0,3.0,3.0,1.0,5+/day,At-Risk
Female,South,BCA,10th Pass,Hindi,4G/Good,Yes,1,7,17.3,93.4,9.8,3,8.07,62.5,61.1,4.0,2.0,3.0,1.0,5.0,38.0,3.0,3.0,2.0,3.0,5+/day,Pass
Male,South,B.Tech,12th Pass,Regional,5G/Excellent,No,4,8,11.2,99.6,9.2,4,6.61,62.6,100.0,3.0,4.0,4.0,2.0,4.0,63.0,1.0,4.0,3.0,1.0,5+/day,Pass
Male,West,BCA,10th Pass,Hindi,3G/Moderate,No,2,5,28.0,79.5,7.4,5,7.27,70.5,68.4,4.0,3.0,4.0,1.0,4.0,38.0,2.0,3.0,4.0,7.0,3-5/day,Pass
Male,North,B.E.,12th Pass,Hindi,5G/Excellent,Yes,4,6,7.7,66.4,7.1,1,5.96,59.0,52.1,3.0,2.0,3.0,2.0,4.0,88.0,4.0,1.0,1.0,1.0,1-3/day,Fail
Female,East,BCA,10th Pass,English,4G/Good,Yes,5,6,16.3,89.9,6.9,4,5.41,62.6,57.1,4.0,4.0,5.0,2.0,5.0,13.0,3.0,2.0,4.0,5.0,5+/day,Pass
Male,West,B.Com,12th Pass,English,4G/Good,No,1,4,10.7,85.5,5.8,0,6.68,63.2,52.0,3.0,2.0,3.0,2.0,1.0,63.0,2.0,4.0,2.0,7.0,3-5/day,Pass
Female,Northeast,B.Com,10th Pass,Hindi,4G/Good,No,5,4,25.1,88.9,5.3,2,6.89,55.1,81.0,5.0,3.0,4.0,3.0,1.0,88.0,3.0,2.0,2.0,7.0,5+/day,Pass
Male,West,B.Tech,Below 10th,Regional,5G/Excellent,No,7,4,19.2,98.2,5.1,3,6.3,53.8,64.9,4.0,3.0,4.0,2.0,3.0,88.0,1.0,3.0,4.0,5.0,5+/day,At-Risk
Male,West,M.Tech,Post-Graduate,English,4G/Good,No,5,4,17.8,79.1,5.5,2,7.4,60.8,45.5,5.0,3.0,4.0,2.0,2.0,63.0,3.0,3.0,1.0,3.0,5+/day,Pass
Female,North,B.Tech,Graduate,Regional,4G/Good,No,7,8,9.7,69.5,7.1,4,5.45,52.9,54.8,4.0,3.0,5.0,1.0,2.0,13.0,4.0,3.0,3.0,5.0,5+/day,Fail
Female,Central,B.Com,Post-Graduate,English,2G/Slow,Yes,9,7,28.0,88.8,6.1,1,8.33,75.4,68.7,2.0,2.0,3.0,4.0,4.0,88.0,4.0,3.0,4.0,1.0,5+/day,Pass
Male,North,B.Tech,Graduate,Hindi,4G/Good,No,8,4,11.5,85.7,3.4,2,5.49,44.7,66.8,3.0,4.0,4.0,3.0,3.0,38.0,3.0,3.0,4.0,7.0,5+/day,Pass
Female,West,B.E.,Graduate,Hindi,5G/Excellent,No,1,5,15.2,78.2,10.3,3,5.98,47.8,37.0,4.0,1.0,3.0,2.0,4.0,38.0,4.0,3.0,3.0,3.0,5+/day,At-Risk
Female,South,B.Tech,12th Pass,Regional,3G/Moderate,No,10,8,18.0,69.9,6.3,0,4.28,50.1,40.2,3.0,1.0,4.0,5.0,2.0,88.0,3.0,3.0,4.0,3.0,5+/day,Fail
Male,Central,B.Tech,Below 10th,English,4G/Good,No,10,7,21.8,86.1,9.7,2,5.46,66.1,41.9,3.0,1.0,4.0,1.0,5.0,88.0,4.0,3.0,4.0,1.0,3-5/day,Fail
Female,West,BCA,10th Pass,English,No Access,No,2,8,16.0,92.3,5.9,4,3.65,33.9,22.8,4.0,5.0,4.0,2.0,3.0,38.0,1.0,4.0,2.0,3.0,1-3/day,Pass
Female,West,B.Com,10th Pass,English,5G/Excellent,Yes,6,6,28.1,62.9,6.1,5,6.85,65.4,44.0,5.0,1.0,4.0,2.0,1.0,88.0,3.0,2.0,3.0,5.0,5+/day,Fail
Female,North,BCA,Graduate,Regional,5G/Excellent,No,5,8,18.4,82.5,7.9,4,7.08,62.7,56.3,5.0,3.0,4.0,5.0,3.0,63.0,4.0,4.0,4.0,5.0,3-5/day,Pass
Female,South,BCA,10th Pass,English,4G/Good,No,1,8,29.7,89.1,6.1,2,8.31,97.7,92.9,3.0,1.0,4.0,3.0,5.0,63.0,3.0,4.0,4.0,7.0,3-5/day,Pass
Female,East,MCA,Post-Graduate,English,2G/Slow,No,2,6,11.6,100.0,7.1,4,6.41,76.0,58.2,5.0,3.0,5.0,4.0,2.0,13.0,3.0,3.0,3.0,5.0,5+/day,Pass
Female,West,B.Tech,12th Pass,Hindi,4G/Good,Yes,3,6,21.7,82.8,6.0,5,6.98,54.9,69.1,2.0,2.0,4.0,1.0,4.0,13.0,3.0,1.0,4.0,7.0,5+/day,Pass
Female,North,B.Tech,Graduate,Hindi,No Access,Yes,10,6,12.8,100.0,5.8,2,5.55,50.8,47.7,4.0,3.0,4.0,5.0,3.0,38.0,2.0,2.0,4.0,7.0,3-5/day,Pass
Female,Central,B.Tech,Below 10th,Regional,4G/Good,No,5,8,16.9,92.1,8.8,2,5.67,53.5,39.5,3.0,2.0,4.0,1.0,4.0,63.0,4.0,4.0,2.0,7.0,5+/day,Fail
Female,Central,B.E.,10th Pass,Regional,3G/Moderate,No,7,6,8.7,92.3,4.7,1,3.28,29.2,36.2,4.0,2.0,4.0,3.0,4.0,63.0,3.0,4.0,3.0,3.0,5+/day,Fail
Female,South,B.Tech,Post-Graduate,Hindi,4G/Good,No,6,4,27.6,72.3,5.7,4,6.57,51.2,58.1,4.0,4.0,2.0,4.0,4.0,13.0,1.0,1.0,1.0,3.0,5+/day,Pass
Female,Northeast,B.Tech,10th Pass,Regional,No Access,No,3,5,27.6,100.0,9.2,5,5.98,68.5,76.3,3.0,4.0,4.0,3.0,2.0,63.0,1.0,4.0,4.0,7.0,5+/day,Pass
Male,East,B.Tech,10th Pass,Hindi,2G/Slow,No,6,5,26.6,82.7,6.0,1,2.58,6.0,46.0,5.0,1.0,5.0,3.0,4.0,63.0,1.0,3.0,3.0,3.0,5+/day,Fail
Female,South,B.Tech,10th Pass,English,No Access,Yes,4,6,24.7,84.4,4.3,5,5.95,56.2,58.4,4.0,3.0,4.0,4.0,4.0,38.0,1.0,2.0,2.0,1.0,5+/day,Pass
Female,South,B.Com,Below 10th,Regional,4G/Good,Yes,3,7,37.2,82.2,7.4,4,7.66,78.0,43.4,3.0,4.0,5.0,3.0,1.0,38.0,1.0,3.0,3.0,5.0,5+/day,Pass
Male,East,B.Tech,10th Pass,Hindi,4G/Good,Yes,4,8,19.5,96.9,6.4,1,7.53,86.0,72.2,4.0,4.0,5.0,1.0,4.0,38.0,2.0,3.0,4.0,1.0,5+/day,Pass
Female,West,B.E.,12th Pass,English,3G/Moderate,Yes,8,5,29.8,100.0,7.2,0,6.26,70.7,70.4,2.0,4.0,4.0,2.0,3.0,38.0,2.0,3.0,4.0,3.0,5+/day,Pass
Male,South,BCA,12th Pass,Hindi,4G/Good,No,1,4,17.9,89.9,6.6,4,6.66,44.3,54.3,3.0,3.0,4.0,3.0,2.0,38.0,1.0,2.0,4.0,7.0,5+/day,Pass
Male,West,B.E.,12th Pass,English,5G/Excellent,No,3,7,22.3,77.4,4.8,1,4.97,57.2,58.1,3.0,1.0,4.0,2.0,2.0,38.0,3.0,1.0,4.0,7.0,3-5/day,At-Risk
Female,West,B.Tech,Below 10th,English,3G/Moderate,Yes,10,7,23.8,100.0,6.9,5,5.63,78.3,64.6,3.0,2.0,3.0,2.0,4.0,88.0,4.0,1.0,1.0,1.0,1-3/day,Pass
Male,West,B.Tech,Graduate,Hindi,5G/Excellent,Yes,8,4,5.3,66.9,8.4,0,5.77,44.8,51.1,2.0,2.0,4.0,2.0,3.0,63.0,1.0,2.0,4.0,5.0,5+/day,Fail
Female,North,B.Tech,Graduate,Regional,4G/Good,No,10,8,17.2,73.7,5.7,0,3.93,34.9,39.3,3.0,4.0,4.0,1.0,3.0,88.0,1.0,3.0,4.0,3.0,1-3/day,Fail
Female,Northeast,B.E.,Below 10th,Hindi,No Access,No,9,8,16.4,65.3,5.2,5,2.48,32.1,20.1,4.0,3.0,4.0,4.0,4.0,63.0,4.0,4.0,4.0,3.0,1-3/day,Fail
Male,South,B.Tech,10th Pass,English,4G/Good,Yes,3,6,17.8,77.6,6.2,0,7.27,73.0,77.1,3.0,4.0,4.0,3.0,5.0,38.0,2.0,2.0,3.0,7.0,5+/day,Pass
Male,South,BCA,Below 10th,Regional,4G/Good,No,9,4,13.0,94.0,6.2,1,4.98,64.1,64.0,5.0,2.0,4.0,2.0,4.0,38.0,3.0,3.0,2.0,1.0,5+/day,At-Risk
Male,North,BCA,Graduate,English,4G/Good,Yes,10,4,19.2,79.3,6.0,0,6.73,60.4,75.8,3.0,3.0,4.0,1.0,2.0,63.0,3.0,3.0,4.0,3.0,5+/day,Pass
Female,East,B.E.,Graduate,English,3G/Moderate,Yes,10,4,20.5,82.7,8.4,3,5.21,66.0,53.6,5.0,1.0,5.0,2.0,3.0,63.0,4.0,3.0,3.0,7.0,5+/day,Fail
Other,Central,B.E.,Post-Graduate,English,5G/Excellent,No,4,6,11.0,86.4,6.9,4,5.43,47.4,53.0,3.0,4.0,5.0,4.0,5.0,88.0,2.0,4.0,3.0,5.0,5+/day,At-Risk
Female,South,B.E.,10th Pass,English,4G/Good,No,4,5,18.3,79.3,9.0,3,6.19,41.5,66.9,4.0,2.0,3.0,5.0,5.0,13.0,3.0,4.0,3.0,7.0,5+/day,Pass
Male,West,MCA,12th Pass,English,4G/Good,No,7,8,16.3,68.6,6.8,3,4.99,53.9,56.5,4.0,5.0,4.0,2.0,3.0,38.0,1.0,4.0,2.0,3.0,1-3/day,At-Risk
Female,North,B.Tech,10th Pass,Hindi,2G/Slow,No,6,6,26.4,62.2,7.0,4,5.19,50.9,51.7,4.0,4.0,5.0,2.0,3.0,38.0,2.0,3.0,3.0,3.0,5+/day,Fail
Female,East,BCA,10th Pass,Regional,3G/Moderate,Yes,10,6,22.1,97.7,9.8,3,5.26,51.7,66.8,4.0,2.0,5.0,2.0,3.0,63.0,3.0,2.0,3.0,3.0,3-5/day,At-Risk
Female,Central,MCA,12th Pass,Regional,4G/Good,No,3,6,12.6,74.4,7.0,0,6.66,70.1,84.0,5.0,4.0,4.0,1.0,4.0,63.0,4.0,3.0,2.0,1.0,5+/day,Fail
Male,West,B.E.,Below 10th,Regional,4G/Good,No,8,4,24.8,73.8,6.1,2,4.16,43.0,76.4,4.0,3.0,3.0,1.0,5.0,63.0,2.0,2.0,1.0,3.0,3-5/day,Fail
Female,North,B.Tech,Graduate,Hindi,4G/Good,No,5,6,17.6,64.1,5.1,3,6.56,74.2,44.3,4.0,2.0,4.0,1.0,2.0,88.0,4.0,3.0,3.0,7.0,1-3/day,Fail
Female,East,B.E.,12th Pass,Hindi,4G/Good,No,2,5,18.4,80.4,5.2,5,7.31,88.6,68.9,3.0,1.0,4.0,3.0,5.0,63.0,3.0,4.0,4.0,7.0,3-5/day,At-Risk
Female,North,B.Tech,Graduate,Regional,3G/Moderate,Yes,10,7,11.5,88.5,5.9,4,4.72,55.8,55.4,3.0,4.0,3.0,4.0,4.0,38.0,3.0,2.0,2.0,3.0,5+/day,Pass
Male,South,B.Tech,10th Pass,Hindi,4G/Good,No,3,6,19.4,77.6,6.1,1,7.28,77.6,68.0,3.0,4.0,2.0,4.0,4.0,88.0,1.0,4.0,3.0,1.0,5+/day,Pass
Female,West,B.Tech,Post-Graduate,Regional,No Access,No,7,5,24.6,86.2,3.4,1,6.69,33.9,83.1,3.0,5.0,5.0,1.0,5.0,38.0,3.0,3.0,4.0,7.0,3-5/day,At-Risk
Female,West,B.Tech,Post-Graduate,Hindi,4G/Good,Yes,10,4,16.3,58.3,6.5,0,5.65,61.7,59.7,5.0,2.0,3.0,2.0,5.0,88.0,4.0,4.0,2.0,5.0,5+/day,Fail
Male,North,B.E.,Post-Graduate,English,4G/Good,Yes,9,7,29.1,84.0,3.0,3,7.44,68.3,100.0,4.0,2.0,2.0,2.0,4.0,38.0,2.0,3.0,2.0,7.0,5+/day,Pass
Female,Central,MCA,Graduate,Hindi,4G/Good,Yes,1,8,24.3,77.1,8.4,2,6.92,58.7,75.0,4.0,2.0,5.0,3.0,1.0,38.0,2.0,3.0,4.0,5.0,5+/day,Pass
Female,East,B.Tech,Graduate,Hindi,5G/Excellent,No,6,8,12.2,64.7,3.7,1,6.56,40.6,37.5,4.0,2.0,5.0,2.0,3.0,63.0,3.0,2.0,3.0,3.0,3-5/day,Fail
Male,South,B.Com,12th Pass,Hindi,5G/Excellent,Yes,9,4,19.8,62.6,6.8,2,4.74,54.7,55.3,5.0,3.0,4.0,2.0,4.0,63.0,3.0,4.0,4.0,7.0,5+/day,Fail
Male,East,B.Com,10th Pass,English,4G/Good,Yes,7,4,8.4,71.7,6.7,5,5.04,40.1,43.8,3.0,3.0,3.0,1.0,3.0,13.0,4.0,3.0,3.0,3.0,5+/day,Fail
Female,East,B.Com,Graduate,Hindi,2G/Slow,No,3,8,11.2,67.4,8.5,0,6.45,44.1,79.2,3.0,2.0,3.0,2.0,4.0,63.0,4.0,3.0,3.0,5.0,5+/day,Fail
Male,East,MCA,Graduate,Regional,4G/Good,Yes,7,4,5.8,86.2,6.7,5,6.01,76.5,55.7,2.0,3.0,2.0,2.0,5.0,63.0,3.0,3.0,4.0,3.0,5+/day,Pass
Female,East,B.E.,Post-Graduate,Regional,No Access,Yes,2,8,6.8,87.2,6.4,4,5.77,50.0,44.6,4.0,4.0,2.0,4.0,4.0,13.0,1.0,1.0,1.0,3.0,5+/day,Pass
Male,East,B.Tech,12th Pass,English,4G/Good,No,10,4,15.9,84.1,7.0,4,6.19,44.0,60.6,3.0,4.0,5.0,4.0,5.0,88.0,2.0,4.0,3.0,5.0,5+/day,At-Risk
Female,North,BCA,10th Pass,English,5G/Excellent,Yes,2,8,16.7,86.5,5.7,0,5.37,53.1,47.8,5.0,4.0,1.0,3.0,5.0,63.0,1.0,3.0,3.0,1.0,3-5/day,Pass
Male,Northeast,BCA,Graduate,Hindi,4G/Good,Yes,1,5,19.6,63.2,5.7,5,7.39,66.1,48.3,5.0,1.0,5.0,4.0,2.0,38.0,4.0,3.0,3.0,3.0,5+/day,Fail
Female,East,MCA,Post-Graduate,English,4G/Good,Yes,3,4,11.7,88.1,6.8,2,7.29,77.9,47.7,5.0,1.0,5.0,2.0,3.0,63.0,4.0,3.0,3.0,7.0,5+/day,At-Risk
Other,North,B.Com,10th Pass,English,4G/Good,Yes,1,8,23.8,90.0,6.1,5,8.5,77.4,83.1,3.0,2.0,1.0,1.0,4.0,13.0,4.0,3.0,3.0,3.0,1-3/day,Pass
Female,West,B.E.,10th Pass,English,5G/Excellent,No,8,4,16.5,85.3,7.5,2,5.33,62.4,47.6,4.0,1.0,1.0,4.0,5.0,88.0,1.0,3.0,3.0,1.0,5+/day,Pass
Female,Central,B.Tech,12th Pass,Regional,3G/Moderate,No,8,8,20.2,80.8,5.2,2,5.97,34.4,71.4,3.0,1.0,2.0,3.0,2.0,38.0,3.0,2.0,1.0,1.0,3-5/day,Pass
Male,Central,B.Tech,10th Pass,Regional,5G/Excellent,No,4,8,0.0,73.1,7.9,0,5.32,61.6,24.0,5.0,3.0,3.0,2.0,3.0,13.0,3.0,4.0,4.0,1.0,5+/day,Fail
Female,South,B.Tech,Below 10th,Hindi,4G/Good,Yes,1,7,18.0,86.1,7.2,1,6.72,76.5,57.6,4.0,4.0,5.0,2.0,5.0,63.0,3.0,3.0,4.0,7.0,5+/day,Pass
Male,North,B.E.,10th Pass,Hindi,3G/Moderate,Yes,2,4,23.5,77.4,6.5,1,6.41,53.0,78.3,4.0,2.0,4.0,1.0,2.0,13.0,3.0,2.0,3.0,5.0,5+/day,Pass
Male,East,BCA,Graduate,Hindi,5G/Excellent,No,2,5,2.1,93.1,4.2,3,5.81,64.4,65.2,4.0,4.0,5.0,2.0,5.0,63.0,3.0,3.0,4.0,7.0,5+/day,At-Risk
Male,North,MCA,Below 10th,English,5G/Excellent,Yes,2,6,18.2,85.3,7.8,4,5.97,39.2,64.7,3.0,2.0,4.0,1.0,3.0,63.0,3.0,3.0,4.0,1.0,5+/day,Pass
Male,Central,B.E.,12th Pass,Hindi,4G/Good,Yes,9,6,12.5,80.0,9.4,5,5.37,64.7,60.1,4.0,2.0,5.0,3.0,1.0,63.0,4.0,4.0,4.0,7.0,5+/day,At-Risk
Female,North,B.Com,Graduate,English,5G/Excellent,No,7,4,28.8,77.9,5.8,4,8.03,58.7,50.5,3.0,2.0,4.0,3.0,4.0,88.0,3.0,3.0,3.0,5.0,5+/day,At-Risk
Female,South,BCA,Post-Graduate,Hindi,3G/Moderate,No,9,8,9.0,80.1,7.8,3,4.48,57.4,54.0,4.0,5.0,4.0,2.0,3.0,38.0,1.0,4.0,2.0,3.0,1-3/day,Pass
Male,South,MCA,Post-Graduate,English,4G/Good,No,10,8,33.1,80.2,6.3,2,5.78,47.1,69.8,5.0,5.0,3.0,1.0,3.0,13.0,2.0,3.0,4.0,5.0,3-5/day,Pass
Male,South,B.Tech,12th Pass,Hindi,3G/Moderate,No,10,5,27.0,81.1,4.9,0,6.7,58.5,47.1,4.0,3.0,4.0,5.0,3.0,38.0,2.0,2.0,4.0,7.0,3-5/day,Pass
Other,West,M.Tech,Post-Graduate,Hindi,4G/Good,Yes,2,4,18.8,66.5,5.3,4,7.74,59.0,51.1,3.0,3.0,3.0,3.0,3.0,88.0,2.0,2.0,2.0,7.0,5+/day,At-Risk
Male,South,BCA,Below 10th,English,4G/Good,No,5,6,8.0,84.9,6.3,2,5.24,60.9,63.0,4.0,3.0,4.0,1.0,2.0,13.0,1.0,4.0,4.0,7.0,5+/day,Pass
Male,North,B.Tech,Graduate,English,3G/Moderate,No,1,5,14.8,84.0,7.2,1,6.96,62.7,64.6,5.0,1.0,5.0,2.0,3.0,63.0,4.0,3.0,3.0,7.0,5+/day,At-Risk
Male,South,B.Tech,12th Pass,English,4G/Good,Yes,2,4,22.8,67.9,4.3,2,6.55,42.9,46.8,5.0,5.0,4.0,2.0,4.0,88.0,4.0,3.0,1.0,7.0,5+/day,Fail
Female,East,B.Com,10th Pass,Hindi,2G/Slow,No,4,4,18.8,84.8,5.4,3,6.85,63.9,87.0,5.0,5.0,3.0,1.0,3.0,13.0,2.0,3.0,4.0,5.0,3-5/day,Pass
Female,North,B.Tech,12th Pass,English,2G/Slow,No,10,4,10.3,81.9,6.5,0,4.17,46.2,39.2,4.0,3.0,3.0,1.0,5.0,63.0,2.0,2.0,1.0,3.0,3-5/day,At-Risk
Male,East,B.E.,Below 10th,English,4G/Good,No,1,7,25.8,72.0,4.6,5,4.76,34.0,59.0,3.0,2.0,4.0,1.0,3.0,63.0,3.0,3.0,4.0,1.0,5+/day,Fail
Male,East,B.Tech,Graduate,Hindi,4G/Good,Yes,8,5,17.3,89.3,7.1,4,6.25,61.1,30.4,3.0,2.0,4.0,1.0,3.0,63.0,3.0,3.0,3.0,5.0,Never,At-Risk
Female,West,BCA,10th Pass,Regional,3G/Moderate,No,6,4,20.0,98.1,9.1,3,6.85,69.4,64.9,4.0,5.0,3.0,4.0,4.0,38.0,3.0,2.0,3.0,3.0,5+/day,Pass
Female,Central,MCA,12th Pass,English,3G/Moderate,Yes,1,5,25.0,75.1,6.3,1,6.97,41.3,53.0,3.0,3.0,3.0,2.0,4.0,88.0,3.0,3.0,3.0,3.0,5+/day,Pass
Male,Central,B.E.,10th Pass,Hindi,3G/Moderate,No,9,6,24.2,83.3,7.6,1,6.3,43.9,66.2,5.0,2.0,5.0,5.0,3.0,63.0,3.0,2.0,4.0,7.0,5+/day,At-Risk
Female,Central,B.E.,10th Pass,Regional,3G/Moderate,Yes,1,4,25.6,97.0,4.6,5,7.02,67.0,80.1,5.0,4.0,3.0,2.0,4.0,88.0,1.0,3.0,3.0,3.0,5+/day,Pass
Male,North,B.Com,Post-Graduate,Regional,4G/Good,No,4,8,22.9,55.7,5.6,0,6.08,61.5,74.0,5.0,3.0,3.0,4.0,5.0,38.0,2.0,4.0,3.0,7.0,5+/day,Fail
Male,North,MCA,Graduate,English,5G/Excellent,No,5,4,13.3,100.0,8.0,5,5.89,54.4,53.9,4.0,2.0,3.0,3.0,4.0,88.0,3.0,4.0,4.0,1.0,5+/day,At-Risk
Female,South,M.Tech,Post-Graduate,Regional,3G/Moderate,No,9,4,17.7,83.0,4.5,5,6.32,72.3,68.3,4.0,2.0,5.0,2.0,2.0,38.0,4.0,1.0,3.0,1.0,5+/day,Pass
Male,Central,B.E.,10th Pass,Hindi,4G/Good,Yes,2,5,27.4,91.1,5.4,5,7.73,59.7,100.0,5.0,4.0,5.0,2.0,4.0,38.0,3.0,3.0,3.0,5.0,5+/day,Pass
Female,Central,B.Tech,10th Pass,Regional,2G/Slow,No,9,5,8.6,61.6,8.2,4,2.51,38.7,33.7,5.0,5.0,4.0,2.0,4.0,88.0,4.0,3.0,1.0,7.0,5+/day,Fail
Male,Northeast,B.E.,12th Pass,Hindi,4G/Good,Yes,1,7,10.1,65.6,5.6,1,6.51,52.4,57.3,3.0,2.0,4.0,2.0,2.0,13.0,3.0,3.0,3.0,1.0,5+/day,At-Risk
Male,North,BCA,12th Pass,Regional,3G/Moderate,No,4,4,21.8,70.4,3.5,3,5.2,79.7,36.3,1.0,2.0,3.0,3.0,1.0,63.0,4.0,3.0,4.0,3.0,5+/day,At-Risk
Other,Central,B.Tech,10th Pass,Regional,5G/Excellent,No,7,6,17.4,69.3,5.7,1,4.77,55.2,54.2,4.0,1.0,4.0,4.0,4.0,38.0,3.0,4.0,4.0,1.0,5+/day,Fail
Male,South,B.Tech,Graduate,Hindi,4G/Good,No,4,5,6.3,54.0,9.1,4,6.81,44.5,54.1,3.0,3.0,3.0,1.0,1.0,63.0,3.0,4.0,4.0,7.0,3-5/day,Fail
Female,North,B.Tech,10th Pass,Regional,4G/Good,No,8,7,22.9,67.7,8.7,2,7.08,87.4,52.9,3.0,4.0,5.0,4.0,5.0,88.0,2.0,4.0,3.0,5.0,5+/day,Fail
Male,South,B.E.,10th Pass,English,4G/Good,No,7,8,21.2,72.0,6.4,1,5.09,28.5,24.3,4.0,1.0,3.0,3.0,5.0,38.0,2.0,2.0,3.0,1.0,3-5/day,Fail
Male,North,MCA,10th Pass,English,2G/Slow,Yes,6,8,36.4,64.8,6.1,1,4.73,60.5,34.7,3.0,3.0,4.0,1.0,5.0,63.0,3.0,2.0,4.0,3.0,5+/day,Fail
Male,East,B.Tech,12th Pass,English,5G/Excellent,No,5,7,19.4,99.9,10.0,1,7.13,53.5,50.6,2.0,2.0,4.0,1.0,4.0,13.0,3.0,1.0,4.0,7.0,5+/day,Pass
Female,South,BCA,Graduate,Regional,3G/Moderate,No,10,8,32.8,89.6,5.1,2,6.76,77.8,78.2,4.0,3.0,4.0,3.0,4.0,88.0,1.0,2.0,3.0,5.0,1-3/day,Pass
Male,East,B.Com,12th Pass,Hindi,No Access,Yes,3,4,24.9,73.2,5.5,4,6.17,54.6,54.3,3.0,1.0,4.0,3.0,5.0,63.0,3.0,4.0,4.0,7.0,3-5/day,Fail
Female,East,B.Tech,12th Pass,Hindi,3G/Moderate,Yes,8,5,4.8,89.0,8.1,3,4.92,32.5,37.2,2.0,3.0,2.0,3.0,1.0,13.0,1.0,3.0,1.0,1.0,1-3/day,Pass
Male,Northeast,BCA,Below 10th,Hindi,3G/Moderate,No,4,6,18.2,86.0,5.2,4,4.05,50.5,68.2,3.0,4.0,4.0,3.0,2.0,63.0,1.0,4.0,4.0,7.0,5+/day,Pass
Female,West,B.Com,Post-Graduate,English,2G/Slow,No,8,8,17.6,61.3,7.1,0,5.66,39.3,64.4,4.0,4.0,4.0,3.0,3.0,88.0,4.0,3.0,3.0,3.0,5+/day,Fail
Male,South,B.Com,Post-Graduate,English,4G/Good,Yes,1,4,17.4,87.2,4.6,5,6.89,51.8,48.6,2.0,1.0,3.0,4.0,2.0,38.0,2.0,3.0,1.0,5.0,5+/day,Pass
Female,Northeast,B.Tech,Graduate,Hindi,3G/Moderate,No,2,5,12.0,77.0,8.7,3,5.66,41.8,58.8,4.0,2.0,4.0,2.0,3.0,63.0,3.0,3.0,3.0,7.0,3-5/day,At-Risk
Female,Central,B.Tech,Below 10th,Regional,4G/Good,Yes,2,4,23.6,90.3,5.9,2,6.35,54.0,75.7,5.0,2.0,4.0,2.0,4.0,38.0,3.0,3.0,2.0,1.0,5+/day,Pass
Female,North,B.Tech,12th Pass,English,No Access,No,6,4,15.6,69.0,5.5,0,5.08,42.9,42.8,4.0,1.0,1.0,4.0,5.0,88.0,1.0,3.0,3.0,1.0,5+/day,Fail
Female,East,BCA,12th Pass,English,5G/Excellent,No,5,5,26.2,88.5,5.2,1,7.33,65.9,66.8,4.0,2.0,4.0,3.0,4.0,38.0,3.0,3.0,4.0,5.0,3-5/day,Pass
Female,South,BCA,Post-Graduate,English,3G/Moderate,Yes,10,8,25.2,94.6,4.8,1,6.34,48.5,33.2,3.0,4.0,5.0,3.0,1.0,38.0,1.0,3.0,3.0,5.0,5+/day,Pass
Female,North,BCA,Post-Graduate,English,4G/Good,Yes,10,8,16.3,86.8,6.0,5,5.36,30.0,59.5,5.0,2.0,5.0,2.0,4.0,88.0,1.0,3.0,4.0,5.0,5+/day,Fail
Male,West,B.Tech,Graduate,English,4G/Good,No,7,4,13.8,60.5,3.0,4,4.33,51.7,73.7,2.0,4.0,1.0,5.0,5.0,63.0,3.0,4.0,4.0,5.0,5+/day,At-Risk
Male,Northeast,B.Tech,Below 10th,Hindi,3G/Moderate,No,2,7,14.1,100.0,4.9,2,6.03,61.9,74.2,4.0,3.0,4.0,2.0,3.0,88.0,1.0,2.0,3.0,5.0,5+/day,At-Risk
Female,North,BCA,Post-Graduate,English,2G/Slow,No,9,8,18.2,89.1,6.5,2,6.65,60.8,58.3,4.0,2.0,4.0,3.0,4.0,63.0,3.0,4.0,3.0,3.0,5+/day,At-Risk
Female,Northeast,B.E.,12th Pass,English,3G/Moderate,No,2,4,20.3,79.1,6.6,1,5.13,51.4,40.1,2.0,2.0,5.0,3.0,5.0,38.0,4.0,2.0,3.0,3.0,5+/day,At-Risk
Female,Northeast,BCA,Graduate,Regional,3G/Moderate,No,1,6,14.9,89.5,6.4,1,7.36,77.5,68.9,2.0,5.0,2.0,5.0,5.0,63.0,2.0,2.0,3.0,3.0,3-5/day,Pass
Male,Central,B.E.,12th Pass,Regional,3G/Moderate,No,2,6,15.1,100.0,5.4,5,7.29,71.1,86.3,4.0,2.0,2.0,2.0,4.0,38.0,2.0,3.0,2.0,7.0,5+/day,Pass
Male,South,B.Tech,10th Pass,English,4G/Good,No,3,7,20.0,65.0,8.8,5,5.74,64.0,50.9,3.0,2.0,5.0,3.0,3.0,38.0,3.0,3.0,3.0,3.0,3-5/day,Fail
Male,Central,B.Tech,12th Pass,Hindi,4G/Good,No,6,4,25.2,95.1,7.8,5,6.33,59.9,58.8,4.0,2.0,3.0,3.0,3.0,63.0,3.0,4.0,4.0,1.0,1-3/day,Pass
Female,South,B.Tech,Below 10th,English,4G/Good,No,7,6,19.7,80.0,6.3,2,6.1,70.9,42.9,2.0,2.0,2.0,1.0,4.0,88.0,4.0,3.0,4.0,5.0,3-5/day,At-Risk
Male,East,B.Tech,10th Pass,Regional,No Access,No,6,8,17.8,78.2,6.3,2,4.38,55.4,37.0,4.0,2.0,4.0,3.0,4.0,38.0,3.0,3.0,4.0,5.0,3-5/day,At-Risk
Male,North,B.Tech,Graduate,Hindi,5G/Excellent,Yes,1,4,19.7,78.9,5.8,4,7.35,45.3,59.9,5.0,2.0,5.0,5.0,3.0,63.0,3.0,2.0,4.0,7.0,5+/day,Pass
Male,North,B.Tech,Below 10th,Regional,3G/Moderate,No,9,7,5.4,56.9,5.5,1,4.18,30.4,40.5,2.0,1.0,3.0,4.0,2.0,38.0,2.0,3.0,1.0,5.0,5+/day,Fail
Male,West,B.Tech,10th Pass,English,4G/Good,No,8,7,16.4,87.8,6.3,2,6.15,45.9,46.6,2.0,4.0,1.0,5.0,5.0,63.0,3.0,4.0,4.0,5.0,5+/day,Pass
Female,South,B.Tech,Below 10th,Hindi,2G/Slow,No,2,8,9.2,52.9,7.9,0,3.82,45.5,33.2,3.0,3.0,3.0,1.0,1.0,63.0,3.0,4.0,4.0,7.0,3-5/day,Fail
Male,South,BCA,12th Pass,Hindi,2G/Slow,No,1,6,14.2,75.7,5.8,0,5.9,71.2,72.5,3.0,1.0,4.0,1.0,4.0,63.0,3.0,3.0,4.0,5.0,5+/day,Fail
Female,North,B.Tech,Post-Graduate,English,4G/Good,No,7,6,11.6,76.0,8.4,0,6.37,61.5,66.2,2.0,2.0,3.0,4.0,4.0,88.0,4.0,3.0,4.0,1.0,5+/day,Pass
Male,West,BCA,10th Pass,English,4G/Good,Yes,3,7,11.5,77.4,5.5,3,6.07,65.2,69.7,1.0,4.0,3.0,2.0,4.0,13.0,2.0,3.0,2.0,7.0,1-3/day,Pass
Male,North,BCA,Below 10th,Hindi,4G/Good,No,3,5,11.1,56.1,8.7,0,4.65,15.6,59.0,5.0,5.0,5.0,4.0,5.0,88.0,4.0,4.0,4.0,3.0,5+/day,Fail
Male,Northeast,BCA,Post-Graduate,Hindi,4G/Good,Yes,10,7,34.3,92.7,6.1,2,6.17,64.3,70.7,4.0,2.0,3.0,1.0,5.0,38.0,2.0,4.0,3.0,1.0,3-5/day,Pass
Male,North,B.Com,Graduate,English,5G/Excellent,Yes,9,7,17.6,59.9,7.5,3,6.37,50.9,69.4,4.0,2.0,2.0,1.0,4.0,88.0,3.0,3.0,2.0,5.0,5+/day,Fail
Male,North,B.Tech,Below 10th,Hindi,4G/Good,No,2,4,26.4,70.9,9.9,5,6.25,79.6,80.3,5.0,1.0,4.0,3.0,5.0,63.0,3.0,4.0,3.0,3.0,5+/day,Fail
Male,South,BCA,Graduate,English,4G/Good,Yes,5,8,23.3,75.5,10.1,1,7.91,95.2,98.2,3.0,1.0,4.0,4.0,5.0,63.0,3.0,4.0,3.0,3.0,5+/day,Pass
Female,East,B.Com,Graduate,English,3G/Moderate,Yes,4,4,22.8,78.2,4.5,2,8.42,74.6,76.2,3.0,1.0,4.0,1.0,5.0,88.0,4.0,3.0,4.0,1.0,3-5/day,At-Risk
Male,South,M.Tech,Graduate,Hindi,2G/Slow,No,1,7,21.8,86.6,8.1,0,6.58,60.6,75.8,4.0,3.0,4.0,3.0,4.0,88.0,1.0,2.0,3.0,5.0,1-3/day,Pass
Female,South,B.Tech,12th Pass,English,4G/Good,Yes,6,4,32.6,82.2,5.1,5,7.72,72.8,43.0,3.0,1.0,3.0,4.0,4.0,63.0,3.0,3.0,3.0,5.0,5+/day,Pass
Female,Central,B.Tech,Post-Graduate,English,3G/Moderate,Yes,6,6,21.0,100.0,7.1,5,6.59,59.9,57.8,3.0,4.0,4.0,2.0,5.0,63.0,2.0,3.0,3.0,3.0,5+/day,Pass
Female,West,B.Tech,Below 10th,English,4G/Good,No,1,7,5.5,86.2,7.2,1,5.63,63.0,69.1,4.0,2.0,2.0,2.0,4.0,38.0,2.0,3.0,2.0,7.0,5+/day,Pass
Male,North,BCA,10th Pass,Hindi,3G/Moderate,No,7,6,16.8,85.3,7.8,5,5.78,52.0,27.3,5.0,1.0,4.0,3.0,5.0,63.0,3.0,4.0,3.0,3.0,5+/day,Fail
Male,South,BCA,10th Pass,Hindi,5G/Excellent,Yes,6,6,10.7,75.1,4.6,0,5.37,44.1,72.9,4.0,3.0,2.0,3.0,3.0,88.0,4.0,2.0,4.0,5.0,3-5/day,At-Risk
Male,Northeast,B.Tech,12th Pass,Regional,5G/Excellent,Yes,4,8,8.2,85.6,4.7,4,5.32,53.4,28.1,5.0,4.0,3.0,1.0,4.0,13.0,3.0,3.0,3.0,7.0,5+/day,At-Risk
Male,South,B.E.,Post-Graduate,English,3G/Moderate,No,7,6,21.0,76.1,5.3,3,5.85,54.5,79.7,4.0,2.0,4.0,3.0,2.0,63.0,1.0,4.0,4.0,3.0,5+/day,Pass
Other,North,BCA,12th Pass,Hindi,5G/Excellent,Yes,3,4,3.5,76.2,7.4,5,6.2,62.4,86.1,4.0,2.0,1.0,2.0,5.0,88.0,1.0,4.0,2.0,1.0,5+/day,Pass
Male,West,B.E.,Below 10th,English,5G/Excellent,No,10,4,18.8,100.0,6.9,1,5.28,55.2,26.0,5.0,1.0,4.0,1.0,3.0,38.0,3.0,2.0,3.0,7.0,5+/day,Fail
Male,East,M.Tech,12th Pass,Hindi,5G/Excellent,No,6,5,6.5,100.0,7.1,0,5.02,65.8,59.5,3.0,3.0,3.0,3.0,3.0,88.0,2.0,2.0,2.0,7.0,5+/day,Pass
Female,East,MCA,12th Pass,Hindi,3G/Moderate,No,6,8,16.8,71.6,4.7,4,5.88,49.3,56.7,4.0,3.0,4.0,4.0,4.0,38.0,1.0,2.0,2.0,1.0,5+/day,At-Risk
Female,North,B.Tech,Post-Graduate,English,4G/Good,No,10,5,23.4,89.8,6.8,3,5.99,52.0,71.7,2.0,3.0,3.0,2.0,1.0,63.0,1.0,4.0,3.0,7.0,3-5/day,Pass
Female,North,BCA,12th Pass,Hindi,3G/Moderate,Yes,6,6,13.4,85.2,5.5,0,6.78,65.6,60.1,4.0,2.0,1.0,2.0,5.0,88.0,1.0,4.0,2.0,1.0,5+/day,Pass
Male,West,B.Tech,12th Pass,English,4G/Good,No,3,7,9.7,74.0,5.6,2,4.87,30.5,47.8,2.0,3.0,2.0,3.0,1.0,13.0,1.0,3.0,1.0,1.0,1-3/day,Pass
Male,North,BCA,Graduate,English,4G/Good,No,10,4,15.6,100.0,6.3,4,7.35,45.3,77.3,2.0,4.0,4.0,5.0,4.0,13.0,4.0,3.0,3.0,1.0,5+/day,Pass
Male,East,B.Com,Graduate,English,4G/Good,No,5,7,22.3,79.6,4.2,1,7.81,70.4,84.2,4.0,4.0,4.0,4.0,4.0,88.0,4.0,4.0,4.0,5.0,5+/day,Pass
Male,East,M.Tech,12th Pass,Hindi,3G/Moderate,No,1,5,20.1,98.6,7.3,0,6.1,52.5,35.7,5.0,1.0,5.0,1.0,5.0,38.0,1.0,3.0,2.0,3.0,5+/day,At-Risk
Male,South,B.E.,10th Pass,Regional,5G/Excellent,No,6,5,17.5,74.1,4.4,1,5.2,39.5,66.4,3.0,1.0,3.0,4.0,4.0,63.0,3.0,3.0,3.0,5.0,5+/day,Fail
Male,Central,B.Tech,Graduate,English,4G/Good,No,7,4,12.1,95.2,5.9,2,5.88,56.4,65.6,3.0,2.0,4.0,1.0,4.0,63.0,4.0,4.0,2.0,7.0,5+/day,At-Risk
Male,Northeast,B.Tech,Graduate,English,3G/Moderate,Yes,5,5,15.2,98.0,7.6,1,6.13,43.1,54.1,4.0,1.0,4.0,2.0,4.0,38.0,3.0,2.0,3.0,5.0,3-5/day,At-Risk
Male,West,B.E.,Graduate,English,4G/Good,Yes,5,7,22.8,70.4,4.2,4,8.03,51.7,46.8,3.0,3.0,3.0,3.0,3.0,88.0,2.0,2.0,2.0,7.0,5+/day,At-Risk
Male,North,B.Tech,Post-Graduate,English,5G/Excellent,Yes,6,5,17.1,78.1,4.4,3,7.7,43.5,60.5,5.0,2.0,5.0,5.0,3.0,63.0,3.0,2.0,4.0,7.0,5+/day,Pass
Female,North,B.E.,Graduate,Regional,5G/Excellent,Yes,7,7,19.7,81.0,8.1,0,7.44,62.1,70.3,5.0,4.0,1.0,1.0,4.0,38.0,3.0,3.0,3.0,1.0,5+/day,Pass
Female,East,B.Tech,Graduate,Hindi,4G/Good,No,4,6,15.5,100.0,4.9,5,7.18,62.3,33.7,3.0,2.0,4.0,2.0,2.0,13.0,3.0,3.0,3.0,1.0,5+/day,Pass
Female,North,B.Tech,Post-Graduate,English,No Access,No,7,8,10.1,100.0,8.0,3,4.86,53.6,61.4,3.0,1.0,4.0,1.0,5.0,88.0,4.0,3.0,4.0,1.0,3-5/day,Fail
Male,Central,B.Tech,10th Pass,English,2G/Slow,No,5,4,32.0,77.3,7.2,0,6.4,60.6,55.4,2.0,2.0,4.0,4.0,5.0,38.0,4.0,3.0,3.0,7.0,5+/day,Pass
Male,North,B.Com,12th Pass,Regional,2G/Slow,No,7,5,23.5,77.4,4.5,1,5.69,63.8,82.2,1.0,2.0,5.0,1.0,5.0,13.0,3.0,3.0,3.0,3.0,5+/day,At-Risk
Male,East,BCA,12th Pass,English,2G/Slow,Yes,1,4,19.9,84.9,6.8,1,5.99,60.8,60.4,4.0,1.0,5.0,2.0,5.0,38.0,4.0,4.0,2.0,3.0,1-3/day,At-Risk
Female,South,B.Tech,10th Pass,English,4G/Good,No,10,5,16.8,63.1,7.2,4,4.64,44.3,30.1,2.0,2.0,3.0,4.0,4.0,88.0,4.0,3.0,4.0,1.0,5+/day,Fail
Female,West,B.Tech,Graduate,Hindi,3G/Moderate,No,2,6,28.0,97.3,4.4,1,7.6,86.8,77.7,4.0,2.0,5.0,3.0,1.0,88.0,3.0,3.0,4.0,5.0,1-3/day,Pass
Male,North,B.E.,Graduate,Hindi,2G/Slow,No,2,7,12.4,71.6,6.6,2,4.55,45.9,50.0,5.0,1.0,5.0,2.0,2.0,38.0,3.0,1.0,3.0,5.0,5+/day,Fail
Female,South,B.Tech,Graduate,Hindi,5G/Excellent,Yes,7,4,22.7,83.2,7.8,4,7.33,81.9,63.0,2.0,1.0,3.0,4.0,2.0,38.0,2.0,3.0,1.0,5.0,5+/day,Pass
Male,South,B.E.,Post-Graduate,Regional,4G/Good,No,9,6,18.3,98.8,6.4,0,5.84,54.9,81.4,5.0,2.0,5.0,2.0,3.0,88.0,3.0,2.0,3.0,7.0,3-5/day,At-Risk
Female,Central,MCA,10th Pass,English,4G/Good,No,7,6,16.2,87.3,6.7,1,4.06,34.0,31.3,5.0,1.0,4.0,4.0,5.0,88.0,3.0,2.0,4.0,3.0,3-5/day,Fail
Female,North,BCA,Graduate,Hindi,4G/Good,No,6,8,16.1,77.2,6.3,0,6.41,62.4,74.9,5.0,1.0,3.0,5.0,5.0,38.0,4.0,3.0,3.0,1.0,5+/day,Pass
Female,Central,BCA,12th Pass,English,4G/Good,Yes,3,6,27.1,69.7,8.0,1,8.71,100.0,72.3,3.0,4.0,4.0,2.0,5.0,63.0,2.0,3.0,3.0,3.0,5+/day,At-Risk
Female,Northeast,B.E.,10th Pass,Hindi,3G/Moderate,Yes,5,8,4.9,81.3,6.4,4,4.7,51.9,54.4,4.0,2.0,4.0,2.0,3.0,63.0,3.0,3.0,3.0,7.0,3-5/day,At-Risk
Female,South,B.Com,10th Pass,Regional,4G/Good,Yes,10,6,29.7,78.5,5.5,5,5.89,81.0,69.5,5.0,4.0,1.0,3.0,5.0,63.0,1.0,3.0,3.0,1.0,3-5/day,Pass
Male,West,B.Com,Graduate,Hindi,4G/Good,No,2,7,25.2,100.0,6.2,2,7.83,98.2,45.1,2.0,2.0,1.0,4.0,5.0,88.0,4.0,3.0,2.0,7.0,3-5/day,Pass
Female,North,B.E.,12th Pass,Hindi,4G/Good,No,9,6,18.3,72.3,4.2,0,5.49,47.1,56.0,4.0,1.0,5.0,5.0,2.0,88.0,2.0,4.0,3.0,1.0,5+/day,Fail
Male,Central,B.Tech,Graduate,Regional,5G/Excellent,No,6,7,16.3,75.6,3.0,3,4.5,23.6,50.1,3.0,3.0,5.0,3.0,4.0,38.0,3.0,4.0,4.0,3.0,5+/day,At-Risk
Female,East,B.E.,12th Pass,English,5G/Excellent,No,9,5,17.9,70.0,5.3,1,5.86,51.8,50.7,5.0,2.0,5.0,2.0,4.0,88.0,1.0,3.0,4.0,5.0,5+/day,Fail
Female,South,B.Tech,10th Pass,Hindi,4G/Good,Yes,9,6,21.4,78.9,8.8,4,6.26,44.1,45.7,4.0,2.0,4.0,1.0,4.0,88.0,2.0,4.0,3.0,5.0,5+/day,Fail
Female,South,BCA,10th Pass,Regional,3G/Moderate,No,7,6,26.6,88.3,8.0,0,4.37,40.3,49.6,4.0,2.0,2.0,1.0,4.0,88.0,3.0,3.0,2.0,5.0,5+/day,Fail
Male,North,B.E.,10th Pass,Hindi,5G/Excellent,No,5,5,21.4,70.6,4.0,4,5.26,60.3,64.1,3.0,1.0,4.0,5.0,2.0,88.0,3.0,3.0,4.0,3.0,5+/day,Fail
Female,Central,B.Tech,Post-Graduate,English,4G/Good,Yes,4,8,19.9,86.2,4.9,0,7.34,73.6,86.6,2.0,4.0,5.0,4.0,5.0,13.0,3.0,2.0,3.0,1.0,5+/day,Pass
Female,North,B.Tech,Below 10th,English,4G/Good,No,1,7,18.2,67.5,5.6,2,5.73,51.9,69.3,3.0,1.0,4.0,3.0,5.0,63.0,3.0,4.0,4.0,7.0,3-5/day,Fail
Female,West,B.E.,Post-Graduate,English,4G/Good,Yes,9,5,5.1,93.2,6.2,5,6.18,78.7,53.5,4.0,2.0,3.0,1.0,5.0,38.0,2.0,4.0,3.0,1.0,3-5/day,Pass
Male,South,M.Tech,Post-Graduate,English,2G/Slow,Yes,6,5,6.4,76.5,5.0,1,5.77,64.1,69.4,2.0,2.0,3.0,3.0,4.0,38.0,3.0,3.0,3.0,3.0,5+/day,Pass
Male,Central,BCA,Post-Graduate,Hindi,2G/Slow,No,2,4,25.7,78.1,5.6,0,5.8,64.1,47.9,4.0,2.0,3.0,1.0,5.0,38.0,3.0,3.0,2.0,3.0,5+/day,At-Risk
Male,North,BCA,12th Pass,English,3G/Moderate,No,7,5,21.3,98.9,8.0,3,7.34,49.1,40.3,1.0,2.0,2.0,3.0,4.0,13.0,3.0,2.0,2.0,5.0,5+/day,Pass
Male,East,B.Tech,Post-Graduate,English,2G/Slow,No,6,8,23.8,76.8,5.0,1,4.88,59.0,69.9,4.0,3.0,4.0,3.0,4.0,88.0,1.0,2.0,3.0,5.0,1-3/day,At-Risk
Female,East,BCA,10th Pass,English,4G/Good,Yes,4,8,23.7,86.8,7.3,1,6.53,47.0,41.6,4.0,3.0,4.0,2.0,3.0,88.0,1.0,2.0,3.0,5.0,5+/day,Pass
Male,West,B.E.,Below 10th,Hindi,3G/Moderate,No,6,8,22.3,90.5,7.6,4,6.34,64.7,46.6,4.0,2.0,4.0,4.0,1.0,63.0,3.0,3.0,3.0,3.0,1-3/day,Pass
Other,North,BCA,10th Pass,Hindi,5G/Excellent,No,6,7,24.1,97.6,10.1,1,7.0,77.7,62.5,3.0,3.0,4.0,2.0,5.0,88.0,2.0,3.0,3.0,7.0,5+/day,At-Risk
Male,North,B.Tech,Post-Graduate,Hindi,4G/Good,No,5,7,12.0,85.9,5.5,0,6.12,52.5,54.9,5.0,1.0,5.0,2.0,3.0,63.0,4.0,3.0,3.0,7.0,5+/day,Fail
Male,North,B.E.,Below 10th,English,4G/Good,No,1,6,22.0,78.2,4.8,2,7.52,55.5,37.0,3.0,3.0,3.0,1.0,1.0,63.0,3.0,4.0,4.0,7.0,3-5/day,Pass
Female,West,B.Tech,12th Pass,English,2G/Slow,No,3,5,21.2,75.7,3.9,0,5.19,40.4,43.3,4.0,3.0,4.0,1.0,2.0,13.0,1.0,4.0,4.0,7.0,5+/day,At-Risk
Female,North,B.Tech,Below 10th,English,4G/Good,Yes,7,8,27.3,85.8,7.5,5,7.38,68.7,76.1,3.0,4.0,4.0,2.0,5.0,63.0,3.0,4.0,4.0,5.0,3-5/day,Pass
Male,East,B.Com,10th Pass,English,2G/Slow,No,2,5,0.0,72.9,7.1,1,3.75,63.0,48.3,3.0,2.0,5.0,1.0,5.0,88.0,3.0,3.0,3.0,7.0,3-5/day,Fail
Female,North,B.Tech,Below 10th,English,4G/Good,No,10,6,34.7,88.5,6.3,3,5.99,44.3,64.1,3.0,1.0,4.0,2.0,2.0,38.0,3.0,1.0,4.0,7.0,3-5/day,At-Risk
Female,Northeast,B.Tech,Graduate,Hindi,5G/Excellent,Yes,10,6,23.9,84.4,7.0,5,6.64,63.6,30.6,3.0,4.0,4.0,3.0,3.0,38.0,3.0,3.0,4.0,7.0,5+/day,Pass
Male,Central,B.E.,12th Pass,English,4G/Good,No,1,8,19.8,68.0,6.6,3,6.89,52.9,40.9,4.0,4.0,3.0,2.0,4.0,38.0,3.0,3.0,3.0,7.0,5+/day,Fail
Other,East,M.Tech,Post-Graduate,Regional,2G/Slow,No,8,5,11.3,67.3,5.9,5,4.29,28.0,53.7,4.0,2.0,2.0,4.0,3.0,13.0,3.0,2.0,3.0,3.0,5+/day,At-Risk
Other,South,B.E.,Graduate,Hindi,4G/Good,No,7,6,16.0,83.0,6.0,0,4.84,58.9,78.3,2.0,2.0,4.0,4.0,5.0,38.0,4.0,3.0,3.0,7.0,5+/day,At-Risk
Female,North,BCA,Post-Graduate,English,3G/Moderate,Yes,6,4,20.4,78.6,6.4,0,8.33,66.9,67.9,4.0,4.0,3.0,4.0,5.0,63.0,4.0,4.0,4.0,5.0,Never,Pass
Male,North,M.Tech,12th Pass,Regional,3G/Moderate,Yes,10,7,29.7,91.8,10.2,0,6.77,78.7,63.7,4.0,4.0,2.0,4.0,4.0,13.0,1.0,1.0,1.0,3.0,5+/day,Pass
Female,South,B.Tech,12th Pass,Hindi,4G/Good,Yes,5,5,28.7,71.0,7.9,0,6.46,44.6,62.5,5.0,5.0,5.0,4.0,5.0,88.0,4.0,4.0,4.0,3.0,5+/day,Fail
Male,West,B.E.,12th Pass,Hindi,5G/Excellent,No,6,8,22.3,90.8,4.8,4,5.73,75.8,66.9,2.0,2.0,4.0,1.0,4.0,13.0,3.0,1.0,4.0,7.0,5+/day,Pass
Male,East,B.E.,12th Pass,Regional,3G/Moderate,Yes,1,6,23.1,91.1,7.1,0,7.99,80.3,54.8,4.0,3.0,4.0,1.0,2.0,13.0,1.0,4.0,4.0,7.0,5+/day,Pass
Male,Central,MCA,Graduate,English,5G/Excellent,Yes,9,6,19.4,67.8,6.5,4,6.99,57.3,90.4,4.0,4.0,5.0,2.0,5.0,13.0,3.0,2.0,4.0,5.0,5+/day,At-Risk
Male,South,B.Tech,12th Pass,Regional,2G/Slow,No,1,6,10.9,79.3,9.2,1,5.1,61.4,70.9,1.0,3.0,4.0,3.0,4.0,38.0,2.0,3.0,3.0,3.0,1-3/day,Pass
Female,West,B.Tech,Graduate,English,2G/Slow,Yes,4,7,12.5,98.4,8.4,0,8.35,82.0,81.0,5.0,3.0,4.0,4.0,4.0,88.0,3.0,3.0,3.0,3.0,5+/day,Pass
Female,East,BCA,Graduate,Regional,4G/Good,No,3,5,24.8,86.8,6.3,0,6.31,81.5,51.3,5.0,3.0,5.0,2.0,4.0,88.0,3.0,3.0,3.0,5.0,5+/day,At-Risk
Female,East,BCA,10th Pass,English,3G/Moderate,No,4,6,22.9,80.8,6.5,3,5.61,37.9,61.6,4.0,2.0,3.0,3.0,3.0,63.0,3.0,4.0,4.0,1.0,1-3/day,At-Risk
Male,South,B.E.,Graduate,English,3G/Moderate,No,1,7,13.7,92.3,4.8,1,6.0,49.9,63.1,3.0,4.0,4.0,3.0,5.0,38.0,2.0,2.0,3.0,7.0,5+/day,Pass
Male,South,B.E.,10th Pass,Hindi,2G/Slow,No,10,4,12.7,76.1,7.5,1,3.39,28.0,29.8,4.0,1.0,5.0,4.0,5.0,38.0,3.0,1.0,2.0,7.0,5+/day,Fail
Male,East,B.Tech,12th Pass,English,3G/Moderate,No,4,5,22.5,78.1,8.2,0,6.79,57.9,45.7,4.0,2.0,1.0,3.0,5.0,38.0,4.0,3.0,4.0,7.0,5+/day,At-Risk
Other,West,B.E.,Graduate,English,3G/Moderate,No,4,8,15.9,84.0,6.7,1,5.89,38.3,61.7,4.0,5.0,4.0,3.0,5.0,88.0,3.0,3.0,4.0,7.0,5+/day,At-Risk
Male,Central,B.E.,Post-Graduate,English,4G/Good,No,3,5,12.5,99.1,6.9,2,5.94,39.1,52.8,5.0,2.0,5.0,5.0,5.0,88.0,4.0,3.0,3.0,3.0,5+/day,At-Risk
Female,South,B.Com,Below 10th,Hindi,4G/Good,Yes,8,6,20.4,71.0,6.0,5,5.48,54.5,68.2,4.0,3.0,4.0,2.0,5.0,13.0,2.0,2.0,2.0,1.0,5+/day,At-Risk
Female,North,B.Tech,Below 10th,Regional,5G/Excellent,No,7,8,22.7,87.6,7.8,3,6.37,46.8,40.2,3.0,3.0,4.0,1.0,5.0,63.0,3.0,2.0,4.0,3.0,5+/day,At-Risk
Male,East,M.Tech,Below 10th,Hindi,4G/Good,No,9,5,10.3,77.2,4.5,1,2.73,33.0,40.4,5.0,4.0,4.0,1.0,4.0,63.0,4.0,3.0,2.0,1.0,5+/day,Fail
Female,East,BCA,10th Pass,Regional,4G/Good,No,2,8,15.6,96.9,4.8,2,6.31,57.6,76.1,3.0,4.0,4.0,2.0,4.0,63.0,1.0,4.0,3.0,1.0,5+/day,Pass
Male,North,B.Tech,Graduate,Hindi,4G/Good,No,10,5,23.1,91.2,7.9,0,5.41,41.4,59.9,4.0,2.0,4.0,3.0,2.0,63.0,1.0,4.0,4.0,3.0,5+/day,At-Risk
Female,West,BCA,Graduate,English,5G/Excellent,No,3,4,29.0,81.1,4.4,3,8.36,86.5,88.8,4.0,2.0,1.0,2.0,5.0,88.0,1.0,4.0,2.0,1.0,5+/day,Pass
Female,Central,B.Tech,Graduate,English,3G/Moderate,No,6,4,20.0,89.2,5.5,5,7.57,53.8,81.8,5.0,1.0,5.0,2.0,2.0,38.0,3.0,1.0,3.0,5.0,5+/day,Pass
Male,Central,B.Com,Graduate,Hindi,3G/Moderate,Yes,2,4,14.4,75.1,6.1,3,6.62,68.4,59.0,5.0,4.0,1.0,2.0,5.0,63.0,3.0,3.0,2.0,5.0,1-3/day,Pass
Male,North,M.Tech,10th Pass,English,4G/Good,Yes,2,5,12.2,74.4,7.2,3,8.15,60.6,63.5,3.0,3.0,1.0,1.0,1.0,88.0,4.0,3.0,3.0,5.0,1-3/day,At-Risk
Female,Northeast,B.Tech,Below 10th,English,3G/Moderate,No,10,8,18.0,100.0,6.7,2,4.08,44.4,61.2,4.0,3.0,4.0,4.0,4.0,63.0,4.0,4.0,4.0,3.0,1-3/day,At-Risk
Female,West,B.Tech,Below 10th,Hindi,5G/Excellent,Yes,2,4,17.7,77.5,3.0,4,5.28,52.7,58.4,4.0,2.0,4.0,1.0,2.0,13.0,3.0,2.0,3.0,5.0,5+/day,Pass
Male,South,B.E.,Graduate,Hindi,4G/Good,Yes,2,7,2.9,84.1,7.4,3,5.13,44.0,56.1,1.0,4.0,2.0,3.0,4.0,63.0,2.0,3.0,4.0,7.0,5+/day,Pass
Female,East,B.E.,Graduate,English,3G/Moderate,No,5,7,6.1,77.3,6.2,2,4.18,52.9,57.4,4.0,1.0,5.0,2.0,5.0,38.0,4.0,4.0,2.0,3.0,1-3/day,Fail
Female,Northeast,B.E.,Graduate,Regional,4G/Good,Yes,1,4,2.0,66.6,8.1,5,5.77,67.2,53.7,2.0,1.0,3.0,4.0,2.0,38.0,2.0,3.0,1.0,5.0,5+/day,At-Risk
Female,East,B.Tech,10th Pass,Hindi,3G/Moderate,No,7,4,18.1,69.8,5.0,4,4.12,42.8,35.2,4.0,2.0,4.0,3.0,3.0,13.0,4.0,4.0,4.0,3.0,3-5/day,Fail
Male,South,BCA,10th Pass,Hindi,5G/Excellent,Yes,1,6,25.4,86.1,8.9,2,9.68,100.0,100.0,2.0,3.0,3.0,2.0,1.0,63.0,1.0,4.0,3.0,7.0,3-5/day,Pass
Female,East,B.Tech,Post-Graduate,Regional,5G/Excellent,No,1,7,24.4,65.1,4.7,2,6.63,55.3,62.0,3.0,4.0,4.0,3.0,3.0,38.0,3.0,3.0,4.0,7.0,5+/day,At-Risk
Female,East,MCA,Below 10th,English,4G/Good,No,5,7,9.0,73.5,5.8,2,4.09,46.5,30.1,1.0,3.0,5.0,5.0,4.0,0.0,3.0,3.0,4.0,3.0,3-5/day,At-Risk
Male,North,MCA,Graduate,Hindi,2G/Slow,Yes,7,4,11.6,89.8,8.4,3,5.18,45.6,58.7,4.0,2.0,1.0,2.0,5.0,88.0,1.0,4.0,2.0,1.0,5+/day,At-Risk
Male,Central,B.E.,10th Pass,Regional,3G/Moderate,No,3,6,8.9,84.7,9.9,0,5.56,65.7,57.3,3.0,2.0,4.0,1.0,3.0,63.0,3.0,3.0,3.0,5.0,Never,At-Risk
Other,West,M.Tech,Below 10th,Hindi,4G/Good,No,7,8,18.6,77.1,4.7,5,5.6,56.7,49.0,4.0,2.0,3.0,5.0,5.0,13.0,3.0,4.0,3.0,7.0,5+/day,At-Risk
Male,West,B.Tech,Graduate,Regional,5G/Excellent,No,9,6,24.5,76.7,10.2,3,7.08,76.8,69.8,3.0,2.0,3.0,4.0,1.0,13.0,4.0,3.0,2.0,5.0,3-5/day,Pass
Female,North,B.Tech,10th Pass,English,3G/Moderate,No,4,6,26.0,69.6,3.0,5,6.24,56.5,56.6,5.0,4.0,1.0,1.0,4.0,38.0,3.0,3.0,3.0,1.0,5+/day,At-Risk
Male,East,BCA,Graduate,Hindi,2G/Slow,No,5,7,13.2,100.0,7.6,5,6.68,51.2,48.9,4.0,3.0,4.0,4.0,2.0,38.0,2.0,3.0,4.0,5.0,Never,Pass
Male,North,B.E.,Graduate,English,2G/Slow,Yes,8,4,18.8,70.2,9.1,3,6.12,50.5,43.6,4.0,3.0,4.0,4.0,4.0,63.0,4.0,4.0,4.0,3.0,1-3/day,Fail
Female,North,BCA,12th Pass,Regional,4G/Good,No,9,4,12.8,94.1,5.0,3,4.96,58.4,33.7,4.0,2.0,4.0,1.0,2.0,88.0,4.0,3.0,3.0,7.0,1-3/day,Fail
Male,East,M.Tech,Graduate,Regional,5G/Excellent,Yes,5,4,18.2,55.5,8.3,3,7.04,52.5,78.9,4.0,2.0,5.0,3.0,1.0,63.0,4.0,4.0,4.0,7.0,5+/day,Fail
Male,South,B.Com,12th Pass,Regional,No Access,No,5,6,13.6,92.5,5.7,4,4.79,66.4,60.1,3.0,3.0,4.0,1.0,4.0,63.0,3.0,1.0,4.0,7.0,1-3/day,At-Risk
Male,East,BCA,10th Pass,Hindi,3G/Moderate,Yes,2,6,14.1,93.7,5.4,4,6.36,63.9,69.2,5.0,2.0,5.0,2.0,3.0,88.0,3.0,2.0,3.0,7.0,3-5/day,At-Risk
Female,North,MCA,Graduate,English,4G/Good,No,9,5,8.7,70.8,4.5,2,4.09,29.4,52.6,5.0,2.0,1.0,1.0,5.0,88.0,4.0,3.0,1.0,5.0,3-5/day,Fail
Male,South,B.Tech,12th Pass,English,5G/Excellent,Yes,6,8,0.0,74.6,6.4,1,4.4,51.1,29.8,4.0,5.0,3.0,4.0,4.0,38.0,3.0,2.0,3.0,3.0,5+/day,At-Risk
Male,North,B.Tech,Below 10th,Regional,5G/Excellent,Yes,5,5,15.3,94.8,6.7,5,7.07,56.1,42.2,4.0,1.0,5.0,4.0,5.0,38.0,3.0,1.0,2.0,7.0,5+/day,At-Risk
Female,Central,BCA,Post-Graduate,English,4G/Good,No,5,8,20.4,68.3,4.7,1,6.0,38.9,38.2,3.0,2.0,4.0,1.0,4.0,63.0,2.0,3.0,3.0,1.0,5+/day,Fail
Male,East,B.E.,12th Pass,English,2G/Slow,No,4,5,19.4,87.2,8.6,0,5.37,58.5,60.8,5.0,5.0,3.0,1.0,3.0,13.0,2.0,3.0,4.0,5.0,3-5/day,Pass
Female,West,B.E.,Graduate,Hindi,4G/Good,No,1,5,7.5,73.9,5.6,2,6.23,60.6,41.2,2.0,3.0,3.0,3.0,5.0,13.0,3.0,4.0,4.0,7.0,5+/day,Fail
Male,South,B.Tech,Graduate,English,5G/Excellent,No,6,5,2.2,92.8,6.4,5,6.71,74.4,72.4,1.0,3.0,4.0,3.0,4.0,38.0,2.0,3.0,3.0,3.0,1-3/day,Pass
Female,North,BCA,12th Pass,Hindi,5G/Excellent,Yes,1,5,17.4,100.0,6.8,0,8.05,76.1,80.9,4.0,2.0,5.0,3.0,5.0,88.0,4.0,1.0,3.0,7.0,5+/day,Pass
Male,Central,B.Tech,12th Pass,Hindi,4G/Good,No,10,6,9.9,69.9,11.0,4,5.55,45.9,61.3,4.0,2.0,2.0,3.0,5.0,0.0,2.0,2.0,3.0,3.0,5+/day,Fail
Female,South,BCA,12th Pass,Hindi,4G/Good,Yes,2,8,14.8,89.1,8.4,3,6.17,70.9,54.2,2.0,2.0,3.0,4.0,4.0,88.0,4.0,3.0,4.0,1.0,5+/day,Pass
Male,South,B.Tech,12th Pass,Regional,5G/Excellent,Yes,7,5,9.8,93.7,7.7,0,5.32,43.6,64.0,4.0,2.0,3.0,3.0,3.0,63.0,3.0,4.0,4.0,1.0,1-3/day,Pass
Male,West,B.Tech,Graduate,English,4G/Good,No,1,5,7.1,58.1,5.8,0,5.62,45.7,51.5,5.0,3.0,4.0,2.0,5.0,13.0,1.0,4.0,1.0,7.0,5+/day,Fail
Male,North,B.Tech,Graduate,English,2G/Slow,No,8,4,26.2,94.1,7.1,4,6.62,59.3,79.0,5.0,3.0,5.0,2.0,4.0,88.0,3.0,3.0,3.0,5.0,5+/day,At-Risk
Male,Northeast,B.Tech,Below 10th,English,4G/Good,Yes,8,6,21.2,86.2,7.2,2,6.27,41.5,69.2,3.0,2.0,1.0,1.0,4.0,13.0,4.0,3.0,3.0,3.0,1-3/day,Pass
Male,East,M.Tech,12th Pass,Regional,5G/Excellent,Yes,7,7,17.8,89.7,6.5,3,6.51,72.5,46.4,3.0,5.0,4.0,3.0,5.0,88.0,4.0,3.0,3.0,5.0,3-5/day,Pass
Male,South,B.Tech,Post-Graduate,English,4G/Good,No,7,4,24.2,60.1,7.9,3,7.73,67.1,54.4,3.0,2.0,4.0,3.0,4.0,88.0,3.0,3.0,3.0,5.0,5+/day,Fail
Female,North,B.Tech,12th Pass,English,5G/Excellent,No,1,7,18.1,90.9,11.2,2,7.57,67.4,58.0,4.0,2.0,2.0,3.0,5.0,0.0,2.0,2.0,3.0,3.0,5+/day,Pass
Male,North,B.E.,Graduate,Hindi,4G/Good,No,3,5,15.4,79.8,4.8,5,6.95,89.1,58.1,3.0,4.0,4.0,3.0,2.0,63.0,1.0,4.0,4.0,7.0,5+/day,Pass
Male,Central,B.E.,Graduate,English,2G/Slow,No,9,8,29.6,68.3,7.1,4,4.12,50.4,31.4,3.0,3.0,3.0,3.0,3.0,88.0,2.0,2.0,2.0,7.0,5+/day,Fail
Female,West,B.Tech,10th Pass,Regional,3G/Moderate,Yes,5,7,30.1,90.4,7.1,5,7.43,53.8,75.1,4.0,2.0,5.0,3.0,3.0,63.0,4.0,3.0,3.0,1.0,1-3/day,Pass
Female,North,B.Tech,10th Pass,Regional,5G/Excellent,No,5,7,10.9,91.7,6.1,4,7.14,81.0,71.1,3.0,2.0,5.0,2.0,4.0,63.0,4.0,3.0,3.0,5.0,5+/day,At-Risk
Male,North,B.Com,Graduate,Hindi,4G/Good,Yes,7,7,19.9,81.1,5.5,0,7.09,66.8,58.9,3.0,4.0,4.0,2.0,5.0,63.0,3.0,4.0,4.0,5.0,3-5/day,At-Risk
Male,West,BCA,12th Pass,Hindi,No Access,Yes,10,8,19.0,86.4,5.4,1,4.7,34.5,65.1,3.0,4.0,4.0,2.0,4.0,63.0,1.0,4.0,3.0,1.0,5+/day,At-Risk
Male,East,B.E.,12th Pass,English,5G/Excellent,Yes,8,4,24.0,80.1,9.9,1,7.22,68.1,63.6,5.0,4.0,1.0,2.0,5.0,63.0,3.0,3.0,2.0,5.0,1-3/day,Pass
Female,South,B.E.,Graduate,Hindi,4G/Good,No,6,6,10.6,65.5,6.7,4,5.48,53.3,33.2,4.0,2.0,3.0,2.0,5.0,38.0,3.0,2.0,2.0,5.0,5+/day,Fail
Female,South,B.Tech,Graduate,Hindi,5G/Excellent,Yes,5,8,26.9,80.3,8.0,2,6.83,47.6,47.8,4.0,2.0,5.0,2.0,3.0,63.0,3.0,2.0,3.0,3.0,3-5/day,Pass
Male,North,B.Tech,10th Pass,English,4G/Good,No,1,4,11.5,96.4,6.1,5,6.69,65.4,64.0,5.0,1.0,3.0,5.0,5.0,38.0,4.0,3.0,3.0,1.0,5+/day,Pass
Female,West,BCA,Below 10th,English,2G/Slow,No,10,5,17.1,96.6,7.1,2,4.05,49.3,63.6,4.0,4.0,3.0,4.0,5.0,63.0,4.0,4.0,4.0,5.0,Never,At-Risk
Female,Central,M.Tech,10th Pass,Regional,4G/Good,No,10,4,10.0,72.1,7.3,1,4.09,17.4,49.6,3.0,3.0,4.0,1.0,4.0,63.0,3.0,1.0,4.0,7.0,1-3/day,Fail
Female,North,B.Tech,12th Pass,English,5G/Excellent,Yes,10,7,14.3,84.9,6.1,5,5.43,52.2,39.4,4.0,2.0,2.0,1.0,4.0,88.0,3.0,3.0,2.0,5.0,5+/day,At-Risk
Female,East,MCA,10th Pass,Hindi,No Access,Yes,9,4,10.8,82.9,6.9,2,4.71,63.0,39.9,3.0,5.0,5.0,1.0,5.0,38.0,3.0,3.0,4.0,7.0,3-5/day,At-Risk
Male,South,B.Tech,12th Pass,English,5G/Excellent,No,6,4,11.3,87.9,8.4,2,4.94,44.2,55.2,5.0,3.0,5.0,4.0,2.0,13.0,3.0,3.0,3.0,5.0,5+/day,Pass
Male,South,B.Tech,Below 10th,English,3G/Moderate,Yes,3,5,23.4,82.6,4.8,5,6.36,64.3,44.6,2.0,2.0,1.0,4.0,5.0,88.0,4.0,3.0,2.0,7.0,3-5/day,Pass
Male,South,B.Tech,12th Pass,Regional,4G/Good,No,10,5,17.7,90.7,6.8,3,6.12,62.4,81.7,4.0,1.0,4.0,2.0,4.0,38.0,3.0,4.0,3.0,1.0,5+/day,At-Risk
Male,Northeast,B.Tech,10th Pass,English,4G/Good,No,7,4,32.0,77.0,7.4,5,7.06,36.1,78.8,5.0,2.0,4.0,1.0,4.0,63.0,4.0,1.0,4.0,1.0,3-5/day,At-Risk
Female,East,B.Com,12th Pass,Hindi,5G/Excellent,No,4,8,16.5,95.2,7.7,2,6.55,54.9,60.4,5.0,1.0,5.0,4.0,2.0,38.0,4.0,3.0,3.0,3.0,5+/day,Pass
Female,East,B.E.,12th Pass,English,4G/Good,Yes,3,5,12.5,75.6,7.9,3,5.28,63.3,64.3,3.0,2.0,5.0,3.0,3.0,38.0,3.0,3.0,3.0,3.0,3-5/day,Pass
Male,South,B.Tech,10th Pass,English,4G/Good,No,7,7,14.3,84.3,7.6,5,6.83,68.6,62.9,4.0,3.0,4.0,4.0,2.0,38.0,2.0,3.0,4.0,5.0,Never,Pass
Male,North,B.Com,Post-Graduate,Regional,5G/Excellent,No,6,8,16.9,90.0,8.3,3,6.49,72.7,54.3,3.0,3.0,4.0,4.0,5.0,13.0,4.0,3.0,3.0,3.0,5+/day,Pass
Male,North,M.Tech,10th Pass,Hindi,No Access,No,4,4,20.2,84.6,5.9,5,4.83,47.7,50.9,2.0,5.0,2.0,5.0,5.0,63.0,2.0,2.0,3.0,3.0,3-5/day,Pass
Female,West,MCA,Graduate,Regional,2G/Slow,Yes,10,7,15.2,53.9,8.7,1,4.84,63.1,18.4,2.0,3.0,2.0,3.0,1.0,13.0,1.0,3.0,1.0,1.0,1-3/day,At-Risk
Male,North,B.Com,Post-Graduate,Regional,No Access,No,8,7,9.0,85.6,6.7,3,4.78,61.5,56.4,2.0,2.0,3.0,2.0,3.0,63.0,3.0,3.0,2.0,7.0,5+/day,At-Risk
Male,West,B.Tech,12th Pass,Regional,4G/Good,No,2,8,24.5,90.3,7.8,4,6.75,84.5,54.9,4.0,5.0,3.0,4.0,4.0,38.0,3.0,2.0,3.0,3.0,5+/day,Pass
Male,South,MCA,Graduate,Regional,4G/Good,Yes,6,4,26.5,85.6,4.5,0,6.79,81.4,82.0,5.0,3.0,4.0,2.0,2.0,63.0,3.0,3.0,1.0,3.0,5+/day,Pass
Male,South,BCA,Below 10th,English,5G/Excellent,No,3,7,15.0,93.3,7.5,3,6.28,59.5,65.3,4.0,3.0,2.0,3.0,3.0,88.0,4.0,2.0,4.0,5.0,3-5/day,Pass
Other,South,M.Tech,12th Pass,Regional,4G/Good,Yes,8,5,28.4,96.1,6.7,4,5.98,35.0,58.9,3.0,2.0,4.0,1.0,3.0,63.0,3.0,3.0,4.0,1.0,5+/day,Pass
Female,South,MCA,12th Pass,English,3G/Moderate,No,8,5,14.5,73.7,6.0,4,4.43,39.0,30.5,5.0,2.0,3.0,2.0,3.0,63.0,4.0,3.0,3.0,7.0,5+/day,Fail
Male,North,B.Tech,Below 10th,English,5G/Excellent,No,1,8,25.3,61.4,8.4,2,7.35,60.0,58.5,4.0,3.0,4.0,4.0,2.0,38.0,2.0,3.0,4.0,5.0,Never,At-Risk
Female,South,MCA,12th Pass,English,3G/Moderate,Yes,2,5,11.4,67.6,6.8,4,7.25,60.6,66.6,2.0,2.0,4.0,2.0,3.0,13.0,4.0,4.0,2.0,3.0,5+/day,At-Risk
Female,West,B.Tech,10th Pass,English,5G/Excellent,Yes,4,6,34.6,82.9,6.8,2,8.75,67.8,87.8,4.0,2.0,5.0,4.0,1.0,88.0,2.0,3.0,4.0,1.0,3-5/day,Pass
Female,West,B.Tech,Graduate,Hindi,3G/Moderate,No,1,4,5.7,89.4,4.4,4,5.42,68.0,58.6,4.0,5.0,4.0,2.0,4.0,63.0,4.0,2.0,2.0,5.0,5+/day,Pass
Male,South,B.Tech,Post-Graduate,English,3G/Moderate,Yes,3,7,10.3,80.5,5.5,1,7.51,68.0,66.9,2.0,3.0,4.0,3.0,3.0,63.0,3.0,3.0,1.0,1.0,3-5/day,Pass
Male,South,B.Com,Below 10th,English,4G/Good,No,4,7,33.4,65.4,6.8,1,6.27,61.5,58.1,4.0,3.0,4.0,2.0,5.0,88.0,4.0,3.0,3.0,1.0,5+/day,Fail
Male,North,B.Tech,10th Pass,Hindi,2G/Slow,Yes,10,8,6.0,85.6,5.5,1,3.94,39.4,64.1,4.0,3.0,4.0,3.0,4.0,88.0,1.0,2.0,3.0,5.0,1-3/day,At-Risk
Female,North,B.E.,12th Pass,English,No Access,Yes,3,8,16.3,82.1,8.7,1,5.31,42.8,67.7,4.0,2.0,3.0,1.0,5.0,38.0,3.0,3.0,2.0,3.0,5+/day,At-Risk
Male,North,B.E.,12th Pass,Regional,4G/Good,No,5,7,14.3,83.9,6.1,5,5.31,58.7,61.9,5.0,1.0,5.0,2.0,2.0,38.0,3.0,1.0,3.0,5.0,5+/day,At-Risk
Male,Central,B.Com,Graduate,English,3G/Moderate,No,10,5,18.2,100.0,5.1,1,5.36,53.7,60.8,4.0,3.0,4.0,2.0,5.0,88.0,4.0,3.0,3.0,1.0,5+/day,Fail
Male,North,B.Tech,12th Pass,English,No Access,No,7,8,19.8,91.8,4.8,4,5.98,71.1,60.7,4.0,2.0,3.0,1.0,5.0,38.0,2.0,4.0,3.0,1.0,3-5/day,At-Risk
Female,North,MCA,Below 10th,English,3G/Moderate,No,8,6,16.3,80.4,6.3,3,3.67,56.3,49.2,3.0,2.0,4.0,1.0,3.0,63.0,3.0,3.0,3.0,5.0,Never,Fail
Male,South,M.Tech,Graduate,English,4G/Good,No,8,8,23.2,66.1,7.8,3,6.92,66.7,38.5,3.0,5.0,5.0,1.0,5.0,38.0,3.0,3.0,4.0,7.0,3-5/day,Fail
Female,North,B.E.,Graduate,Hindi,4G/Good,No,2,5,27.9,98.1,5.1,3,8.74,78.8,68.6,4.0,2.0,5.0,3.0,1.0,38.0,1.0,3.0,3.0,3.0,3-5/day,Pass
Female,West,B.E.,12th Pass,Hindi,2G/Slow,Yes,1,4,13.9,60.8,4.9,1,5.62,49.7,64.1,4.0,4.0,3.0,1.0,3.0,63.0,3.0,4.0,3.0,3.0,5+/day,Fail
Male,North,BCA,12th Pass,English,4G/Good,Yes,6,6,5.5,78.6,5.6,1,6.81,78.3,58.3,3.0,5.0,4.0,3.0,5.0,88.0,4.0,3.0,3.0,5.0,3-5/day,Pass
Female,North,B.Com,10th Pass,English,4G/Good,Yes,1,8,13.3,67.6,6.4,4,5.76,66.6,49.6,2.0,4.0,4.0,2.0,3.0,38.0,2.0,3.0,4.0,3.0,5+/day,At-Risk
Male,West,MCA,10th Pass,English,4G/Good,No,6,4,20.1,77.1,4.9,5,6.58,67.8,72.6,5.0,1.0,4.0,4.0,3.0,38.0,1.0,1.0,2.0,7.0,5+/day,Pass
Female,South,B.Tech,10th Pass,Regional,4G/Good,No,7,4,19.1,80.9,6.7,3,4.5,44.7,23.2,3.0,2.0,3.0,2.0,4.0,63.0,4.0,3.0,3.0,5.0,5+/day,Fail
Male,West,M.Tech,12th Pass,English,2G/Slow,No,9,7,24.2,66.2,8.8,5,5.54,58.7,44.4,5.0,3.0,4.0,2.0,5.0,13.0,1.0,4.0,1.0,7.0,5+/day,Fail
Female,East,B.E.,Post-Graduate,Regional,4G/Good,No,10,5,31.0,52.6,6.5,2,4.85,56.9,28.1,4.0,2.0,1.0,2.0,5.0,88.0,1.0,4.0,2.0,1.0,5+/day,Fail
Female,South,BCA,12th Pass,Hindi,5G/Excellent,Yes,10,7,19.5,70.4,5.9,1,6.05,48.3,74.6,5.0,3.0,4.0,3.0,1.0,88.0,3.0,2.0,2.0,7.0,5+/day,Fail
Female,West,MCA,10th Pass,English,4G/Good,No,1,5,15.2,65.8,8.2,0,7.69,70.5,64.6,3.0,4.0,4.0,3.0,3.0,38.0,3.0,3.0,4.0,7.0,5+/day,At-Risk
Female,North,B.Tech,10th Pass,Regional,3G/Moderate,Yes,7,4,12.9,70.5,4.8,0,4.73,37.4,68.0,4.0,4.0,5.0,2.0,5.0,13.0,3.0,2.0,4.0,5.0,5+/day,Fail
Male,East,MCA,10th Pass,Regional,2G/Slow,No,4,8,16.7,78.6,7.3,0,3.67,36.2,38.0,5.0,1.0,4.0,2.0,1.0,88.0,3.0,2.0,3.0,5.0,5+/day,Fail
Female,South,BCA,12th Pass,Hindi,5G/Excellent,No,9,5,24.0,100.0,6.5,4,5.69,60.7,33.5,3.0,3.0,5.0,3.0,4.0,38.0,3.0,4.0,4.0,3.0,5+/day,Pass
Female,South,M.Tech,12th Pass,English,4G/Good,No,4,5,13.8,74.8,9.0,2,7.06,78.3,57.7,5.0,2.0,3.0,2.0,4.0,88.0,4.0,3.0,2.0,7.0,5+/day,Fail
Female,East,B.Tech,10th Pass,Hindi,3G/Moderate,No,2,4,22.2,75.6,8.4,1,6.76,57.5,84.1,4.0,2.0,4.0,1.0,4.0,88.0,2.0,4.0,3.0,5.0,5+/day,At-Risk
Male,Northeast,B.E.,12th Pass,English,3G/Moderate,No,1,6,10.4,80.7,3.6,4,7.76,53.4,78.1,3.0,1.0,4.0,1.0,4.0,63.0,3.0,3.0,4.0,5.0,5+/day,At-Risk
Female,Central,MCA,10th Pass,English,5G/Excellent,No,7,4,17.9,89.9,6.8,3,5.5,53.6,55.0,3.0,2.0,4.0,2.0,2.0,13.0,3.0,3.0,3.0,1.0,5+/day,Pass
Female,East,B.Tech,Below 10th,Regional,3G/Moderate,Yes,7,4,7.2,88.7,4.3,3,5.79,56.9,56.6,3.0,4.0,5.0,4.0,5.0,88.0,2.0,4.0,3.0,5.0,5+/day,At-Risk
Female,South,B.Tech,Below 10th,Regional,4G/Good,Yes,3,5,14.0,59.0,8.2,1,4.35,35.5,43.0,4.0,2.0,2.0,4.0,3.0,13.0,3.0,2.0,3.0,3.0,5+/day,Fail
Male,North,B.Com,10th Pass,English,4G/Good,No,5,4,28.3,69.5,5.1,5,7.93,64.4,60.2,3.0,3.0,4.0,1.0,2.0,63.0,3.0,3.0,4.0,3.0,5+/day,Fail
Female,South,B.Tech,Below 10th,Regional,4G/Good,No,10,7,19.8,95.3,7.7,1,4.98,48.7,54.3,3.0,2.0,4.0,1.0,3.0,63.0,3.0,3.0,3.0,5.0,Never,At-Risk
Male,East,B.Com,10th Pass,Hindi,No Access,No,7,4,17.1,75.7,8.2,0,4.67,58.8,26.7,4.0,1.0,4.0,2.0,4.0,38.0,3.0,2.0,3.0,5.0,3-5/day,Fail
Female,South,B.Tech,Graduate,English,3G/Moderate,Yes,8,8,19.9,93.6,3.8,2,5.27,36.9,52.5,3.0,1.0,4.0,3.0,5.0,63.0,3.0,4.0,4.0,7.0,3-5/day,At-Risk
Male,Central,B.E.,Graduate,English,5G/Excellent,No,9,4,21.6,90.6,8.7,0,5.79,53.5,51.2,4.0,3.0,4.0,2.0,5.0,88.0,4.0,3.0,3.0,1.0,5+/day,At-Risk
Female,South,MCA,12th Pass,English,4G/Good,Yes,10,4,20.3,55.1,8.2,2,5.45,69.9,49.8,3.0,4.0,3.0,5.0,5.0,63.0,3.0,2.0,3.0,3.0,3-5/day,Fail
Other,South,BCA,Graduate,Regional,5G/Excellent,Yes,10,8,19.6,62.1,4.9,4,5.97,49.4,43.3,1.0,4.0,3.0,2.0,4.0,13.0,2.0,3.0,2.0,7.0,1-3/day,At-Risk
Male,South,BCA,10th Pass,Regional,4G/Good,No,1,6,11.0,78.0,8.2,4,5.59,60.2,58.0,5.0,1.0,5.0,3.0,4.0,63.0,1.0,3.0,3.0,3.0,5+/day,At-Risk
Other,Northeast,B.E.,Graduate,English,5G/Excellent,Yes,9,6,7.6,86.8,4.7,5,7.18,65.2,84.3,4.0,4.0,3.0,2.0,4.0,38.0,3.0,3.0,3.0,1.0,3-5/day,Pass
Male,West,MCA,10th Pass,Hindi,5G/Excellent,Yes,6,6,23.1,78.8,7.9,2,4.96,56.9,41.8,3.0,3.0,4.0,4.0,5.0,13.0,4.0,3.0,3.0,3.0,5+/day,Pass
Female,East,B.Tech,12th Pass,Regional,4G/Good,No,6,7,8.8,79.7,6.4,4,5.49,53.7,58.0,3.0,4.0,5.0,3.0,4.0,63.0,2.0,4.0,3.0,3.0,3-5/day,At-Risk
Female,South,B.E.,12th Pass,Regional,3G/Moderate,Yes,7,8,20.6,82.4,4.4,2,3.79,45.6,47.5,4.0,3.0,4.0,3.0,4.0,38.0,1.0,4.0,4.0,5.0,3-5/day,At-Risk
Female,Northeast,B.Tech,Below 10th,English,4G/Good,No,9,7,25.1,80.8,8.7,5,5.3,63.1,73.2,2.0,2.0,2.0,1.0,5.0,88.0,4.0,4.0,4.0,5.0,5+/day,Fail
Female,North,BCA,Post-Graduate,Hindi,4G/Good,No,7,7,10.8,81.6,8.7,5,6.14,65.7,38.1,2.0,4.0,4.0,5.0,4.0,13.0,4.0,3.0,3.0,1.0,5+/day,Pass
Female,Northeast,B.Tech,Below 10th,Regional,4G/Good,No,7,7,13.4,53.6,6.8,5,3.74,49.3,46.1,3.0,2.0,5.0,3.0,3.0,38.0,3.0,3.0,3.0,3.0,3-5/day,Fail
Male,East,B.Tech,10th Pass,English,5G/Excellent,No,3,8,16.9,78.3,6.5,4,7.46,77.2,78.2,5.0,5.0,3.0,1.0,3.0,13.0,2.0,3.0,4.0,5.0,3-5/day,Pass
Male,South,B.E.,10th Pass,English,3G/Moderate,No,10,5,11.8,78.2,5.9,5,5.08,47.4,62.3,5.0,1.0,5.0,4.0,2.0,38.0,4.0,3.0,3.0,3.0,5+/day,At-Risk
Female,East,B.Tech,Below 10th,Regional,3G/Moderate,No,9,5,11.7,69.2,7.3,3,4.36,33.0,37.3,3.0,4.0,2.0,4.0,4.0,88.0,1.0,4.0,3.0,1.0,5+/day,Fail
Female,West,B.Tech,10th Pass,English,4G/Good,No,4,6,14.3,72.8,7.1,1,6.16,79.9,45.0,4.0,4.0,5.0,1.0,5.0,38.0,1.0,3.0,4.0,5.0,3-5/day,Fail
Female,North,BCA,Below 10th,Regional,3G/Moderate,No,6,7,12.6,62.0,8.8,4,3.82,46.1,44.6,4.0,1.0,3.0,2.0,4.0,38.0,4.0,3.0,3.0,3.0,5+/day,Fail
Female,Northeast,B.E.,10th Pass,English,4G/Good,No,7,6,21.4,86.6,6.8,4,5.35,66.3,64.8,5.0,3.0,5.0,1.0,4.0,88.0,3.0,4.0,4.0,5.0,5+/day,Fail
Male,South,M.Tech,Graduate,English,5G/Excellent,No,9,7,18.5,68.2,8.6,3,7.93,45.3,40.4,5.0,2.0,5.0,5.0,5.0,88.0,4.0,3.0,3.0,3.0,5+/day,Fail
Female,South,BCA,10th Pass,English,4G/Good,No,10,6,7.9,80.6,3.7,0,4.01,63.2,29.0,4.0,2.0,5.0,4.0,1.0,88.0,2.0,3.0,4.0,1.0,3-5/day,At-Risk
Male,North,B.Tech,Below 10th,English,5G/Excellent,No,3,4,30.1,76.1,7.7,3,6.05,50.2,61.9,5.0,2.0,5.0,3.0,4.0,88.0,1.0,3.0,2.0,3.0,3-5/day,At-Risk
Female,South,BCA,12th Pass,English,4G/Good,No,2,8,15.9,79.8,6.8,4,7.59,70.7,67.8,1.0,3.0,5.0,5.0,4.0,0.0,3.0,3.0,4.0,3.0,3-5/day,Pass
Male,East,B.Tech,Post-Graduate,Hindi,4G/Good,No,2,7,17.5,92.9,7.0,3,7.99,65.8,85.0,4.0,2.0,2.0,1.0,4.0,63.0,3.0,3.0,3.0,5.0,5+/day,Pass
Male,South,MCA,10th Pass,English,4G/Good,No,2,7,14.3,73.2,9.2,3,5.94,36.9,92.1,3.0,2.0,4.0,1.0,3.0,63.0,3.0,3.0,3.0,5.0,Never,Fail
Male,West,B.Com,10th Pass,Regional,2G/Slow,No,9,7,17.9,80.8,8.2,5,3.96,45.4,66.2,5.0,1.0,5.0,4.0,2.0,38.0,4.0,3.0,3.0,3.0,5+/day,At-Risk
Male,South,B.E.,Post-Graduate,Hindi,4G/Good,Yes,8,8,11.7,89.7,6.0,3,7.4,85.8,63.4,1.0,2.0,5.0,1.0,5.0,13.0,3.0,3.0,3.0,3.0,5+/day,Pass
Female,Central,BCA,10th Pass,Hindi,3G/Moderate,No,9,4,8.5,83.8,5.2,2,3.68,35.5,30.5,5.0,2.0,5.0,1.0,1.0,38.0,4.0,4.0,3.0,7.0,3-5/day,Fail
Male,East,B.Tech,12th Pass,English,5G/Excellent,Yes,9,5,15.7,72.5,3.6,3,6.37,53.7,39.2,4.0,2.0,5.0,3.0,1.0,63.0,4.0,4.0,4.0,7.0,5+/day,Fail
Male,Northeast,B.E.,10th Pass,Hindi,3G/Moderate,No,1,8,28.0,63.4,7.2,3,6.95,80.2,67.6,5.0,1.0,4.0,2.0,1.0,63.0,1.0,2.0,3.0,5.0,1-3/day,At-Risk
Male,North,M.Tech,Post-Graduate,Hindi,3G/Moderate,No,10,4,21.9,72.0,8.3,4,5.88,58.7,29.6,5.0,2.0,5.0,2.0,4.0,88.0,1.0,3.0,4.0,5.0,5+/day,Fail
Male,South,B.Tech,Post-Graduate,English,4G/Good,No,10,6,26.5,84.2,8.4,2,7.47,57.8,62.7,5.0,3.0,4.0,2.0,4.0,63.0,3.0,4.0,4.0,7.0,5+/day,At-Risk
Male,South,B.Tech,Graduate,Regional,4G/Good,No,9,7,14.0,81.4,5.9,0,5.01,42.8,54.2,5.0,1.0,5.0,4.0,2.0,38.0,4.0,3.0,3.0,3.0,5+/day,At-Risk
Male,East,B.E.,10th Pass,English,No Access,No,1,7,12.3,89.7,8.4,2,4.93,45.3,75.2,4.0,2.0,1.0,3.0,5.0,38.0,4.0,3.0,4.0,7.0,5+/day,At-Risk
Female,Northeast,BCA,12th Pass,English,2G/Slow,Yes,5,5,14.4,78.0,8.4,2,4.26,53.9,48.4,3.0,1.0,3.0,4.0,4.0,63.0,3.0,3.0,3.0,5.0,5+/day,At-Risk
Female,North,B.E.,10th Pass,Hindi,5G/Excellent,No,4,6,21.6,72.7,7.9,2,6.99,43.0,50.5,2.0,2.0,1.0,1.0,4.0,88.0,4.0,3.0,3.0,1.0,5+/day,Fail
Female,North,B.Com,Graduate,Hindi,4G/Good,Yes,8,4,25.1,64.2,6.6,4,6.54,59.9,67.9,2.0,4.0,5.0,1.0,2.0,63.0,3.0,3.0,3.0,5.0,5+/day,At-Risk
Male,Northeast,B.Tech,Post-Graduate,English,2G/Slow,Yes,5,6,16.1,67.5,6.4,5,6.1,59.0,59.1,4.0,1.0,1.0,4.0,5.0,88.0,1.0,3.0,3.0,1.0,5+/day,At-Risk
Male,North,B.E.,12th Pass,Regional,4G/Good,No,9,6,8.2,69.4,7.3,1,4.62,53.8,61.6,4.0,2.0,5.0,3.0,1.0,88.0,3.0,3.0,4.0,5.0,1-3/day,Fail
Female,West,BCA,Graduate,Hindi,3G/Moderate,No,1,5,24.8,97.7,7.5,4,7.45,71.8,86.2,1.0,2.0,2.0,3.0,4.0,13.0,3.0,2.0,2.0,5.0,5+/day,Pass
Male,East,B.Tech,10th Pass,Hindi,3G/Moderate,No,8,4,25.8,67.8,5.8,4,5.09,46.9,46.6,3.0,4.0,3.0,4.0,4.0,38.0,3.0,2.0,2.0,3.0,5+/day,At-Risk
Male,Northeast,BCA,12th Pass,English,5G/Excellent,No,6,5,21.6,68.0,6.0,0,5.2,37.6,60.2,4.0,1.0,5.0,4.0,5.0,38.0,3.0,1.0,2.0,7.0,5+/day,Fail
Male,North,B.Tech,12th Pass,Regional,4G/Good,Yes,1,4,28.0,73.5,6.9,5,7.64,74.2,94.9,2.0,3.0,3.0,3.0,5.0,13.0,3.0,4.0,4.0,7.0,5+/day,At-Risk
Male,North,B.Tech,10th Pass,English,No Access,No,2,8,4.6,94.4,5.6,0,2.85,47.6,60.7,4.0,3.0,4.0,2.0,3.0,88.0,1.0,2.0,3.0,5.0,5+/day,At-Risk
Male,East,B.Tech,10th Pass,Hindi,5G/Excellent,Yes,4,8,11.5,87.7,5.7,0,4.48,39.0,36.3,5.0,4.0,1.0,1.0,4.0,38.0,3.0,3.0,3.0,1.0,5+/day,At-Risk
Male,Central,B.Com,Below 10th,English,4G/Good,Yes,5,7,18.1,78.9,3.9,1,6.65,52.1,41.5,5.0,3.0,4.0,2.0,2.0,63.0,3.0,3.0,1.0,3.0,5+/day,At-Risk
Female,South,BCA,Graduate,Hindi,3G/Moderate,No,1,5,10.6,63.0,5.0,2,6.92,62.0,75.2,4.0,3.0,4.0,1.0,2.0,13.0,1.0,4.0,4.0,7.0,5+/day,At-Risk
Female,South,MCA,Graduate,English,4G/Good,Yes,10,8,24.4,80.4,7.6,1,7.02,71.0,56.1,2.0,3.0,3.0,2.0,1.0,63.0,1.0,4.0,3.0,7.0,3-5/day,Pass
Female,East,B.Tech,Post-Graduate,English,5G/Excellent,Yes,7,6,9.8,90.4,8.0,2,8.17,71.3,89.2,2.0,2.0,4.0,2.0,3.0,63.0,1.0,2.0,4.0,5.0,5+/day,Pass
Female,Central,BCA,Graduate,Regional,4G/Good,Yes,4,6,27.4,96.8,6.4,1,7.86,82.9,46.8,5.0,5.0,3.0,1.0,3.0,13.0,2.0,3.0,4.0,5.0,3-5/day,Pass
Female,Northeast,B.E.,12th Pass,English,4G/Good,No,1,8,12.1,53.9,7.7,5,6.01,62.6,46.0,4.0,3.0,4.0,4.0,5.0,88.0,4.0,4.0,4.0,3.0,5+/day,Fail
Female,Central,B.Com,10th Pass,English,4G/Good,No,6,5,27.8,70.7,3.2,4,5.04,52.3,47.2,2.0,2.0,4.0,1.0,4.0,13.0,3.0,1.0,4.0,7.0,5+/day,Fail
Female,North,BCA,Post-Graduate,Hindi,4G/Good,No,9,7,12.2,81.1,7.1,4,5.68,32.9,40.6,3.0,4.0,4.0,3.0,5.0,38.0,2.0,2.0,3.0,7.0,5+/day,At-Risk
Male,North,BCA,12th Pass,Hindi,4G/Good,No,9,6,1.5,94.9,4.3,2,3.62,52.9,27.4,2.0,1.0,2.0,2.0,5.0,63.0,4.0,4.0,3.0,1.0,3-5/day,Fail
Male,East,B.Tech,Graduate,English,4G/Good,No,4,7,19.0,64.1,5.2,2,5.3,23.5,42.9,4.0,1.0,5.0,2.0,5.0,38.0,4.0,4.0,2.0,3.0,1-3/day,Fail
Male,Northeast,B.E.,Graduate,English,No Access,Yes,7,6,22.8,66.7,7.5,2,6.01,32.2,68.6,3.0,2.0,5.0,3.0,3.0,38.0,3.0,3.0,3.0,3.0,3-5/day,Fail
Female,South,B.E.,Graduate,Regional,5G/Excellent,Yes,10,4,10.7,74.3,7.7,3,5.7,47.8,50.0,3.0,3.0,3.0,2.0,4.0,88.0,3.0,3.0,3.0,3.0,5+/day,Fail
Female,North,B.Com,Below 10th,Hindi,2G/Slow,No,1,8,29.1,63.1,3.6,0,6.13,70.9,63.7,3.0,4.0,3.0,5.0,5.0,63.0,3.0,2.0,3.0,3.0,3-5/day,At-Risk
Male,West,B.Tech,10th Pass,English,4G/Good,No,10,5,27.6,56.3,4.0,3,5.08,51.8,83.9,4.0,3.0,4.0,2.0,5.0,88.0,4.0,3.0,3.0,1.0,5+/day,Fail
Female,North,B.Tech,Graduate,Regional,4G/Good,No,9,6,16.8,100.0,5.5,3,7.0,60.6,80.4,4.0,2.0,2.0,2.0,4.0,38.0,2.0,3.0,2.0,7.0,5+/day,Pass
Male,South,B.E.,Graduate,Hindi,4G/Good,Yes,1,8,20.2,76.8,3.8,4,7.85,70.0,74.2,3.0,3.0,4.0,1.0,2.0,63.0,3.0,3.0,4.0,3.0,5+/day,Pass
Female,East,B.Tech,Graduate,English,4G/Good,Yes,9,7,18.1,72.0,5.9,5,5.81,69.7,34.5,3.0,2.0,1.0,3.0,4.0,0.0,2.0,3.0,2.0,3.0,5+/day,At-Risk
Male,East,B.Tech,12th Pass,English,4G/Good,Yes,6,5,22.6,65.6,7.8,4,6.79,37.6,55.3,3.0,2.0,4.0,1.0,3.0,63.0,3.0,3.0,3.0,5.0,Never,Fail
Male,West,M.Tech,10th Pass,English,2G/Slow,No,10,5,24.0,79.4,4.2,2,3.75,41.7,54.3,1.0,4.0,2.0,3.0,4.0,63.0,2.0,3.0,4.0,7.0,5+/day,Pass
Male,South,BCA,Graduate,Regional,4G/Good,Yes,7,8,6.4,73.3,9.5,4,4.66,38.1,43.4,5.0,5.0,5.0,4.0,5.0,88.0,4.0,4.0,4.0,3.0,5+/day,Fail
Male,East,M.Tech,Graduate,English,5G/Excellent,No,4,8,29.7,89.3,6.1,2,7.3,59.6,52.2,2.0,1.0,4.0,4.0,4.0,38.0,3.0,3.0,2.0,5.0,5+/day,Pass
Male,East,MCA,12th Pass,English,5G/Excellent,Yes,9,8,26.3,66.9,7.1,5,6.54,73.6,84.7,4.0,1.0,4.0,4.0,4.0,38.0,3.0,4.0,4.0,1.0,5+/day,At-Risk
Male,East,B.Tech,10th Pass,Regional,4G/Good,No,6,4,10.7,79.6,5.0,5,4.91,37.5,32.2,4.0,2.0,2.0,2.0,4.0,38.0,2.0,3.0,2.0,7.0,5+/day,At-Risk
Female,West,B.E.,Post-Graduate,English,3G/Moderate,Yes,6,4,28.2,79.1,8.1,3,7.57,58.8,63.0,2.0,2.0,1.0,4.0,5.0,88.0,4.0,3.0,2.0,7.0,3-5/day,Pass
Female,South,B.Tech,12th Pass,Hindi,3G/Moderate,Yes,10,5,31.4,86.3,6.9,0,3.84,44.0,36.3,4.0,2.0,3.0,3.0,4.0,88.0,3.0,4.0,4.0,1.0,5+/day,At-Risk
Male,North,B.Com,Graduate,English,3G/Moderate,Yes,6,8,6.0,77.6,6.9,4,5.18,42.5,36.3,4.0,2.0,5.0,2.0,3.0,63.0,3.0,2.0,3.0,3.0,3-5/day,At-Risk
Female,North,B.E.,10th Pass,Hindi,4G/Good,Yes,4,4,22.8,86.7,7.1,3,6.43,75.3,83.0,3.0,3.0,3.0,2.0,4.0,88.0,3.0,3.0,3.0,3.0,5+/day,Pass
Female,North,B.E.,10th Pass,English,3G/Moderate,Yes,7,5,24.4,83.4,4.6,5,6.83,70.0,46.0,5.0,4.0,1.0,2.0,5.0,63.0,3.0,3.0,2.0,5.0,1-3/day,Pass
Male,East,B.Tech,Graduate,English,5G/Excellent,No,2,6,20.6,90.1,7.1,2,7.13,58.5,50.8,4.0,2.0,5.0,2.0,2.0,38.0,4.0,1.0,3.0,1.0,5+/day,Pass
Male,Northeast,B.E.,Below 10th,Hindi,5G/Excellent,Yes,2,8,26.2,86.9,7.6,4,6.93,80.0,77.8,3.0,2.0,3.0,2.0,4.0,63.0,4.0,3.0,3.0,5.0,5+/day,Pass
Male,West,B.Tech,12th Pass,Hindi,No Access,Yes,6,4,19.4,77.6,4.2,5,5.06,60.5,53.7,2.0,3.0,2.0,2.0,5.0,63.0,3.0,3.0,4.0,3.0,5+/day,At-Risk
Male,West,B.E.,12th Pass,Hindi,4G/Good,No,9,5,21.5,99.7,6.1,0,7.0,76.8,48.0,4.0,3.0,4.0,3.0,4.0,38.0,1.0,4.0,4.0,5.0,3-5/day,Pass
Female,South,MCA,Graduate,Hindi,4G/Good,No,3,8,4.7,73.7,6.0,4,5.56,43.9,52.5,5.0,1.0,5.0,1.0,5.0,38.0,1.0,3.0,2.0,3.0,5+/day,Fail
Male,South,MCA,10th Pass,Hindi,3G/Moderate,Yes,7,5,13.4,98.2,6.6,2,5.35,63.6,39.3,3.0,4.0,4.0,2.0,4.0,63.0,1.0,4.0,3.0,1.0,5+/day,Pass
Female,South,B.Tech,10th Pass,Hindi,4G/Good,No,9,6,26.9,92.9,7.6,3,7.22,51.6,61.7,4.0,2.0,3.0,1.0,5.0,38.0,3.0,3.0,2.0,3.0,5+/day,At-Risk
Female,North,B.E.,Post-Graduate,Hindi,4G/Good,No,9,5,13.1,88.0,7.7,5,5.3,59.2,48.4,4.0,1.0,3.0,3.0,5.0,38.0,2.0,2.0,3.0,1.0,3-5/day,Pass
Male,North,M.Tech,12th Pass,Hindi,3G/Moderate,Yes,3,5,17.6,79.9,6.4,3,6.55,46.0,41.7,4.0,4.0,4.0,3.0,3.0,88.0,4.0,3.0,3.0,3.0,5+/day,Pass
Female,East,B.Tech,Below 10th,Hindi,4G/Good,No,1,6,10.1,72.5,7.9,0,4.44,31.7,51.3,3.0,2.0,3.0,2.0,4.0,88.0,4.0,1.0,1.0,1.0,1-3/day,Fail
Male,Central,M.Tech,10th Pass,Hindi,5G/Excellent,Yes,2,7,13.4,83.3,4.4,0,7.04,62.5,51.6,2.0,2.0,1.0,4.0,5.0,88.0,4.0,3.0,2.0,7.0,3-5/day,Pass
Female,North,B.Tech,Post-Graduate,English,4G/Good,Yes,8,8,20.4,83.2,6.9,3,7.09,62.9,34.0,3.0,3.0,5.0,3.0,4.0,38.0,3.0,4.0,4.0,3.0,5+/day,Pass
Male,North,BCA,10th Pass,English,4G/Good,No,7,6,17.0,79.8,3.5,1,5.64,54.8,61.8,3.0,4.0,4.0,3.0,3.0,38.0,3.0,3.0,4.0,7.0,5+/day,Pass
Female,West,BCA,12th Pass,English,3G/Moderate,Yes,1,6,5.3,87.5,5.8,3,7.41,70.9,65.1,4.0,4.0,4.0,3.0,3.0,88.0,4.0,3.0,3.0,3.0,5+/day,Pass
Female,South,BCA,12th Pass,Regional,5G/Excellent,Yes,3,8,12.7,91.9,7.2,2,7.96,72.4,50.5,3.0,4.0,4.0,2.0,5.0,63.0,2.0,3.0,3.0,3.0,5+/day,Pass
Male,Northeast,M.Tech,Graduate,Regional,5G/Excellent,No,8,5,27.8,71.0,7.6,4,5.77,70.3,63.6,2.0,2.0,5.0,3.0,5.0,38.0,4.0,2.0,3.0,3.0,5+/day,Fail
Female,West,B.Tech,Graduate,Hindi,3G/Moderate,No,7,4,25.5,73.1,6.9,1,6.38,56.9,69.1,4.0,3.0,5.0,1.0,2.0,13.0,4.0,3.0,3.0,5.0,5+/day,Fail
Female,Central,B.Tech,12th Pass,English,5G/Excellent,No,5,8,18.2,65.8,8.9,3,6.28,56.6,57.7,2.0,2.0,5.0,3.0,5.0,38.0,4.0,2.0,3.0,3.0,5+/day,Fail
Female,South,B.E.,Below 10th,English,3G/Moderate,No,3,6,20.4,85.5,6.7,4,6.19,44.0,63.8,4.0,5.0,3.0,4.0,4.0,38.0,3.0,2.0,3.0,3.0,5+/day,Pass
Female,West,MCA,Graduate,Regional,2G/Slow,No,7,5,13.5,99.8,3.9,5,4.68,45.8,29.6,3.0,2.0,5.0,1.0,5.0,88.0,3.0,3.0,3.0,7.0,3-5/day,Fail
Female,South,B.Tech,12th Pass,Regional,4G/Good,No,5,7,27.7,65.2,3.1,0,6.87,48.3,70.7,4.0,2.0,4.0,2.0,3.0,63.0,3.0,3.0,3.0,7.0,3-5/day,Fail
Male,West,MCA,Post-Graduate,English,4G/Good,Yes,1,5,16.2,71.9,5.0,5,6.94,54.7,61.6,4.0,3.0,4.0,2.0,3.0,88.0,1.0,3.0,4.0,5.0,5+/day,Fail
Male,South,B.E.,12th Pass,Regional,4G/Good,No,5,4,9.4,64.6,5.0,3,6.31,50.9,79.7,5.0,2.0,5.0,1.0,1.0,38.0,4.0,4.0,3.0,7.0,3-5/day,Fail
Female,North,B.Tech,Graduate,English,4G/Good,Yes,3,5,6.1,74.7,6.6,1,6.28,59.4,31.3,3.0,4.0,4.0,1.0,3.0,88.0,1.0,3.0,4.0,3.0,1-3/day,Fail
Male,East,MCA,Below 10th,English,2G/Slow,Yes,2,4,5.8,56.3,5.7,2,4.09,53.6,41.0,2.0,2.0,4.0,2.0,3.0,63.0,1.0,2.0,4.0,5.0,5+/day,Fail
Female,East,B.Tech,Graduate,Hindi,3G/Moderate,No,3,7,12.5,95.1,5.1,4,5.56,42.5,38.8,4.0,2.0,2.0,3.0,5.0,0.0,2.0,2.0,3.0,3.0,5+/day,Pass
Female,Northeast,B.E.,10th Pass,Hindi,4G/Good,No,10,7,29.5,90.1,5.6,5,4.95,69.4,40.7,3.0,2.0,3.0,2.0,4.0,63.0,4.0,3.0,3.0,5.0,5+/day,At-Risk
Male,West,B.Tech,10th Pass,Regional,3G/Moderate,Yes,4,5,36.7,84.2,6.0,4,7.35,72.6,62.9,4.0,2.0,5.0,3.0,3.0,63.0,4.0,3.0,3.0,1.0,1-3/day,Pass
Male,West,B.E.,Below 10th,English,No Access,Yes,1,8,25.5,92.8,5.2,3,5.07,40.8,43.3,3.0,2.0,4.0,1.0,4.0,63.0,4.0,4.0,2.0,7.0,5+/day,At-Risk
Female,North,BCA,Below 10th,English,2G/Slow,No,4,8,5.8,92.2,6.6,2,3.05,50.7,26.2,2.0,4.0,4.0,5.0,4.0,13.0,4.0,3.0,3.0,1.0,5+/day,Pass
Male,West,BCA,10th Pass,English,5G/Excellent,No,9,8,10.2,81.2,7.9,2,4.31,42.8,34.1,3.0,2.0,3.0,2.0,4.0,88.0,4.0,1.0,1.0,1.0,1-3/day,At-Risk
Female,East,B.E.,10th Pass,English,5G/Excellent,No,1,7,10.2,65.8,5.5,0,5.94,54.2,78.2,4.0,3.0,4.0,4.0,4.0,38.0,1.0,2.0,2.0,1.0,5+/day,At-Risk
Male,Central,B.E.,Graduate,Hindi,3G/Moderate,No,7,4,16.0,72.9,6.6,3,5.45,44.5,55.6,3.0,4.0,4.0,3.0,5.0,38.0,2.0,2.0,3.0,7.0,5+/day,Fail
Female,Central,B.Tech,10th Pass,English,3G/Moderate,No,8,6,12.1,80.9,9.6,5,4.85,54.9,24.6,4.0,3.0,4.0,3.0,3.0,88.0,3.0,4.0,4.0,5.0,5+/day,At-Risk
Male,North,B.E.,Graduate,English,4G/Good,No,9,5,22.4,72.7,6.9,4,6.11,47.4,44.4,3.0,2.0,5.0,2.0,4.0,63.0,4.0,3.0,3.0,5.0,5+/day,Fail
Female,Northeast,B.Com,Below 10th,English,5G/Excellent,No,7,4,16.0,100.0,8.1,0,5.35,41.4,58.3,4.0,3.0,4.0,4.0,4.0,38.0,1.0,2.0,2.0,1.0,5+/day,Pass
Male,North,M.Tech,12th Pass,Hindi,3G/Moderate,No,9,6,24.1,83.9,5.8,4,5.22,30.1,48.1,5.0,2.0,4.0,3.0,4.0,63.0,4.0,3.0,3.0,5.0,5+/day,Fail
Female,South,B.Tech,12th Pass,Hindi,5G/Excellent,No,10,7,22.2,83.2,8.3,5,6.39,71.6,60.0,5.0,1.0,4.0,4.0,3.0,38.0,1.0,1.0,2.0,7.0,5+/day,Pass
Male,East,B.Tech,Post-Graduate,Hindi,4G/Good,No,3,6,27.2,93.4,5.3,0,7.64,63.2,75.0,4.0,3.0,2.0,3.0,3.0,88.0,4.0,2.0,4.0,5.0,3-5/day,Pass
Female,North,B.Com,Graduate,English,5G/Excellent,No,1,7,12.9,85.3,7.4,5,7.55,88.8,40.7,4.0,5.0,4.0,2.0,4.0,63.0,4.0,2.0,2.0,5.0,5+/day,Pass
Female,West,B.E.,12th Pass,English,2G/Slow,Yes,2,7,24.7,78.8,8.1,3,7.09,71.0,70.5,4.0,2.0,4.0,4.0,1.0,63.0,3.0,3.0,3.0,3.0,1-3/day,Pass
Male,North,B.E.,Graduate,English,5G/Excellent,No,10,4,12.7,100.0,8.8,5,6.07,68.0,71.6,2.0,1.0,5.0,2.0,4.0,38.0,4.0,4.0,4.0,3.0,3-5/day,At-Risk
Male,North,MCA,10th Pass,English,4G/Good,No,1,8,17.6,87.2,6.7,0,6.87,75.3,39.0,4.0,1.0,5.0,5.0,2.0,88.0,2.0,4.0,3.0,1.0,5+/day,Pass
Male,East,B.Tech,12th Pass,English,5G/Excellent,No,2,8,12.2,76.1,6.1,0,7.86,72.0,69.9,2.0,5.0,2.0,5.0,5.0,63.0,2.0,2.0,3.0,3.0,3-5/day,Pass
Female,West,B.E.,Below 10th,English,4G/Good,Yes,9,4,20.5,84.1,4.4,2,5.3,57.8,18.4,4.0,4.0,5.0,2.0,3.0,38.0,2.0,3.0,3.0,3.0,5+/day,At-Risk
Female,Central,B.Com,10th Pass,Hindi,4G/Good,Yes,5,5,27.3,75.6,6.4,5,6.44,73.3,62.1,2.0,4.0,4.0,2.0,3.0,38.0,2.0,3.0,4.0,3.0,5+/day,Pass
Female,West,BCA,10th Pass,Regional,5G/Excellent,No,4,7,26.2,72.2,7.7,2,7.3,72.5,67.9,5.0,5.0,4.0,2.0,4.0,88.0,4.0,3.0,1.0,7.0,5+/day,Fail
Male,West,B.Tech,Graduate,English,4G/Good,No,2,5,20.5,91.5,7.5,5,6.88,54.6,46.7,1.0,3.0,5.0,5.0,4.0,0.0,3.0,3.0,4.0,3.0,3-5/day,Pass
Male,South,B.Tech,12th Pass,Regional,4G/Good,No,3,7,17.0,76.0,6.5,4,5.99,50.1,49.5,4.0,1.0,5.0,2.0,4.0,63.0,3.0,3.0,3.0,3.0,3-5/day,At-Risk
Female,North,B.Tech,Graduate,English,4G/Good,Yes,9,7,17.9,72.8,7.1,2,5.98,59.0,53.0,2.0,4.0,4.0,5.0,4.0,13.0,4.0,3.0,3.0,1.0,5+/day,Pass
Male,North,MCA,12th Pass,Hindi,4G/Good,No,3,8,28.7,84.2,9.0,3,7.76,55.2,66.6,5.0,1.0,5.0,3.0,4.0,63.0,1.0,3.0,3.0,3.0,5+/day,Pass
Other,East,B.Tech,Below 10th,Hindi,5G/Excellent,Yes,8,8,12.1,94.6,7.5,3,5.45,48.1,45.9,2.0,3.0,4.0,3.0,3.0,63.0,3.0,3.0,1.0,1.0,3-5/day,Pass
Male,West,B.Tech,Graduate,Regional,No Access,No,1,7,21.3,56.8,6.1,0,4.87,44.3,64.4,2.0,2.0,2.0,1.0,5.0,88.0,4.0,4.0,4.0,5.0,5+/day,Fail
Female,South,B.Com,Graduate,English,4G/Good,No,5,8,25.9,73.3,6.5,4,6.69,46.6,65.0,2.0,3.0,4.0,3.0,4.0,88.0,2.0,3.0,4.0,5.0,5+/day,Fail
Male,West,B.Tech,Post-Graduate,English,5G/Excellent,No,2,8,17.9,55.2,7.5,3,7.54,71.3,56.4,4.0,4.0,5.0,2.0,3.0,38.0,2.0,3.0,3.0,3.0,5+/day,Fail
Male,East,B.Tech,12th Pass,English,4G/Good,No,4,6,24.5,41.4,7.4,0,6.29,69.6,72.6,4.0,4.0,4.0,3.0,3.0,88.0,4.0,3.0,3.0,3.0,5+/day,Fail
Female,North,B.Tech,Graduate,English,5G/Excellent,Yes,2,6,33.5,82.6,9.9,4,8.96,82.6,80.6,3.0,4.0,4.0,3.0,5.0,38.0,2.0,2.0,3.0,7.0,5+/day,Pass
Female,North,B.Tech,Graduate,Regional,5G/Excellent,No,3,7,17.4,66.2,9.0,3,6.85,39.6,44.3,5.0,4.0,1.0,1.0,4.0,38.0,3.0,3.0,3.0,1.0,5+/day,At-Risk
Other,Northeast,B.E.,10th Pass,Regional,4G/Good,No,5,8,16.2,91.2,5.0,1,4.1,33.7,45.1,3.0,1.0,4.0,5.0,2.0,88.0,3.0,3.0,4.0,3.0,5+/day,At-Risk
Male,West,B.Com,10th Pass,Hindi,4G/Good,Yes,2,6,19.5,67.6,5.5,0,7.25,77.5,71.5,3.0,2.0,5.0,3.0,3.0,38.0,3.0,3.0,3.0,3.0,3-5/day,At-Risk
Male,Central,M.Tech,Below 10th,Hindi,5G/Excellent,No,9,5,21.4,89.0,8.4,3,6.52,67.9,71.7,5.0,2.0,5.0,5.0,5.0,88.0,4.0,3.0,3.0,3.0,5+/day,At-Risk
Female,North,B.E.,10th Pass,Regional,5G/Excellent,No,8,7,27.3,85.5,5.3,1,6.49,71.6,84.0,4.0,3.0,4.0,3.0,5.0,88.0,4.0,4.0,2.0,7.0,5+/day,At-Risk
Female,Central,B.E.,12th Pass,English,5G/Excellent,Yes,5,7,26.8,70.8,6.8,5,6.59,54.0,75.5,4.0,4.0,3.0,1.0,3.0,63.0,3.0,4.0,3.0,3.0,5+/day,At-Risk
Male,North,BCA,Post-Graduate,English,2G/Slow,No,1,5,20.3,76.0,8.9,0,6.55,59.6,55.3,3.0,3.0,5.0,3.0,4.0,38.0,3.0,4.0,4.0,3.0,5+/day,Pass
Male,North,B.Tech,12th Pass,Regional,3G/Moderate,Yes,5,7,4.2,84.1,7.0,3,4.37,64.5,18.9,4.0,3.0,4.0,2.0,3.0,88.0,1.0,2.0,3.0,5.0,5+/day,At-Risk
Male,Central,B.Tech,Graduate,English,4G/Good,No,4,8,7.9,88.4,8.0,0,6.06,46.0,65.7,3.0,4.0,2.0,4.0,4.0,88.0,1.0,4.0,3.0,1.0,5+/day,Pass
Female,South,B.Com,Graduate,English,4G/Good,No,9,6,24.8,98.4,6.8,2,5.39,51.5,49.2,2.0,2.0,2.0,1.0,5.0,88.0,4.0,4.0,4.0,5.0,5+/day,At-Risk
Male,West,B.Tech,10th Pass,English,3G/Moderate,Yes,2,4,13.6,84.6,6.4,5,5.72,57.5,67.3,4.0,3.0,4.0,1.0,4.0,38.0,2.0,3.0,4.0,7.0,3-5/day,Pass
Male,North,B.Tech,Below 10th,Hindi,2G/Slow,No,7,6,25.3,81.5,3.7,1,4.53,42.7,48.0,4.0,4.0,2.0,4.0,4.0,13.0,1.0,1.0,1.0,3.0,5+/day,Pass
Male,East,B.E.,12th Pass,Hindi,3G/Moderate,No,2,5,23.8,82.3,6.9,4,6.0,53.0,40.6,4.0,2.0,5.0,4.0,1.0,88.0,2.0,3.0,4.0,1.0,3-5/day,Pass
Male,Central,B.E.,Graduate,English,4G/Good,No,3,4,16.7,78.9,5.7,4,6.8,94.2,54.1,2.0,2.0,4.0,4.0,5.0,38.0,4.0,3.0,3.0,7.0,5+/day,Pass
Male,South,B.Tech,Post-Graduate,Hindi,5G/Excellent,Yes,3,8,12.2,76.4,8.5,0,8.37,76.4,74.4,3.0,4.0,4.0,3.0,3.0,38.0,3.0,3.0,4.0,7.0,5+/day,Pass
Male,West,B.Tech,10th Pass,Regional,5G/Excellent,No,10,8,16.8,70.8,3.0,0,4.63,54.6,48.1,4.0,1.0,4.0,4.0,4.0,38.0,3.0,4.0,4.0,1.0,5+/day,Fail
Male,North,B.E.,Graduate,Regional,4G/Good,No,8,6,19.4,86.6,5.7,2,6.49,78.8,51.5,5.0,4.0,3.0,5.0,5.0,88.0,4.0,4.0,4.0,5.0,5+/day,At-Risk
Female,West,BCA,10th Pass,Hindi,4G/Good,Yes,2,7,8.3,71.9,8.6,1,6.08,47.1,58.6,4.0,3.0,5.0,1.0,2.0,38.0,3.0,3.0,3.0,7.0,5+/day,Fail
Male,South,B.Tech,Graduate,Regional,4G/Good,Yes,1,7,24.5,84.1,9.4,0,8.38,66.8,69.3,4.0,3.0,4.0,3.0,4.0,38.0,1.0,4.0,4.0,5.0,3-5/day,Pass
Female,North,B.E.,12th Pass,Regional,4G/Good,No,6,5,22.9,81.6,8.2,4,5.99,38.7,49.2,4.0,2.0,1.0,3.0,5.0,38.0,4.0,3.0,4.0,7.0,5+/day,At-Risk
Female,South,BCA,Below 10th,English,4G/Good,No,6,7,19.3,89.7,7.5,1,6.33,53.4,69.3,5.0,3.0,5.0,1.0,4.0,88.0,3.0,4.0,4.0,5.0,5+/day,Fail
Female,North,M.Tech,Below 10th,English,4G/Good,No,1,8,19.3,84.8,3.9,1,7.58,67.6,76.6,1.0,1.0,3.0,4.0,4.0,38.0,1.0,3.0,4.0,7.0,5+/day,Pass
Female,Central,B.Tech,Below 10th,Hindi,No Access,No,5,4,28.0,72.7,4.9,2,5.37,53.6,57.2,3.0,1.0,4.0,5.0,2.0,88.0,3.0,3.0,4.0,3.0,5+/day,Fail
Male,South,B.Tech,10th Pass,English,4G/Good,Yes,9,6,12.9,68.7,7.9,5,4.41,49.1,42.0,4.0,2.0,5.0,3.0,1.0,38.0,1.0,3.0,3.0,3.0,3-5/day,At-Risk
Male,North,B.E.,Graduate,English,3G/Moderate,No,10,6,15.5,94.5,4.6,0,4.5,45.3,54.5,3.0,2.0,4.0,1.0,4.0,63.0,2.0,3.0,3.0,1.0,5+/day,At-Risk
Female,South,BCA,10th Pass,Hindi,No Access,No,10,6,18.4,76.9,6.1,1,4.05,49.2,35.1,5.0,3.0,3.0,2.0,3.0,13.0,3.0,4.0,4.0,1.0,5+/day,At-Risk
Other,South,B.Tech,12th Pass,English,4G/Good,No,5,7,13.9,98.8,6.0,2,6.28,63.7,72.4,4.0,4.0,4.0,4.0,4.0,88.0,4.0,4.0,4.0,5.0,5+/day,Pass
Female,West,B.E.,10th Pass,English,3G/Moderate,Yes,7,4,17.1,50.5,7.1,4,6.4,49.6,62.6,1.0,2.0,5.0,1.0,5.0,13.0,3.0,3.0,3.0,3.0,5+/day,Fail
Female,Central,B.Tech,Graduate,Hindi,4G/Good,No,6,7,7.0,84.2,7.5,2,5.26,60.2,56.2,4.0,2.0,5.0,4.0,1.0,88.0,2.0,3.0,4.0,1.0,3-5/day,Pass
Female,South,B.Tech,Graduate,Hindi,3G/Moderate,No,10,7,15.3,92.3,3.0,2,4.47,61.1,63.1,1.0,2.0,5.0,1.0,5.0,13.0,3.0,3.0,3.0,3.0,5+/day,At-Risk
Male,Northeast,B.E.,Graduate,Regional,4G/Good,No,4,8,17.2,83.0,6.9,5,5.35,68.4,50.8,2.0,2.0,2.0,1.0,4.0,88.0,4.0,3.0,4.0,5.0,3-5/day,At-Risk
Male,East,B.Tech,12th Pass,Hindi,5G/Excellent,No,2,8,12.8,84.5,5.5,2,5.84,57.9,60.4,2.0,2.0,1.0,4.0,5.0,88.0,4.0,3.0,2.0,7.0,3-5/day,At-Risk
Female,North,MCA,10th Pass,Hindi,4G/Good,Yes,10,7,27.1,88.9,7.3,0,6.26,70.5,50.4,4.0,2.0,2.0,1.0,4.0,63.0,3.0,3.0,3.0,5.0,5+/day,At-Risk
Female,West,BCA,Graduate,English,4G/Good,No,5,5,21.1,91.9,3.8,2,6.77,80.7,46.2,2.0,2.0,3.0,3.0,4.0,38.0,3.0,3.0,3.0,3.0,5+/day,Pass
Male,East,B.E.,10th Pass,English,5G/Excellent,No,10,5,17.2,89.2,8.0,4,6.33,68.4,67.9,4.0,1.0,1.0,4.0,5.0,88.0,1.0,3.0,3.0,1.0,5+/day,Pass
Female,West,B.E.,10th Pass,English,4G/Good,No,9,5,13.8,96.7,5.4,1,4.27,40.5,39.1,5.0,5.0,3.0,1.0,3.0,13.0,2.0,3.0,4.0,5.0,3-5/day,At-Risk
Male,Central,B.E.,10th Pass,Regional,3G/Moderate,Yes,3,7,7.2,76.3,5.9,3,4.75,55.8,39.7,4.0,1.0,3.0,2.0,4.0,38.0,4.0,3.0,3.0,3.0,5+/day,At-Risk
Female,South,B.Tech,Graduate,Hindi,3G/Moderate,Yes,3,4,13.2,100.0,8.9,5,8.02,74.7,62.5,2.0,2.0,4.0,2.0,3.0,63.0,1.0,2.0,4.0,5.0,5+/day,Pass
Male,Central,M.Tech,Graduate,Regional,4G/Good,Yes,7,5,18.5,69.6,6.3,0,6.7,77.1,75.3,3.0,4.0,4.0,1.0,3.0,88.0,1.0,3.0,4.0,3.0,1-3/day,Fail
Male,West,B.Com,Graduate,Hindi,4G/Good,No,10,8,17.5,93.5,8.0,3,6.78,67.8,52.2,4.0,2.0,5.0,3.0,5.0,88.0,4.0,1.0,3.0,7.0,5+/day,At-Risk
Female,East,B.Tech,12th Pass,English,No Access,Yes,2,6,12.8,86.7,6.5,5,6.6,62.5,82.7,4.0,3.0,4.0,3.0,4.0,38.0,1.0,4.0,4.0,5.0,3-5/day,Pass
Male,East,B.Tech,Below 10th,Hindi,5G/Excellent,No,8,6,29.7,100.0,9.0,5,5.62,66.4,33.8,4.0,2.0,5.0,2.0,3.0,63.0,3.0,2.0,3.0,3.0,3-5/day,At-Risk
Female,South,B.Tech,Post-Graduate,English,2G/Slow,No,7,7,25.7,85.6,7.0,2,7.74,76.3,75.7,4.0,1.0,5.0,4.0,5.0,38.0,3.0,1.0,2.0,7.0,5+/day,Pass
Female,Central,BCA,12th Pass,English,5G/Excellent,Yes,8,6,14.9,90.2,7.3,0,5.37,72.6,44.5,4.0,2.0,3.0,2.0,5.0,88.0,2.0,3.0,3.0,7.0,3-5/day,At-Risk
Female,West,BCA,12th Pass,Hindi,5G/Excellent,Yes,10,7,22.1,62.2,6.8,4,6.02,59.4,48.6,1.0,2.0,2.0,3.0,4.0,13.0,3.0,2.0,2.0,5.0,5+/day,At-Risk
Male,North,MCA,12th Pass,Regional,5G/Excellent,No,6,6,27.1,92.3,6.1,3,7.44,88.6,68.0,4.0,3.0,4.0,1.0,4.0,63.0,3.0,3.0,4.0,5.0,3-5/day,Pass
Male,South,MCA,10th Pass,Regional,5G/Excellent,Yes,5,4,20.4,85.4,7.8,1,5.13,57.6,41.3,3.0,2.0,5.0,2.0,4.0,63.0,4.0,3.0,3.0,5.0,5+/day,At-Risk
Male,West,B.E.,Below 10th,Regional,2G/Slow,No,4,4,16.8,90.8,5.4,5,4.86,55.6,39.1,5.0,2.0,5.0,2.0,4.0,88.0,1.0,3.0,4.0,5.0,5+/day,Fail
Other,North,BCA,12th Pass,English,4G/Good,Yes,8,4,5.3,70.6,7.6,4,4.37,38.5,59.2,3.0,2.0,1.0,3.0,4.0,0.0,2.0,3.0,2.0,3.0,5+/day,At-Risk
Female,North,BCA,10th Pass,English,3G/Moderate,No,2,4,17.5,76.0,7.9,4,6.9,51.1,43.7,5.0,4.0,1.0,3.0,5.0,63.0,1.0,3.0,3.0,1.0,3-5/day,Pass
Female,South,B.E.,10th Pass,English,5G/Excellent,Yes,6,5,12.7,84.2,7.3,3,5.39,73.4,23.6,4.0,2.0,2.0,4.0,3.0,13.0,3.0,2.0,3.0,3.0,5+/day,Pass
Female,South,B.E.,Graduate,English,3G/Moderate,No,10,8,13.8,81.1,5.1,1,4.39,43.7,48.4,3.0,5.0,3.0,2.0,3.0,88.0,2.0,3.0,2.0,3.0,1-3/day,Pass
Female,South,BCA,12th Pass,English,3G/Moderate,No,6,4,15.8,85.3,7.2,0,6.0,69.1,47.6,5.0,3.0,5.0,2.0,4.0,88.0,3.0,3.0,3.0,5.0,5+/day,Fail
Female,South,BCA,12th Pass,Hindi,5G/Excellent,No,5,5,16.5,84.0,8.1,4,6.56,45.0,52.2,4.0,3.0,3.0,1.0,5.0,63.0,2.0,2.0,1.0,3.0,3-5/day,At-Risk
Male,North,BCA,Graduate,Hindi,No Access,Yes,2,7,15.4,76.0,4.6,0,5.94,54.6,42.3,3.0,4.0,3.0,4.0,4.0,38.0,3.0,2.0,2.0,3.0,5+/day,Pass
Female,West,BCA,Post-Graduate,Regional,3G/Moderate,No,5,6,8.7,79.1,4.2,4,5.64,67.8,32.4,5.0,1.0,5.0,4.0,2.0,38.0,4.0,3.0,3.0,3.0,5+/day,At-Risk
Male,East,BCA,Below 10th,Regional,4G/Good,Yes,3,6,5.8,73.0,7.8,2,5.92,67.8,64.6,3.0,5.0,4.0,3.0,5.0,88.0,4.0,3.0,3.0,5.0,3-5/day,Fail
Female,North,BCA,Graduate,English,4G/Good,No,7,5,23.8,100.0,5.5,5,6.83,68.0,43.9,3.0,3.0,3.0,3.0,3.0,88.0,2.0,2.0,2.0,7.0,5+/day,Pass
Female,South,B.E.,12th Pass,Regional,4G/Good,No,7,6,29.9,86.1,7.6,4,6.1,51.4,62.6,3.0,4.0,4.0,2.0,4.0,63.0,1.0,4.0,3.0,1.0,5+/day,Pass
Female,East,BCA,Below 10th,Hindi,4G/Good,Yes,8,4,18.7,100.0,9.1,0,4.91,53.0,58.4,5.0,2.0,3.0,2.0,4.0,88.0,4.0,3.0,2.0,7.0,5+/day,Fail
Male,North,B.E.,10th Pass,Hindi,5G/Excellent,Yes,10,6,10.3,69.5,4.3,1,4.01,39.1,39.3,4.0,2.0,1.0,3.0,5.0,38.0,4.0,3.0,4.0,7.0,5+/day,Fail
Male,North,B.Tech,12th Pass,Regional,2G/Slow,Yes,9,4,24.9,80.9,4.2,3,6.21,59.4,53.4,4.0,5.0,4.0,2.0,4.0,63.0,4.0,2.0,2.0,5.0,5+/day,At-Risk
Male,North,B.Tech,Graduate,English,4G/Good,Yes,1,4,32.5,76.6,7.7,1,8.93,73.1,72.4,4.0,3.0,4.0,3.0,5.0,88.0,4.0,4.0,2.0,7.0,5+/day,Pass
Male,Northeast,BCA,10th Pass,Regional,4G/Good,No,4,6,26.5,86.8,8.5,4,5.79,19.6,65.8,1.0,5.0,4.0,3.0,4.0,38.0,3.0,3.0,4.0,7.0,5+/day,Pass
Male,West,BCA,12th Pass,Hindi,4G/Good,Yes,6,5,27.4,84.4,9.1,0,6.72,47.0,65.6,4.0,2.0,2.0,1.0,4.0,88.0,3.0,3.0,2.0,5.0,5+/day,At-Risk
Female,West,B.Com,Graduate,Regional,4G/Good,No,7,7,9.8,68.4,7.7,2,4.29,53.4,58.3,4.0,1.0,5.0,5.0,2.0,88.0,2.0,4.0,3.0,1.0,5+/day,Fail
Female,West,B.E.,12th Pass,Regional,No Access,Yes,5,5,14.1,87.7,6.3,1,5.9,56.5,43.8,1.0,2.0,2.0,3.0,4.0,13.0,3.0,2.0,2.0,5.0,5+/day,Pass
Male,West,B.E.,Graduate,Hindi,2G/Slow,No,6,8,26.4,85.2,6.6,2,5.64,67.8,62.6,3.0,2.0,3.0,2.0,4.0,63.0,4.0,3.0,3.0,5.0,5+/day,At-Risk
Male,East,B.Tech,Graduate,English,2G/Slow,Yes,1,8,9.5,85.5,7.0,3,6.53,47.9,53.1,3.0,1.0,4.0,1.0,4.0,63.0,3.0,3.0,4.0,5.0,5+/day,At-Risk
Male,West,B.Tech,12th Pass,English,3G/Moderate,Yes,5,4,14.1,95.8,9.0,2,7.48,83.1,83.3,3.0,4.0,2.0,3.0,4.0,38.0,2.0,1.0,3.0,3.0,5+/day,Pass
Female,North,MCA,Post-Graduate,English,2G/Slow,No,2,4,19.3,93.4,6.9,3,5.99,63.8,75.0,3.0,5.0,3.0,2.0,3.0,88.0,2.0,3.0,2.0,3.0,1-3/day,Pass
Male,West,B.Tech,Below 10th,English,4G/Good,No,2,5,21.8,100.0,5.5,2,6.76,43.4,39.1,2.0,1.0,2.0,2.0,5.0,63.0,4.0,4.0,3.0,1.0,3-5/day,At-Risk
Female,West,BCA,Below 10th,Regional,3G/Moderate,No,1,5,16.1,86.1,6.8,4,5.35,56.2,38.7,4.0,1.0,5.0,1.0,4.0,63.0,4.0,3.0,4.0,3.0,3-5/day,Fail
Male,East,BCA,10th Pass,English,4G/Good,No,10,4,18.1,93.0,4.2,2,5.06,57.2,37.4,4.0,2.0,4.0,1.0,2.0,88.0,4.0,3.0,3.0,7.0,1-3/day,Fail
Other,South,B.E.,12th Pass,Regional,5G/Excellent,No,9,7,19.2,79.7,5.7,5,4.43,45.3,44.1,3.0,3.0,5.0,3.0,4.0,38.0,3.0,4.0,4.0,3.0,5+/day,At-Risk
Female,South,M.Tech,12th Pass,Hindi,4G/Good,No,4,7,16.4,84.3,6.0,1,6.61,84.3,49.4,5.0,1.0,5.0,3.0,4.0,63.0,1.0,3.0,3.0,3.0,5+/day,At-Risk
Male,West,B.E.,12th Pass,English,4G/Good,Yes,4,8,14.5,89.0,5.9,1,6.98,61.9,41.4,4.0,2.0,4.0,4.0,1.0,63.0,3.0,3.0,3.0,3.0,1-3/day,Pass
Female,West,B.Tech,Below 10th,Hindi,5G/Excellent,Yes,9,7,17.1,76.1,4.1,1,6.02,37.8,65.7,3.0,4.0,2.0,4.0,4.0,88.0,1.0,4.0,3.0,1.0,5+/day,Pass
Male,Northeast,M.Tech,10th Pass,Hindi,4G/Good,No,5,6,14.2,82.7,4.7,3,5.21,57.6,52.4,1.0,4.0,2.0,3.0,4.0,63.0,2.0,3.0,4.0,7.0,5+/day,Pass
Female,South,M.Tech,Graduate,Hindi,5G/Excellent,No,4,4,24.3,66.6,6.5,3,5.83,49.8,38.7,4.0,2.0,4.0,1.0,4.0,88.0,2.0,4.0,3.0,5.0,5+/day,Fail
Male,West,B.Tech,Graduate,Hindi,2G/Slow,No,7,5,20.1,96.8,7.8,4,5.74,56.2,42.6,2.0,2.0,3.0,2.0,3.0,63.0,3.0,3.0,2.0,7.0,5+/day,Pass
Female,East,B.Tech,Graduate,English,5G/Excellent,Yes,5,4,17.5,97.2,5.9,3,6.29,56.1,35.7,3.0,2.0,3.0,2.0,4.0,63.0,4.0,3.0,3.0,5.0,5+/day,Pass
Female,Central,B.Tech,Graduate,Hindi,4G/Good,No,8,6,16.3,67.4,6.6,4,6.72,71.3,35.0,3.0,2.0,5.0,1.0,5.0,88.0,3.0,3.0,3.0,7.0,3-5/day,Fail
Female,East,B.Tech,12th Pass,Hindi,No Access,No,3,7,25.3,95.9,7.8,2,5.84,40.9,26.0,5.0,5.0,5.0,5.0,5.0,63.0,2.0,2.0,3.0,3.0,3-5/day,Pass
Female,East,B.Com,10th Pass,Regional,5G/Excellent,No,8,4,15.4,93.6,10.5,0,5.89,68.1,34.3,5.0,2.0,5.0,3.0,4.0,88.0,1.0,3.0,2.0,3.0,3-5/day,Fail
Male,East,BCA,12th Pass,Regional,5G/Excellent,Yes,6,6,23.1,85.8,6.0,1,6.71,66.6,42.3,4.0,1.0,5.0,5.0,2.0,88.0,2.0,4.0,3.0,1.0,5+/day,Pass
Male,West,B.E.,Graduate,English,4G/Good,No,9,7,26.3,85.9,5.2,1,6.02,65.9,53.5,1.0,5.0,4.0,3.0,4.0,38.0,3.0,3.0,4.0,7.0,5+/day,Pass
Male,Central,M.Tech,12th Pass,English,5G/Excellent,No,6,8,21.4,88.9,7.7,4,7.5,38.5,55.1,4.0,2.0,4.0,1.0,4.0,0.0,3.0,3.0,3.0,5.0,5+/day,Pass
Male,North,B.E.,Below 10th,Hindi,2G/Slow,No,4,8,6.7,66.2,7.8,3,4.18,63.1,44.7,5.0,1.0,4.0,2.0,1.0,63.0,1.0,2.0,3.0,5.0,1-3/day,Fail
Female,North,B.Tech,Post-Graduate,Regional,4G/Good,No,2,8,15.0,100.0,4.5,5,6.08,43.7,60.4,2.0,1.0,5.0,2.0,4.0,38.0,4.0,4.0,4.0,3.0,3-5/day,At-Risk
Male,Central,B.Com,Graduate,English,3G/Moderate,No,3,6,12.0,56.0,4.8,2,5.57,66.4,71.8,5.0,1.0,5.0,3.0,4.0,63.0,1.0,3.0,3.0,3.0,5+/day,Fail
Other,East,MCA,10th Pass,English,3G/Moderate,Yes,7,6,9.6,64.5,4.4,4,5.15,34.3,41.8,4.0,1.0,4.0,4.0,4.0,38.0,3.0,4.0,4.0,1.0,5+/day,Fail
Female,East,MCA,12th Pass,English,4G/Good,No,10,5,25.6,94.7,5.4,1,5.38,46.1,56.7,5.0,3.0,4.0,2.0,2.0,63.0,3.0,3.0,1.0,3.0,5+/day,Pass
Female,East,B.E.,Post-Graduate,English,4G/Good,No,5,5,20.6,93.0,7.8,5,6.85,67.4,71.7,5.0,1.0,5.0,4.0,2.0,38.0,4.0,3.0,3.0,3.0,5+/day,Pass
Male,North,MCA,Below 10th,English,No Access,Yes,7,8,0.0,100.0,7.0,4,4.28,40.3,29.2,4.0,5.0,4.0,2.0,5.0,38.0,2.0,2.0,4.0,5.0,5+/day,At-Risk
Female,West,B.Tech,12th Pass,English,4G/Good,Yes,7,4,17.9,83.3,6.8,0,6.42,58.7,34.5,4.0,5.0,4.0,2.0,3.0,38.0,1.0,4.0,2.0,3.0,1-3/day,Pass
Female,West,BCA,12th Pass,Hindi,3G/Moderate,No,6,7,13.4,70.9,5.0,0,5.1,31.6,38.0,2.0,2.0,1.0,4.0,5.0,88.0,4.0,3.0,2.0,7.0,3-5/day,Fail
Male,South,B.Com,12th Pass,English,4G/Good,No,2,5,24.5,82.8,4.9,0,7.33,79.6,61.4,4.0,3.0,4.0,1.0,2.0,13.0,1.0,4.0,4.0,7.0,5+/day,Pass
Female,South,B.Tech,Graduate,English,3G/Moderate,No,5,7,13.4,92.2,6.6,2,5.7,55.5,35.4,4.0,1.0,4.0,2.0,4.0,38.0,3.0,4.0,3.0,1.0,5+/day,At-Risk
Female,Northeast,MCA,10th Pass,English,5G/Excellent,Yes,10,4,20.2,73.7,6.4,0,4.9,68.0,51.6,4.0,4.0,5.0,1.0,4.0,38.0,2.0,3.0,4.0,1.0,5+/day,Fail
Male,North,B.E.,Below 10th,Regional,3G/Moderate,No,6,8,20.1,69.2,7.2,2,3.56,56.2,57.7,3.0,2.0,5.0,2.0,4.0,63.0,4.0,3.0,3.0,5.0,5+/day,Fail
Male,Central,B.Tech,Below 10th,Hindi,4G/Good,No,8,7,12.3,82.4,8.6,5,5.69,44.9,64.8,2.0,2.0,3.0,3.0,4.0,38.0,3.0,3.0,3.0,3.0,5+/day,Pass
Male,South,MCA,Below 10th,Regional,3G/Moderate,No,1,8,10.9,73.3,4.8,4,4.96,50.9,27.4,1.0,4.0,3.0,2.0,4.0,13.0,2.0,3.0,2.0,7.0,1-3/day,At-Risk
Male,East,B.Tech,12th Pass,Hindi,4G/Good,No,10,7,32.2,79.9,6.3,2,5.85,61.9,64.0,4.0,2.0,4.0,1.0,4.0,63.0,3.0,1.0,4.0,3.0,5+/day,At-Risk
Male,Central,BCA,Graduate,English,2G/Slow,No,7,4,20.7,74.6,6.7,1,4.74,50.2,41.5,4.0,2.0,5.0,3.0,5.0,88.0,4.0,1.0,3.0,7.0,5+/day,Fail
Male,West,B.Tech,10th Pass,English,4G/Good,Yes,5,5,18.4,89.0,6.8,3,5.2,45.3,58.7,2.0,2.0,3.0,4.0,4.0,88.0,4.0,3.0,4.0,1.0,5+/day,Pass
Male,South,B.Com,12th Pass,Hindi,3G/Moderate,No,7,6,26.5,76.6,6.6,0,5.04,50.4,43.8,4.0,2.0,2.0,2.0,4.0,38.0,2.0,3.0,2.0,7.0,5+/day,At-Risk
Male,West,B.Tech,Graduate,Hindi,5G/Excellent,No,3,8,30.3,75.8,6.4,3,8.74,64.6,67.4,4.0,4.0,4.0,2.0,5.0,63.0,3.0,4.0,1.0,5.0,3-5/day,Pass
Female,South,B.Tech,10th Pass,Hindi,2G/Slow,Yes,4,5,28.5,90.5,6.8,4,5.87,63.3,59.0,2.0,2.0,1.0,4.0,5.0,88.0,4.0,3.0,2.0,7.0,3-5/day,Pass
Female,South,B.Tech,12th Pass,Regional,5G/Excellent,No,2,7,8.4,68.7,7.3,2,5.33,58.5,74.1,1.0,2.0,5.0,3.0,3.0,38.0,3.0,4.0,3.0,1.0,3-5/day,At-Risk
Female,Central,B.Com,Graduate,Hindi,3G/Moderate,Yes,6,5,18.2,71.1,5.4,2,7.1,48.6,65.6,5.0,2.0,5.0,2.0,4.0,88.0,1.0,3.0,4.0,5.0,5+/day,Fail
Male,West,BCA,12th Pass,English,2G/Slow,No,5,6,16.1,86.1,7.2,3,4.49,75.7,34.1,4.0,2.0,2.0,2.0,4.0,38.0,2.0,3.0,2.0,7.0,5+/day,At-Risk
Male,West,BCA,10th Pass,Regional,3G/Moderate,No,1,8,31.3,71.5,7.3,4,6.78,65.7,58.6,4.0,2.0,5.0,2.0,3.0,63.0,3.0,2.0,3.0,3.0,3-5/day,Fail
Male,South,B.E.,12th Pass,Hindi,2G/Slow,No,1,8,23.0,97.6,6.9,3,6.06,50.0,72.2,5.0,2.0,4.0,2.0,4.0,38.0,3.0,3.0,2.0,1.0,5+/day,Pass
Male,North,B.E.,Post-Graduate,English,4G/Good,No,8,5,8.9,69.4,8.9,1,5.15,43.3,57.2,2.0,2.0,3.0,3.0,4.0,38.0,3.0,3.0,3.0,3.0,5+/day,Fail
Male,North,B.Tech,12th Pass,Hindi,5G/Excellent,No,8,4,5.1,80.6,6.8,0,4.92,66.7,26.5,3.0,4.0,4.0,2.0,4.0,13.0,2.0,3.0,4.0,7.0,5+/day,At-Risk
Female,East,BCA,10th Pass,Hindi,No Access,No,6,7,29.4,71.6,7.0,0,3.95,22.9,47.1,5.0,1.0,5.0,1.0,5.0,38.0,1.0,3.0,2.0,3.0,5+/day,Fail
Male,West,B.Tech,12th Pass,English,4G/Good,No,9,5,17.9,99.6,5.0,2,5.4,55.9,64.7,4.0,2.0,3.0,1.0,5.0,38.0,2.0,4.0,3.0,1.0,3-5/day,At-Risk
Female,East,B.Com,Below 10th,English,4G/Good,No,1,4,17.7,69.3,8.1,5,6.43,77.2,86.7,5.0,2.0,3.0,1.0,4.0,13.0,3.0,2.0,4.0,5.0,5+/day,Fail
Female,Northeast,MCA,12th Pass,English,3G/Moderate,No,10,8,15.6,100.0,9.4,4,3.46,18.9,21.9,3.0,2.0,5.0,1.0,4.0,63.0,1.0,3.0,2.0,3.0,1-3/day,Fail
Male,North,B.E.,10th Pass,English,3G/Moderate,No,8,7,12.2,83.0,6.7,4,6.22,49.1,45.3,5.0,1.0,5.0,1.0,5.0,38.0,1.0,3.0,2.0,3.0,5+/day,Fail
Male,South,B.Tech,Below 10th,English,5G/Excellent,Yes,2,8,18.3,79.8,3.4,2,7.71,68.8,79.4,4.0,3.0,3.0,1.0,5.0,63.0,2.0,2.0,1.0,3.0,3-5/day,Pass
Female,North,MCA,12th Pass,English,No Access,No,8,6,23.6,57.0,8.1,4,3.45,42.4,36.4,3.0,4.0,4.0,3.0,3.0,38.0,3.0,3.0,4.0,7.0,5+/day,Fail
Male,South,B.Tech,Below 10th,English,4G/Good,Yes,3,4,17.8,100.0,8.6,4,6.49,69.6,54.0,4.0,3.0,4.0,4.0,5.0,88.0,4.0,4.0,4.0,3.0,5+/day,Pass
Male,North,B.Tech,12th Pass,English,3G/Moderate,No,6,6,25.3,88.1,6.8,0,7.58,61.0,57.7,4.0,1.0,3.0,3.0,5.0,38.0,2.0,2.0,3.0,1.0,3-5/day,Pass
Other,Central,B.Tech,Below 10th,Regional,4G/Good,Yes,7,6,22.8,67.4,5.7,1,5.71,54.7,58.8,3.0,2.0,1.0,3.0,4.0,0.0,2.0,3.0,2.0,3.0,5+/day,At-Risk
Male,North,BCA,Below 10th,English,4G/Good,No,3,6,24.3,75.7,8.4,1,6.47,87.3,71.9,1.0,2.0,3.0,3.0,1.0,63.0,4.0,3.0,4.0,3.0,5+/day,Pass
Female,Central,MCA,Graduate,English,3G/Moderate,Yes,2,4,19.3,62.1,8.3,2,7.54,73.7,58.3,4.0,2.0,4.0,1.0,2.0,88.0,4.0,3.0,3.0,7.0,1-3/day,Fail
Other,South,B.Tech,Post-Graduate,English,2G/Slow,Yes,1,7,16.9,72.7,6.9,1,7.59,48.0,46.0,1.0,2.0,3.0,3.0,1.0,63.0,4.0,3.0,4.0,3.0,5+/day,At-Risk
Male,Central,B.Tech,10th Pass,Regional,2G/Slow,No,5,8,9.9,80.6,8.2,1,4.49,38.9,55.0,2.0,2.0,3.0,4.0,4.0,88.0,4.0,3.0,4.0,1.0,5+/day,At-Risk
Male,East,B.E.,12th Pass,English,3G/Moderate,No,1,7,24.9,100.0,5.4,0,6.6,35.3,45.0,2.0,1.0,4.0,4.0,4.0,38.0,3.0,3.0,2.0,5.0,5+/day,Pass
Male,Central,BCA,10th Pass,English,5G/Excellent,No,1,7,19.8,100.0,8.4,1,6.88,66.5,69.1,4.0,1.0,4.0,4.0,4.0,38.0,3.0,4.0,4.0,1.0,5+/day,Pass
Male,North,B.Tech,12th Pass,English,2G/Slow,Yes,5,7,16.2,88.4,6.9,1,7.47,56.8,65.2,4.0,2.0,4.0,1.0,2.0,13.0,3.0,2.0,3.0,5.0,5+/day,Pass
Male,West,B.Tech,12th Pass,Regional,4G/Good,No,3,8,10.0,63.3,6.0,1,6.45,44.3,55.3,2.0,2.0,3.0,3.0,4.0,38.0,3.0,3.0,3.0,3.0,5+/day,Fail
Female,Central,B.Com,10th Pass,Hindi,3G/Moderate,Yes,10,8,26.9,100.0,6.7,5,6.07,41.3,45.3,4.0,3.0,4.0,2.0,3.0,88.0,1.0,2.0,3.0,5.0,5+/day,At-Risk
Male,North,B.Com,Graduate,English,5G/Excellent,No,3,4,17.9,60.7,7.7,5,5.61,75.5,49.5,5.0,3.0,4.0,5.0,3.0,63.0,4.0,4.0,4.0,5.0,3-5/day,Fail
Male,North,B.Com,Below 10th,English,4G/Good,No,7,5,31.2,92.3,7.0,3,6.48,65.7,57.6,5.0,2.0,5.0,5.0,5.0,88.0,4.0,3.0,3.0,3.0,5+/day,At-Risk
Other,South,MCA,Below 10th,English,3G/Moderate,Yes,3,8,3.5,82.8,9.3,1,3.34,24.8,35.8,2.0,4.0,1.0,5.0,5.0,63.0,3.0,4.0,4.0,5.0,5+/day,Pass
Female,Central,B.Tech,Graduate,English,5G/Excellent,No,2,8,20.2,96.8,8.3,3,7.84,64.6,86.6,5.0,4.0,5.0,2.0,4.0,38.0,3.0,3.0,3.0,5.0,5+/day,Pass
Female,East,B.Tech,Graduate,Regional,3G/Moderate,No,3,5,8.5,72.9,4.7,0,4.95,55.0,50.5,4.0,2.0,5.0,5.0,5.0,63.0,2.0,3.0,4.0,3.0,3-5/day,Fail
Male,East,B.Tech,12th Pass,Hindi,4G/Good,No,4,8,12.9,94.4,7.9,1,5.39,46.8,34.6,4.0,2.0,4.0,3.0,4.0,38.0,3.0,3.0,4.0,5.0,3-5/day,At-Risk
Female,North,B.Tech,12th Pass,Hindi,4G/Good,Yes,9,7,16.1,99.4,8.0,4,5.35,57.9,36.9,4.0,2.0,4.0,1.0,4.0,63.0,3.0,1.0,4.0,3.0,5+/day,At-Risk
Female,North,B.Com,12th Pass,English,4G/Good,No,2,8,22.4,86.9,7.4,3,6.87,62.3,64.1,5.0,2.0,5.0,1.0,1.0,38.0,4.0,4.0,3.0,7.0,3-5/day,Pass
Male,Northeast,MCA,12th Pass,Hindi,5G/Excellent,No,6,4,19.9,82.2,5.1,1,4.37,53.0,21.3,3.0,4.0,4.0,2.0,4.0,63.0,1.0,4.0,3.0,1.0,5+/day,At-Risk
Male,North,BCA,10th Pass,English,5G/Excellent,No,5,8,14.2,94.2,8.2,5,6.46,61.8,76.1,5.0,2.0,4.0,3.0,4.0,63.0,4.0,3.0,3.0,5.0,5+/day,At-Risk
Female,West,B.Tech,12th Pass,English,5G/Excellent,No,6,5,13.3,98.1,6.9,4,4.36,40.5,65.2,3.0,2.0,4.0,3.0,4.0,88.0,3.0,3.0,3.0,5.0,5+/day,At-Risk
Male,Central,B.Com,12th Pass,Hindi,5G/Excellent,Yes,5,7,6.0,76.4,5.0,2,6.2,62.1,37.9,5.0,1.0,4.0,1.0,3.0,38.0,3.0,2.0,3.0,7.0,5+/day,Fail
Male,North,MCA,Graduate,English,4G/Good,Yes,6,5,13.7,74.4,7.0,3,6.97,54.5,65.6,5.0,1.0,5.0,3.0,4.0,63.0,1.0,3.0,3.0,3.0,5+/day,Fail
Male,West,B.Tech,Graduate,Hindi,2G/Slow,Yes,4,8,12.8,74.3,8.2,0,6.73,58.3,66.1,3.0,1.0,4.0,1.0,5.0,88.0,4.0,3.0,4.0,1.0,3-5/day,Fail
Male,North,M.Tech,10th Pass,Regional,4G/Good,No,8,8,26.3,55.0,5.2,2,4.57,48.5,68.9,4.0,3.0,4.0,4.0,4.0,88.0,3.0,3.0,4.0,3.0,5+/day,Fail
Female,East,B.Tech,12th Pass,English,4G/Good,No,9,4,15.2,93.2,5.2,4,5.35,49.1,68.6,5.0,3.0,5.0,1.0,4.0,88.0,3.0,4.0,4.0,5.0,5+/day,Fail
Female,North,B.Tech,10th Pass,Regional,3G/Moderate,No,10,7,15.3,81.9,7.6,3,4.4,57.0,31.1,2.0,4.0,5.0,4.0,5.0,13.0,3.0,2.0,3.0,1.0,5+/day,Pass
Female,West,BCA,12th Pass,English,4G/Good,No,7,8,19.5,78.6,7.1,3,4.53,60.4,41.8,4.0,2.0,2.0,4.0,3.0,13.0,3.0,2.0,3.0,3.0,5+/day,Pass
Male,South,BCA,12th Pass,English,5G/Excellent,No,1,4,27.6,76.7,7.7,1,6.47,44.7,44.7,5.0,3.0,4.0,3.0,5.0,88.0,3.0,3.0,4.0,7.0,5+/day,At-Risk
Male,South,B.Tech,Graduate,Hindi,3G/Moderate,Yes,5,4,27.4,87.3,6.6,2,7.89,76.2,59.8,5.0,1.0,4.0,1.0,3.0,38.0,3.0,2.0,3.0,7.0,5+/day,Pass
Male,East,B.Tech,Graduate,Hindi,5G/Excellent,No,7,5,34.7,74.0,10.3,1,6.5,67.9,42.8,4.0,2.0,4.0,1.0,2.0,13.0,3.0,2.0,3.0,5.0,5+/day,Fail
Male,North,B.Com,Graduate,English,4G/Good,No,5,7,8.2,92.8,6.0,0,7.41,90.0,40.5,5.0,3.0,4.0,2.0,5.0,13.0,1.0,4.0,1.0,7.0,5+/day,Pass
Male,West,BCA,Graduate,Regional,2G/Slow,No,5,6,19.1,77.5,7.5,2,5.79,81.8,86.2,4.0,3.0,4.0,4.0,2.0,38.0,2.0,3.0,4.0,5.0,Never,Pass
Female,South,BCA,Post-Graduate,Regional,5G/Excellent,Yes,5,4,17.3,68.2,5.8,3,5.68,56.9,29.5,3.0,4.0,4.0,2.0,4.0,63.0,1.0,4.0,3.0,1.0,5+/day,At-Risk
Male,West,B.Tech,12th Pass,English,5G/Excellent,No,5,6,5.2,89.3,4.4,4,6.24,59.2,66.3,1.0,2.0,2.0,3.0,4.0,13.0,3.0,2.0,2.0,5.0,5+/day,Pass
Female,North,B.Tech,Post-Graduate,Regional,3G/Moderate,No,5,5,9.8,71.6,6.3,0,5.4,52.4,37.2,3.0,2.0,3.0,2.0,4.0,88.0,4.0,1.0,1.0,1.0,1-3/day,Fail
Male,West,B.Tech,10th Pass,Hindi,3G/Moderate,Yes,1,4,24.4,81.2,6.1,1,8.19,66.1,43.3,4.0,1.0,5.0,2.0,5.0,38.0,4.0,4.0,2.0,3.0,1-3/day,At-Risk
Male,North,B.Tech,Below 10th,Regional,4G/Good,No,6,7,21.7,93.2,9.2,1,5.9,62.1,41.8,4.0,3.0,4.0,3.0,5.0,88.0,4.0,4.0,2.0,7.0,5+/day,Fail
Male,South,B.Tech,12th Pass,English,5G/Excellent,No,6,6,21.6,82.6,7.2,5,7.07,48.8,76.8,4.0,2.0,4.0,3.0,4.0,63.0,3.0,4.0,3.0,3.0,5+/day,Pass
Other,North,B.Tech,Post-Graduate,Regional,No Access,Yes,8,7,21.1,83.3,5.3,0,6.08,65.7,67.6,4.0,2.0,5.0,4.0,1.0,88.0,2.0,3.0,4.0,1.0,3-5/day,Pass
Female,West,BCA,12th Pass,English,3G/Moderate,Yes,5,6,6.2,76.7,6.6,2,5.39,54.3,73.9,4.0,4.0,5.0,2.0,3.0,38.0,2.0,3.0,3.0,3.0,5+/day,Pass
Female,South,B.Tech,10th Pass,Regional,4G/Good,No,2,5,10.3,84.0,5.2,0,5.32,66.5,55.0,4.0,2.0,5.0,3.0,1.0,88.0,3.0,3.0,4.0,5.0,1-3/day,At-Risk
Male,Central,MCA,12th Pass,Hindi,4G/Good,Yes,7,4,14.2,74.5,6.1,2,5.8,47.8,30.6,4.0,2.0,5.0,3.0,3.0,63.0,4.0,3.0,3.0,1.0,1-3/day,Fail
Male,Central,B.Tech,12th Pass,English,3G/Moderate,No,1,4,23.8,88.3,8.1,0,7.33,60.9,57.8,4.0,2.0,3.0,5.0,5.0,13.0,3.0,4.0,3.0,7.0,5+/day,Pass
Female,North,B.E.,10th Pass,English,5G/Excellent,No,5,5,18.9,78.0,7.2,5,7.09,84.9,70.0,4.0,2.0,4.0,1.0,2.0,88.0,4.0,3.0,3.0,7.0,1-3/day,At-Risk
Male,East,B.Tech,Graduate,Regional,5G/Excellent,Yes,5,8,24.3,79.7,4.0,5,7.64,38.3,65.6,5.0,4.0,3.0,5.0,5.0,88.0,4.0,4.0,4.0,5.0,5+/day,Pass
Female,North,B.E.,Post-Graduate,Hindi,5G/Excellent,Yes,3,6,31.7,69.9,5.3,0,8.38,94.9,59.6,3.0,1.0,4.0,5.0,2.0,88.0,3.0,3.0,4.0,3.0,5+/day,At-Risk
Male,South,B.Tech,Graduate,English,3G/Moderate,No,2,6,6.9,88.2,5.3,3,4.81,27.9,35.7,2.0,2.0,4.0,1.0,4.0,13.0,3.0,1.0,4.0,7.0,5+/day,At-Risk
Male,West,B.Com,10th Pass,English,5G/Excellent,Yes,4,8,17.2,75.5,5.5,2,7.57,84.4,69.5,4.0,4.0,2.0,4.0,4.0,13.0,1.0,1.0,1.0,3.0,5+/day,Pass
Male,West,MCA,10th Pass,Regional,4G/Good,No,7,5,17.2,68.9,6.9,0,4.97,47.1,57.2,4.0,4.0,3.0,2.0,4.0,38.0,3.0,3.0,3.0,1.0,3-5/day,Fail
Male,West,B.E.,10th Pass,English,3G/Moderate,No,10,7,12.2,75.8,8.1,1,4.3,40.9,48.5,1.0,2.0,5.0,1.0,5.0,13.0,3.0,3.0,3.0,3.0,5+/day,At-Risk
Female,South,B.Tech,10th Pass,English,4G/Good,No,3,7,21.1,91.8,6.0,1,6.58,78.0,74.9,1.0,2.0,3.0,3.0,1.0,63.0,4.0,3.0,4.0,3.0,5+/day,Pass
Male,South,BCA,Below 10th,Regional,No Access,Yes,6,5,38.0,89.0,5.6,5,3.82,49.5,15.8,4.0,3.0,1.0,5.0,5.0,38.0,3.0,4.0,2.0,5.0,1-3/day,Pass
Male,North,MCA,Graduate,English,4G/Good,No,7,7,11.4,55.2,7.8,2,6.44,85.6,54.2,2.0,4.0,5.0,1.0,2.0,63.0,3.0,3.0,3.0,5.0,5+/day,Fail
Male,West,B.Tech,10th Pass,English,4G/Good,No,2,5,22.2,73.7,7.0,0,6.96,100.0,60.7,5.0,4.0,3.0,1.0,4.0,13.0,3.0,3.0,3.0,7.0,5+/day,At-Risk
Male,East,BCA,Graduate,English,4G/Good,Yes,3,6,10.7,99.3,5.7,2,8.42,62.3,78.6,1.0,2.0,4.0,4.0,4.0,88.0,4.0,4.0,4.0,5.0,3-5/day,Pass
Female,West,MCA,Post-Graduate,Regional,3G/Moderate,Yes,9,6,5.4,97.1,5.9,0,7.26,70.6,83.1,5.0,1.0,4.0,4.0,3.0,38.0,1.0,1.0,2.0,7.0,5+/day,Pass
Female,North,MCA,Below 10th,English,4G/Good,No,1,8,13.7,67.0,6.1,3,3.38,38.4,48.4,2.0,3.0,3.0,2.0,1.0,63.0,1.0,4.0,3.0,7.0,3-5/day,At-Risk
Female,South,MCA,Post-Graduate,Hindi,3G/Moderate,Yes,8,5,19.9,92.8,8.2,4,6.07,57.7,59.5,3.0,4.0,4.0,2.0,5.0,63.0,3.0,4.0,4.0,5.0,3-5/day,Pass
Female,South,M.Tech,Graduate,Regional,5G/Excellent,Yes,1,7,20.8,64.7,7.2,1,7.31,57.1,58.4,4.0,2.0,4.0,3.0,3.0,13.0,4.0,4.0,4.0,3.0,3-5/day,At-Risk
Male,North,B.Com,12th Pass,English,4G/Good,No,3,5,30.4,72.0,9.3,5,7.66,42.9,75.6,5.0,4.0,3.0,5.0,5.0,88.0,4.0,4.0,4.0,5.0,5+/day,At-Risk
Female,South,B.E.,10th Pass,Regional,2G/Slow,Yes,6,4,19.9,69.1,7.3,2,4.63,45.3,49.0,3.0,3.0,4.0,2.0,5.0,63.0,3.0,4.0,3.0,1.0,5+/day,Fail
Male,Northeast,BCA,12th Pass,English,3G/Moderate,No,8,8,18.1,90.9,5.2,1,5.94,62.4,49.6,4.0,1.0,5.0,2.0,4.0,88.0,3.0,4.0,4.0,5.0,5+/day,Fail
Male,Central,MCA,10th Pass,Hindi,4G/Good,No,7,4,23.8,82.4,4.0,0,6.31,51.4,71.8,4.0,4.0,5.0,1.0,5.0,38.0,1.0,3.0,4.0,5.0,3-5/day,At-Risk
Female,East,BCA,12th Pass,English,4G/Good,No,3,8,19.7,88.1,5.6,1,5.24,67.9,47.7,4.0,2.0,4.0,1.0,2.0,88.0,4.0,3.0,3.0,7.0,1-3/day,At-Risk
Male,South,B.Com,Below 10th,Hindi,4G/Good,Yes,6,8,17.8,58.5,4.1,0,6.24,74.0,60.4,5.0,5.0,5.0,5.0,5.0,63.0,2.0,2.0,3.0,3.0,3-5/day,Fail
Female,North,B.Tech,12th Pass,English,3G/Moderate,No,1,8,16.7,92.6,5.3,2,5.65,52.0,41.7,3.0,3.0,1.0,1.0,1.0,88.0,4.0,3.0,3.0,5.0,1-3/day,Pass
Male,Northeast,B.E.,10th Pass,English,4G/Good,No,8,4,22.5,100.0,6.5,5,5.93,49.9,61.3,1.0,2.0,2.0,3.0,4.0,13.0,3.0,2.0,2.0,5.0,5+/day,Pass
Female,North,B.Tech,Below 10th,Regional,3G/Moderate,Yes,9,8,21.7,84.9,4.6,5,4.57,67.0,52.0,3.0,2.0,5.0,1.0,4.0,63.0,1.0,3.0,2.0,3.0,1-3/day,At-Risk
Female,Central,B.Tech,12th Pass,English,4G/Good,Yes,9,5,16.2,100.0,7.7,4,7.09,69.7,53.3,5.0,3.0,5.0,2.0,4.0,88.0,3.0,3.0,3.0,5.0,5+/day,At-Risk
Female,East,B.Tech,12th Pass,Regional,5G/Excellent,Yes,4,5,28.1,92.4,5.7,3,8.27,61.9,81.1,2.0,2.0,4.0,2.0,3.0,63.0,1.0,2.0,4.0,5.0,5+/day,Pass
Female,South,BCA,12th Pass,English,4G/Good,Yes,4,4,23.9,100.0,7.7,3,7.61,68.8,72.5,2.0,2.0,5.0,3.0,5.0,38.0,4.0,2.0,3.0,3.0,5+/day,Pass
Female,Central,B.Tech,Below 10th,English,No Access,Yes,7,6,24.7,79.2,5.1,1,6.34,71.4,54.8,3.0,1.0,4.0,2.0,2.0,38.0,3.0,1.0,4.0,7.0,3-5/day,At-Risk
Male,North,BCA,Graduate,Regional,5G/Excellent,Yes,7,6,11.6,85.8,7.6,2,5.79,69.6,50.3,5.0,2.0,5.0,2.0,4.0,88.0,1.0,3.0,4.0,5.0,5+/day,At-Risk
Male,East,BCA,12th Pass,English,3G/Moderate,No,6,4,14.4,73.9,5.7,2,5.7,57.3,55.4,5.0,3.0,3.0,2.0,3.0,13.0,3.0,4.0,4.0,1.0,5+/day,Fail
Male,East,B.Tech,Below 10th,Regional,4G/Good,No,7,8,28.6,64.6,6.1,5,5.79,56.3,75.6,2.0,3.0,3.0,3.0,5.0,13.0,3.0,4.0,4.0,7.0,5+/day,Fail
Female,North,B.Tech,12th Pass,Hindi,4G/Good,No,1,8,25.3,72.2,5.5,3,6.78,70.5,53.3,5.0,1.0,5.0,3.0,4.0,63.0,1.0,3.0,3.0,3.0,5+/day,Fail
Male,South,BCA,12th Pass,English,3G/Moderate,No,9,8,8.1,85.4,6.3,0,5.21,45.3,41.7,5.0,1.0,3.0,5.0,5.0,38.0,4.0,3.0,3.0,1.0,5+/day,At-Risk
Female,West,MCA,Below 10th,Hindi,3G/Moderate,No,6,4,20.3,66.9,7.4,3,5.54,80.3,74.9,4.0,3.0,5.0,1.0,2.0,38.0,3.0,3.0,3.0,7.0,5+/day,Fail
Male,West,M.Tech,12th Pass,English,3G/Moderate,No,8,8,24.7,83.4,4.4,5,5.47,46.9,83.2,4.0,3.0,4.0,5.0,3.0,38.0,2.0,2.0,4.0,7.0,3-5/day,Pass
Male,North,M.Tech,Graduate,English,5G/Excellent,No,5,5,10.8,55.9,9.8,1,6.45,58.9,47.0,2.0,2.0,2.0,1.0,5.0,88.0,4.0,4.0,4.0,5.0,5+/day,Fail
Female,Central,B.Com,Graduate,Hindi,5G/Excellent,Yes,7,8,25.1,78.0,9.8,3,7.35,62.6,64.5,5.0,1.0,4.0,3.0,5.0,63.0,3.0,4.0,3.0,3.0,5+/day,At-Risk
Male,North,BCA,10th Pass,English,4G/Good,Yes,3,4,18.4,85.1,5.7,0,6.88,74.5,43.0,4.0,2.0,3.0,1.0,5.0,38.0,2.0,4.0,3.0,1.0,3-5/day,At-Risk
Male,North,B.Com,Graduate,English,2G/Slow,No,10,8,28.5,73.5,8.0,5,7.31,99.9,55.1,3.0,3.0,3.0,2.0,4.0,88.0,3.0,3.0,3.0,3.0,5+/day,Fail
Male,South,MCA,10th Pass,Regional,5G/Excellent,Yes,1,5,17.1,78.2,4.7,1,5.56,70.7,49.9,5.0,2.0,3.0,2.0,3.0,63.0,4.0,3.0,3.0,7.0,5+/day,At-Risk
Female,North,M.Tech,Post-Graduate,Regional,4G/Good,Yes,7,4,7.9,81.8,4.0,0,6.89,58.3,61.4,4.0,2.0,3.0,3.0,3.0,63.0,3.0,4.0,4.0,1.0,1-3/day,Pass
Female,North,B.Tech,Below 10th,Hindi,4G/Good,Yes,5,6,21.7,77.3,9.4,4,6.2,63.9,37.2,3.0,4.0,5.0,3.0,1.0,38.0,1.0,3.0,3.0,5.0,5+/day,Pass
Male,Central,B.Com,12th Pass,Hindi,4G/Good,No,1,4,10.1,85.4,7.7,1,5.97,64.0,53.7,5.0,2.0,5.0,5.0,5.0,88.0,4.0,3.0,3.0,3.0,5+/day,At-Risk
Male,South,B.E.,12th Pass,Hindi,4G/Good,Yes,9,7,14.0,61.7,6.7,0,5.08,50.2,53.9,3.0,4.0,4.0,2.0,4.0,63.0,1.0,4.0,3.0,1.0,5+/day,Fail
Male,North,MCA,10th Pass,Hindi,4G/Good,No,9,6,5.3,67.8,7.6,3,3.96,33.6,36.9,2.0,2.0,2.0,1.0,4.0,88.0,4.0,3.0,4.0,5.0,3-5/day,Fail
Female,North,B.Tech,Graduate,English,4G/Good,Yes,6,6,12.3,69.7,5.5,4,6.44,79.0,73.0,4.0,4.0,2.0,4.0,4.0,13.0,1.0,1.0,1.0,3.0,5+/day,Pass
Female,West,B.E.,12th Pass,Regional,4G/Good,No,9,4,27.4,79.5,6.7,0,5.16,65.4,53.6,5.0,1.0,4.0,4.0,5.0,88.0,3.0,2.0,4.0,3.0,3-5/day,Fail
Male,Northeast,B.Tech,Below 10th,English,5G/Excellent,No,7,7,19.0,100.0,6.9,5,3.72,62.4,52.2,5.0,2.0,5.0,1.0,1.0,38.0,4.0,4.0,3.0,7.0,3-5/day,At-Risk
Male,South,B.Tech,12th Pass,Hindi,3G/Moderate,Yes,8,6,16.4,88.9,4.3,3,6.16,79.6,45.4,4.0,2.0,5.0,5.0,5.0,63.0,2.0,3.0,4.0,3.0,3-5/day,Pass
Male,North,B.Tech,12th Pass,Regional,4G/Good,No,2,8,11.9,61.4,8.2,4,5.51,81.7,47.0,5.0,4.0,3.0,2.0,4.0,88.0,1.0,3.0,3.0,3.0,5+/day,Fail
Female,North,MCA,10th Pass,Hindi,3G/Moderate,No,2,7,19.5,84.5,5.8,2,4.99,57.4,39.7,5.0,2.0,3.0,2.0,3.0,63.0,4.0,3.0,3.0,7.0,5+/day,At-Risk
Female,North,B.Tech,Post-Graduate,Regional,4G/Good,No,4,7,16.5,75.4,4.7,2,6.01,61.3,59.8,4.0,2.0,4.0,1.0,4.0,63.0,3.0,1.0,4.0,3.0,5+/day,At-Risk
Male,North,B.Tech,Graduate,English,2G/Slow,No,1,4,34.7,76.5,9.0,4,7.63,72.7,66.1,5.0,4.0,3.0,5.0,5.0,88.0,4.0,4.0,4.0,5.0,5+/day,Pass
Male,South,B.Tech,10th Pass,English,3G/Moderate,No,8,4,18.2,73.3,8.4,0,7.24,64.9,47.0,4.0,3.0,4.0,4.0,4.0,63.0,4.0,4.0,4.0,3.0,1-3/day,Fail
Male,North,BCA,12th Pass,Regional,5G/Excellent,No,5,4,21.2,78.6,6.2,0,6.34,79.4,52.7,2.0,5.0,2.0,5.0,5.0,63.0,2.0,2.0,3.0,3.0,3-5/day,Pass
Female,East,B.Tech,10th Pass,English,3G/Moderate,Yes,7,7,13.6,60.5,4.6,1,6.18,47.3,83.5,2.0,4.0,5.0,1.0,2.0,63.0,3.0,3.0,3.0,5.0,5+/day,Fail
Male,South,B.Tech,Graduate,Hindi,4G/Good,No,2,5,17.9,80.5,7.3,0,6.98,74.9,32.3,3.0,2.0,5.0,2.0,4.0,63.0,4.0,3.0,3.0,5.0,5+/day,At-Risk
Female,Central,B.E.,Post-Graduate,English,5G/Excellent,Yes,5,4,21.2,85.8,6.6,0,7.53,57.5,50.3,5.0,3.0,4.0,5.0,3.0,63.0,4.0,4.0,4.0,5.0,3-5/day,Pass
Female,Central,BCA,10th Pass,Regional,4G/Good,Yes,9,5,11.5,72.4,9.8,2,5.23,33.1,66.0,5.0,3.0,5.0,1.0,4.0,88.0,3.0,4.0,4.0,5.0,5+/day,Fail
Male,East,B.Tech,Graduate,Hindi,3G/Moderate,No,9,6,22.2,75.6,8.5,2,4.88,31.7,49.4,5.0,1.0,5.0,3.0,3.0,63.0,4.0,1.0,4.0,1.0,3-5/day,Fail
Male,South,B.Tech,12th Pass,English,3G/Moderate,Yes,2,8,18.9,67.7,5.8,0,6.5,73.9,74.3,4.0,2.0,5.0,4.0,1.0,88.0,2.0,3.0,4.0,1.0,3-5/day,At-Risk
Male,South,B.Tech,10th Pass,Hindi,5G/Excellent,No,2,8,2.1,77.1,8.7,3,5.0,29.8,59.7,4.0,4.0,2.0,4.0,4.0,13.0,1.0,1.0,1.0,3.0,5+/day,Pass
Female,South,B.Com,Post-Graduate,Hindi,4G/Good,No,5,5,23.8,83.1,8.5,2,6.77,53.8,84.8,4.0,4.0,3.0,2.0,4.0,38.0,3.0,3.0,3.0,1.0,3-5/day,Pass
Female,West,B.E.,12th Pass,English,4G/Good,No,3,7,21.4,79.7,3.9,5,5.43,46.0,26.0,3.0,3.0,3.0,3.0,3.0,88.0,2.0,2.0,2.0,7.0,5+/day,At-Risk
Female,South,BCA,12th Pass,Hindi,4G/Good,Yes,1,8,19.7,89.8,7.4,5,6.81,42.5,61.2,4.0,2.0,4.0,1.0,2.0,88.0,4.0,3.0,3.0,7.0,1-3/day,At-Risk
Female,Northeast,B.Tech,Graduate,Hindi,4G/Good,Yes,1,5,13.6,93.5,8.3,5,8.03,55.9,83.6,4.0,3.0,3.0,1.0,5.0,63.0,2.0,2.0,1.0,3.0,3-5/day,Pass
Male,Central,B.E.,10th Pass,English,4G/Good,No,5,4,35.3,74.9,5.9,0,5.35,55.6,72.1,5.0,4.0,2.0,3.0,3.0,88.0,3.0,1.0,3.0,3.0,5+/day,At-Risk
Female,South,B.Tech,10th Pass,Regional,3G/Moderate,No,3,5,13.9,79.2,4.7,2,5.77,57.5,49.8,5.0,2.0,4.0,1.0,4.0,63.0,4.0,1.0,4.0,1.0,3-5/day,Fail
Female,East,B.Tech,Post-Graduate,English,4G/Good,Yes,9,6,0.0,68.8,11.0,0,7.56,73.8,91.5,3.0,4.0,4.0,2.0,4.0,63.0,1.0,4.0,3.0,1.0,5+/day,At-Risk
Male,North,B.E.,Graduate,English,4G/Good,No,3,5,21.6,76.2,8.9,4,8.81,94.9,61.1,4.0,5.0,4.0,2.0,5.0,38.0,2.0,2.0,4.0,5.0,5+/day,Pass
Other,North,B.E.,Graduate,Hindi,3G/Moderate,No,3,4,17.1,82.6,6.9,2,6.29,40.8,55.5,1.0,1.0,3.0,4.0,4.0,38.0,1.0,3.0,4.0,7.0,5+/day,Pass
Female,South,B.Tech,10th Pass,Hindi,3G/Moderate,Yes,3,5,7.9,91.0,3.3,0,5.94,85.2,68.1,4.0,1.0,5.0,4.0,5.0,38.0,3.0,1.0,2.0,7.0,5+/day,At-Risk
Female,North,BCA,12th Pass,Regional,4G/Good,No,1,4,16.2,80.8,5.9,2,7.34,58.3,70.1,2.0,2.0,4.0,1.0,4.0,13.0,3.0,1.0,4.0,7.0,5+/day,Pass
Female,Northeast,B.Com,Post-Graduate,English,4G/Good,Yes,3,4,17.5,85.7,9.5,3,7.05,63.5,63.9,5.0,4.0,1.0,1.0,4.0,38.0,3.0,3.0,3.0,1.0,5+/day,Pass
Female,North,B.E.,10th Pass,English,4G/Good,No,5,6,12.7,65.9,8.6,4,6.81,57.0,62.0,4.0,3.0,4.0,4.0,4.0,88.0,3.0,3.0,4.0,3.0,5+/day,Fail
Female,South,BCA,10th Pass,English,4G/Good,Yes,8,6,18.8,84.9,6.2,0,6.03,52.7,59.3,4.0,2.0,3.0,5.0,5.0,13.0,3.0,4.0,3.0,7.0,5+/day,Pass
Male,East,B.Com,12th Pass,Regional,4G/Good,Yes,7,8,20.5,71.6,5.8,4,7.64,46.6,100.0,4.0,4.0,3.0,4.0,5.0,38.0,3.0,2.0,1.0,3.0,5+/day,At-Risk
Male,West,MCA,10th Pass,English,5G/Excellent,No,4,4,17.7,100.0,8.8,0,5.8,52.4,56.5,4.0,2.0,3.0,1.0,5.0,38.0,3.0,3.0,2.0,3.0,5+/day,At-Risk
Female,South,B.E.,10th Pass,Hindi,4G/Good,Yes,4,4,11.5,100.0,6.2,4,6.86,66.8,65.3,4.0,1.0,5.0,1.0,4.0,63.0,4.0,3.0,4.0,3.0,3-5/day,At-Risk
Male,Northeast,BCA,Graduate,English,3G/Moderate,No,4,4,21.3,100.0,6.4,4,7.36,65.5,72.7,5.0,1.0,4.0,3.0,5.0,63.0,3.0,4.0,3.0,3.0,5+/day,At-Risk
Male,East,B.Tech,Post-Graduate,Regional,4G/Good,Yes,8,8,6.7,70.9,7.2,1,5.74,48.7,44.4,3.0,3.0,4.0,4.0,5.0,13.0,4.0,3.0,3.0,3.0,5+/day,Fail
Male,South,B.E.,12th Pass,Hindi,4G/Good,No,8,7,20.8,89.9,7.5,0,4.73,52.9,39.8,4.0,3.0,5.0,2.0,4.0,38.0,3.0,3.0,3.0,5.0,5+/day,At-Risk
Male,North,B.Tech,Graduate,Regional,5G/Excellent,No,2,6,20.2,52.1,4.9,2,7.02,61.1,66.8,5.0,3.0,5.0,4.0,2.0,13.0,3.0,3.0,3.0,5.0,5+/day,Fail
Female,South,B.Tech,Graduate,English,3G/Moderate,No,7,6,16.5,94.8,7.5,2,6.77,78.5,44.3,4.0,5.0,3.0,4.0,4.0,38.0,3.0,2.0,3.0,3.0,5+/day,Pass
Female,Northeast,B.E.,Graduate,Hindi,4G/Good,Yes,5,4,14.4,81.6,5.1,2,5.51,58.7,43.7,1.0,2.0,2.0,3.0,4.0,13.0,3.0,2.0,2.0,5.0,5+/day,Pass
Male,East,B.Tech,Below 10th,Regional,2G/Slow,Yes,2,8,9.4,60.1,8.5,4,5.36,59.5,55.2,4.0,3.0,4.0,4.0,2.0,38.0,2.0,3.0,4.0,5.0,Never,At-Risk
Male,Northeast,BCA,10th Pass,Hindi,3G/Moderate,No,3,4,14.3,89.2,6.1,3,5.2,73.0,55.9,4.0,1.0,5.0,4.0,5.0,38.0,3.0,1.0,2.0,7.0,5+/day,At-Risk
Male,East,B.E.,Below 10th,English,4G/Good,Yes,7,6,12.3,77.8,7.0,2,4.93,51.3,72.3,2.0,2.0,4.0,4.0,5.0,38.0,4.0,3.0,3.0,7.0,5+/day,Pass
Female,North,B.E.,Below 10th,Regional,2G/Slow,No,6,8,10.9,77.8,3.0,5,2.92,36.2,38.8,4.0,4.0,5.0,2.0,3.0,38.0,2.0,3.0,3.0,3.0,5+/day,At-Risk
Female,North,B.Tech,10th Pass,English,4G/Good,No,6,5,9.6,88.3,7.8,4,4.3,53.7,45.2,3.0,3.0,4.0,2.0,5.0,63.0,3.0,4.0,3.0,1.0,5+/day,At-Risk
Male,South,B.Tech,10th Pass,English,5G/Excellent,No,7,6,27.2,94.0,8.1,5,7.38,69.3,16.7,5.0,4.0,1.0,3.0,5.0,63.0,1.0,3.0,3.0,1.0,3-5/day,Pass
Female,West,BCA,10th Pass,Hindi,5G/Excellent,Yes,6,5,23.3,85.2,5.8,5,6.06,43.8,44.5,3.0,4.0,3.0,5.0,5.0,63.0,3.0,2.0,3.0,3.0,3-5/day,Pass
Female,West,B.Com,Below 10th,Hindi,3G/Moderate,No,2,7,35.1,54.4,4.5,2,6.93,62.8,88.5,3.0,2.0,3.0,2.0,1.0,63.0,2.0,4.0,2.0,7.0,3-5/day,Fail
Female,South,B.Tech,12th Pass,Regional,4G/Good,No,8,5,19.7,85.2,4.5,1,6.19,51.0,31.0,5.0,4.0,3.0,1.0,4.0,13.0,3.0,3.0,3.0,7.0,5+/day,At-Risk
Female,East,B.Tech,10th Pass,English,5G/Excellent,No,7,8,23.0,69.5,6.6,4,5.31,59.8,73.8,3.0,2.0,5.0,1.0,5.0,88.0,3.0,3.0,3.0,7.0,3-5/day,Fail
Male,South,M.Tech,Graduate,English,2G/Slow,No,6,5,17.5,87.7,4.9,0,5.74,40.6,51.3,5.0,3.0,4.0,3.0,1.0,88.0,3.0,2.0,2.0,7.0,5+/day,At-Risk
Female,South,B.Tech,Below 10th,Hindi,4G/Good,Yes,5,7,28.6,85.9,6.5,4,5.91,60.7,66.9,3.0,1.0,2.0,3.0,2.0,38.0,3.0,2.0,1.0,1.0,3-5/day,Pass
Male,North,M.Tech,Graduate,English,5G/Excellent,No,6,6,17.6,78.1,6.8,5,7.22,35.6,63.8,5.0,1.0,3.0,5.0,5.0,38.0,4.0,3.0,3.0,1.0,5+/day,Pass
Female,North,B.E.,Post-Graduate,Regional,3G/Moderate,No,3,7,24.8,80.2,6.9,1,5.59,52.9,80.8,5.0,4.0,1.0,1.0,4.0,38.0,3.0,3.0,3.0,1.0,5+/day,Pass
Female,North,B.E.,Graduate,Regional,5G/Excellent,Yes,2,8,19.3,59.7,8.7,0,7.34,78.0,36.5,4.0,1.0,3.0,2.0,4.0,38.0,4.0,3.0,3.0,3.0,5+/day,Fail
Female,North,B.Tech,Graduate,Hindi,4G/Good,Yes,9,5,30.9,100.0,8.5,2,7.32,61.8,74.1,4.0,2.0,4.0,3.0,2.0,63.0,1.0,4.0,4.0,3.0,5+/day,Pass
Female,North,B.Tech,Post-Graduate,English,2G/Slow,Yes,1,5,14.6,85.0,6.8,4,7.88,81.8,93.0,2.0,4.0,5.0,4.0,5.0,13.0,3.0,2.0,3.0,1.0,5+/day,Pass
Male,North,B.Tech,10th Pass,Regional,4G/Good,No,2,8,26.0,84.1,7.6,1,6.66,61.5,55.6,4.0,3.0,5.0,1.0,2.0,13.0,4.0,3.0,3.0,5.0,5+/day,Pass
Female,West,M.Tech,Post-Graduate,English,3G/Moderate,No,10,4,17.2,84.7,7.2,0,7.53,85.1,73.3,5.0,4.0,3.0,5.0,5.0,88.0,4.0,4.0,4.0,5.0,5+/day,Pass
Other,South,BCA,Graduate,English,3G/Moderate,Yes,10,8,12.1,59.4,8.8,5,5.4,84.0,55.9,5.0,3.0,5.0,1.0,4.0,88.0,3.0,4.0,4.0,5.0,5+/day,Fail
Female,Central,BCA,Graduate,English,4G/Good,No,1,8,17.6,92.8,6.8,3,7.03,86.1,54.2,1.0,2.0,3.0,3.0,1.0,63.0,4.0,3.0,4.0,3.0,5+/day,Pass
Male,North,MCA,10th Pass,English,4G/Good,No,8,7,2.3,76.1,8.0,4,5.02,48.9,42.5,2.0,1.0,5.0,2.0,4.0,38.0,4.0,4.0,4.0,3.0,3-5/day,Fail
Male,South,B.Tech,12th Pass,Regional,4G/Good,No,4,7,24.5,82.3,9.9,5,7.08,65.0,65.8,3.0,3.0,3.0,1.0,3.0,13.0,4.0,3.0,3.0,3.0,5+/day,Pass
Male,South,BCA,Graduate,Hindi,2G/Slow,No,6,8,22.7,73.7,7.2,4,4.99,38.9,28.2,4.0,2.0,4.0,2.0,3.0,63.0,3.0,3.0,3.0,7.0,3-5/day,Fail
Female,North,B.E.,12th Pass,Regional,5G/Excellent,No,5,6,31.3,66.2,5.9,5,6.64,75.6,55.6,2.0,4.0,5.0,4.0,5.0,13.0,3.0,2.0,3.0,1.0,5+/day,Pass
Female,Northeast,MCA,Graduate,English,4G/Good,No,8,5,11.3,74.4,6.0,2,4.37,62.8,26.3,4.0,2.0,4.0,3.0,3.0,13.0,4.0,4.0,4.0,3.0,3-5/day,Fail
Male,North,B.Tech,Below 10th,Hindi,5G/Excellent,Yes,10,8,12.8,78.6,5.5,3,6.47,53.2,51.1,5.0,1.0,5.0,4.0,2.0,38.0,4.0,3.0,3.0,3.0,5+/day,At-Risk
Male,Central,BCA,10th Pass,Regional,5G/Excellent,No,7,4,9.2,80.7,7.8,2,2.87,40.0,62.6,3.0,4.0,4.0,2.0,4.0,63.0,1.0,4.0,3.0,1.0,5+/day,At-Risk
Female,Central,M.Tech,12th Pass,Regional,3G/Moderate,No,1,5,20.6,74.8,7.2,3,7.26,54.3,48.6,3.0,3.0,3.0,3.0,3.0,88.0,2.0,2.0,2.0,7.0,5+/day,At-Risk
Female,East,B.E.,10th Pass,Hindi,No Access,Yes,8,6,15.1,79.6,6.1,0,4.6,25.0,41.6,4.0,4.0,3.0,4.0,5.0,63.0,4.0,4.0,4.0,5.0,Never,Fail
Female,East,B.Tech,10th Pass,English,5G/Excellent,Yes,4,8,12.2,77.2,8.9,0,5.63,73.8,46.5,3.0,3.0,4.0,2.0,5.0,63.0,3.0,4.0,3.0,1.0,5+/day,Pass
Female,West,B.E.,Below 10th,Regional,4G/Good,Yes,7,6,20.8,64.4,6.0,5,4.36,27.9,55.9,5.0,5.0,5.0,5.0,5.0,63.0,2.0,2.0,3.0,3.0,3-5/day,Fail
Male,South,B.Tech,10th Pass,English,2G/Slow,No,3,5,25.7,80.5,6.8,4,6.34,75.2,61.2,2.0,1.0,2.0,2.0,5.0,63.0,4.0,4.0,3.0,1.0,3-5/day,Pass
Male,West,BCA,12th Pass,Hindi,4G/Good,No,2,4,18.7,80.5,5.4,4,5.28,47.1,54.3,2.0,1.0,3.0,4.0,2.0,38.0,2.0,3.0,1.0,5.0,5+/day,Pass
Female,North,B.Com,Below 10th,Hindi,No Access,No,1,5,14.6,72.5,6.4,5,5.36,49.7,67.9,2.0,2.0,5.0,3.0,5.0,38.0,4.0,2.0,3.0,3.0,5+/day,Fail
Female,North,B.E.,Post-Graduate,Hindi,No Access,No,10,5,26.2,92.0,5.4,0,4.95,55.6,36.4,3.0,2.0,4.0,2.0,2.0,13.0,3.0,3.0,3.0,1.0,5+/day,Pass
Female,South,B.E.,Graduate,Hindi,4G/Good,Yes,5,8,16.2,80.8,6.5,3,6.99,65.1,49.7,4.0,2.0,4.0,4.0,1.0,63.0,3.0,3.0,3.0,3.0,1-3/day,Pass
Female,East,BCA,Graduate,Hindi,2G/Slow,No,3,5,16.1,85.5,5.0,2,4.47,53.9,70.2,5.0,3.0,4.0,5.0,3.0,63.0,4.0,4.0,4.0,5.0,3-5/day,Pass
Female,Central,B.Tech,10th Pass,English,5G/Excellent,Yes,3,8,21.6,70.5,5.8,0,4.9,35.0,77.7,4.0,3.0,1.0,5.0,5.0,38.0,3.0,4.0,2.0,5.0,1-3/day,At-Risk
Male,North,B.Tech,12th Pass,Hindi,5G/Excellent,Yes,8,8,13.2,72.8,5.5,0,4.68,47.2,19.7,5.0,2.0,3.0,2.0,3.0,63.0,4.0,3.0,3.0,7.0,5+/day,Fail
Male,Northeast,B.Com,12th Pass,Hindi,4G/Good,Yes,1,6,25.2,77.6,5.6,1,8.7,77.8,84.9,3.0,3.0,4.0,1.0,4.0,63.0,3.0,1.0,4.0,7.0,1-3/day,Pass
Male,North,BCA,Post-Graduate,English,2G/Slow,Yes,2,4,11.6,66.4,5.2,4,7.21,63.9,53.2,4.0,2.0,5.0,3.0,1.0,63.0,4.0,4.0,4.0,7.0,5+/day,Fail
Male,South,B.Tech,Graduate,English,3G/Moderate,Yes,1,8,13.7,58.8,6.1,3,7.46,62.5,87.5,3.0,3.0,3.0,1.0,3.0,13.0,4.0,3.0,3.0,3.0,5+/day,Fail
Female,South,B.Tech,12th Pass,English,4G/Good,Yes,7,7,9.9,97.3,3.0,2,6.67,76.0,61.1,4.0,3.0,4.0,4.0,4.0,38.0,1.0,2.0,2.0,1.0,5+/day,Pass
Other,South,BCA,Graduate,English,4G/Good,No,4,6,24.0,74.1,7.6,1,7.19,68.7,32.3,3.0,4.0,5.0,4.0,5.0,88.0,2.0,4.0,3.0,5.0,5+/day,Fail
Male,North,MCA,10th Pass,Regional,3G/Moderate,Yes,3,8,27.5,79.3,7.0,1,8.46,67.2,75.2,5.0,1.0,4.0,1.0,3.0,38.0,3.0,2.0,3.0,7.0,5+/day,Pass
Male,East,MCA,Below 10th,English,4G/Good,Yes,3,8,16.9,84.6,7.0,5,6.08,48.3,64.9,2.0,1.0,4.0,4.0,4.0,38.0,3.0,3.0,2.0,5.0,5+/day,Pass
Female,Northeast,B.Tech,Graduate,Hindi,4G/Good,No,10,6,21.1,78.6,6.3,0,5.89,30.5,57.4,2.0,3.0,4.0,3.0,4.0,88.0,2.0,3.0,4.0,5.0,5+/day,At-Risk
Male,South,B.Com,Below 10th,Hindi,5G/Excellent,No,3,5,20.6,67.6,8.5,4,5.95,53.1,74.6,3.0,3.0,1.0,1.0,1.0,88.0,4.0,3.0,3.0,5.0,1-3/day,At-Risk
Female,East,BCA,Below 10th,English,5G/Excellent,Yes,2,8,20.1,93.6,5.5,0,7.29,66.5,79.5,3.0,2.0,5.0,3.0,4.0,38.0,3.0,3.0,2.0,1.0,5+/day,Pass
Female,Northeast,BCA,Graduate,Regional,4G/Good,Yes,5,4,9.9,75.4,4.0,1,6.47,39.7,60.7,3.0,1.0,4.0,1.0,4.0,63.0,3.0,3.0,4.0,5.0,5+/day,Fail
Female,West,BCA,10th Pass,English,4G/Good,No,1,8,13.4,88.8,7.0,1,5.84,60.0,26.6,4.0,1.0,4.0,2.0,4.0,38.0,3.0,4.0,3.0,1.0,5+/day,At-Risk
Male,East,B.Tech,12th Pass,Regional,2G/Slow,No,5,6,23.3,98.7,9.4,2,4.62,38.7,51.0,3.0,4.0,5.0,4.0,5.0,63.0,1.0,3.0,3.0,3.0,5+/day,At-Risk
Male,South,B.Com,Post-Graduate,English,3G/Moderate,Yes,10,7,26.5,66.2,8.7,0,6.66,49.8,57.1,3.0,2.0,3.0,2.0,4.0,63.0,4.0,3.0,3.0,5.0,5+/day,Fail
Female,Central,B.Tech,10th Pass,English,5G/Excellent,Yes,8,6,24.6,91.7,7.9,0,5.43,44.0,51.4,5.0,1.0,4.0,2.0,1.0,88.0,3.0,2.0,3.0,5.0,5+/day,At-Risk
Female,East,B.Tech,10th Pass,English,4G/Good,No,7,6,18.1,83.2,10.0,3,6.22,53.9,49.2,3.0,5.0,4.0,3.0,5.0,88.0,4.0,3.0,3.0,5.0,3-5/day,At-Risk
Male,North,MCA,Below 10th,English,3G/Moderate,No,3,4,23.6,71.1,5.9,2,5.58,31.5,29.7,4.0,3.0,4.0,4.0,4.0,88.0,3.0,3.0,4.0,3.0,5+/day,Fail
Female,South,BCA,Below 10th,Regional,4G/Good,No,9,5,7.2,87.1,5.9,4,2.65,37.6,21.0,4.0,4.0,5.0,1.0,5.0,38.0,1.0,3.0,4.0,5.0,3-5/day,Fail
Male,Northeast,MCA,Below 10th,English,5G/Excellent,Yes,10,4,3.9,83.2,6.2,0,1.89,36.6,44.9,2.0,3.0,4.0,3.0,3.0,63.0,3.0,3.0,1.0,1.0,3-5/day,At-Risk
Female,North,B.E.,Below 10th,Hindi,3G/Moderate,Yes,7,4,8.4,74.7,3.0,0,4.56,53.2,62.3,1.0,2.0,3.0,3.0,1.0,63.0,4.0,3.0,4.0,3.0,5+/day,Fail
Male,Central,B.E.,12th Pass,English,3G/Moderate,No,1,8,37.8,100.0,8.7,4,10.0,73.2,100.0,1.0,4.0,2.0,3.0,4.0,63.0,2.0,3.0,4.0,7.0,5+/day,Pass
Female,North,B.Com,10th Pass,Regional,5G/Excellent,No,6,7,32.5,86.6,6.5,2,6.57,55.5,56.2,4.0,4.0,3.0,1.0,3.0,63.0,3.0,4.0,3.0,3.0,5+/day,Pass
Male,West,B.Tech,Graduate,Regional,4G/Good,Yes,4,6,6.8,68.9,5.6,0,5.45,42.6,52.3,4.0,2.0,1.0,2.0,5.0,88.0,1.0,4.0,2.0,1.0,5+/day,Fail
Male,South,M.Tech,Graduate,Hindi,4G/Good,No,6,4,16.4,86.0,6.2,4,5.08,76.6,37.6,2.0,2.0,1.0,1.0,4.0,88.0,4.0,3.0,3.0,1.0,5+/day,Pass
Male,East,B.Tech,Graduate,English,3G/Moderate,Yes,3,4,15.0,79.8,5.1,3,7.48,60.3,67.8,4.0,2.0,5.0,3.0,1.0,63.0,4.0,4.0,4.0,7.0,5+/day,Pass
Male,Central,MCA,12th Pass,Hindi,5G/Excellent,No,5,5,27.1,68.4,6.6,0,5.28,81.7,50.8,4.0,4.0,2.0,4.0,4.0,13.0,1.0,1.0,1.0,3.0,5+/day,Pass
Female,South,B.Tech,Below 10th,English,5G/Excellent,Yes,3,5,22.6,79.2,5.7,4,5.92,45.8,36.0,4.0,4.0,5.0,2.0,3.0,38.0,2.0,3.0,3.0,3.0,5+/day,Pass
Other,East,BCA,Graduate,English,4G/Good,No,7,7,15.4,86.6,5.8,1,6.86,64.9,67.9,4.0,4.0,5.0,1.0,5.0,38.0,1.0,3.0,4.0,5.0,3-5/day,At-Risk
Male,North,M.Tech,10th Pass,Hindi,No Access,No,5,6,21.9,70.9,5.2,0,4.41,46.6,22.2,4.0,1.0,4.0,2.0,4.0,38.0,3.0,4.0,3.0,1.0,5+/day,Fail
Male,North,B.E.,Below 10th,Regional,4G/Good,No,4,4,23.4,65.2,6.6,3,5.59,54.3,37.3,4.0,1.0,5.0,2.0,5.0,38.0,4.0,4.0,2.0,3.0,1-3/day,Fail
Female,North,BCA,Graduate,Regional,3G/Moderate,No,10,8,5.0,65.5,5.7,4,4.39,56.7,50.7,4.0,2.0,4.0,1.0,4.0,63.0,3.0,1.0,4.0,3.0,5+/day,Fail
Female,West,MCA,10th Pass,Hindi,2G/Slow,Yes,7,5,21.7,66.1,8.5,4,4.16,39.2,31.3,5.0,1.0,4.0,3.0,5.0,63.0,3.0,4.0,3.0,3.0,5+/day,Fail
Female,North,BCA,10th Pass,Hindi,4G/Good,No,7,4,17.9,88.4,7.3,0,4.85,68.3,40.9,4.0,1.0,5.0,2.0,4.0,38.0,1.0,3.0,2.0,7.0,5+/day,At-Risk
Male,North,B.Com,Graduate,Regional,2G/Slow,Yes,10,8,10.0,86.9,4.5,1,6.51,52.6,58.1,1.0,2.0,5.0,1.0,5.0,13.0,3.0,3.0,3.0,3.0,5+/day,At-Risk
Male,South,B.E.,Post-Graduate,Hindi,5G/Excellent,No,9,4,13.9,70.9,7.4,4,4.99,40.3,61.0,3.0,4.0,5.0,3.0,4.0,63.0,2.0,4.0,3.0,3.0,3-5/day,Fail
Female,West,B.Tech,10th Pass,English,No Access,Yes,3,7,20.0,79.4,7.0,4,5.61,42.5,72.2,4.0,2.0,4.0,1.0,4.0,0.0,3.0,3.0,3.0,5.0,5+/day,Pass
Male,West,B.Tech,10th Pass,Regional,4G/Good,No,10,7,18.9,66.3,6.6,1,4.41,34.5,35.1,5.0,3.0,4.0,4.0,4.0,88.0,3.0,3.0,3.0,3.0,5+/day,Fail
Female,North,B.Tech,12th Pass,English,3G/Moderate,No,8,8,16.7,74.2,6.3,3,6.26,69.3,69.9,5.0,5.0,5.0,5.0,5.0,63.0,2.0,2.0,3.0,3.0,3-5/day,At-Risk
Male,North,B.Tech,Graduate,English,4G/Good,Yes,7,5,15.9,74.0,8.3,0,8.09,74.4,63.4,3.0,2.0,5.0,1.0,5.0,88.0,3.0,3.0,3.0,7.0,3-5/day,Fail
Female,Central,BCA,Below 10th,Hindi,2G/Slow,No,9,7,18.4,85.6,4.8,5,4.07,52.4,40.5,3.0,2.0,4.0,1.0,4.0,63.0,4.0,4.0,2.0,7.0,5+/day,Fail
Male,South,B.Tech,12th Pass,English,4G/Good,No,2,5,6.8,96.1,6.4,0,6.25,38.8,59.0,4.0,3.0,4.0,1.0,2.0,13.0,1.0,4.0,4.0,7.0,5+/day,Pass
Female,Northeast,B.Tech,Post-Graduate,English,4G/Good,No,6,8,30.0,68.9,4.0,0,6.21,67.5,75.1,3.0,4.0,4.0,3.0,2.0,63.0,1.0,4.0,4.0,7.0,5+/day,At-Risk
Male,Northeast,B.Tech,10th Pass,English,5G/Excellent,Yes,5,8,15.5,72.1,7.3,2,6.78,85.7,64.0,3.0,2.0,5.0,3.0,4.0,38.0,3.0,3.0,2.0,1.0,5+/day,At-Risk
Female,West,MCA,Post-Graduate,Hindi,4G/Good,No,3,4,21.5,85.3,6.4,0,6.43,59.6,56.5,3.0,2.0,5.0,1.0,4.0,63.0,1.0,3.0,2.0,3.0,1-3/day,At-Risk
Male,North,BCA,Post-Graduate,Regional,2G/Slow,No,7,8,29.3,64.7,5.0,5,5.45,42.2,57.5,5.0,1.0,5.0,1.0,5.0,38.0,1.0,3.0,2.0,3.0,5+/day,Fail
Female,Northeast,B.E.,10th Pass,English,2G/Slow,Yes,5,4,25.9,71.0,6.8,1,7.31,58.5,69.4,4.0,3.0,4.0,3.0,5.0,88.0,4.0,4.0,2.0,7.0,5+/day,Fail
Female,West,M.Tech,Graduate,English,4G/Good,No,6,5,20.1,92.3,8.5,0,7.09,53.3,37.3,4.0,2.0,5.0,3.0,1.0,38.0,1.0,3.0,3.0,3.0,3-5/day,Pass
Female,East,B.Tech,10th Pass,English,3G/Moderate,No,4,4,17.2,96.7,6.7,5,6.63,49.9,67.1,4.0,2.0,2.0,3.0,5.0,0.0,2.0,2.0,3.0,3.0,5+/day,Pass
Female,South,B.Com,Graduate,Hindi,4G/Good,No,7,5,17.8,70.8,4.1,3,5.52,72.1,58.5,5.0,4.0,1.0,1.0,4.0,38.0,3.0,3.0,3.0,1.0,5+/day,Fail
Female,South,BCA,Graduate,Hindi,5G/Excellent,No,7,7,6.6,72.1,6.5,2,4.8,79.0,59.3,4.0,3.0,4.0,5.0,3.0,38.0,2.0,2.0,4.0,7.0,3-5/day,At-Risk
Female,North,B.Tech,10th Pass,Hindi,5G/Excellent,No,5,5,9.5,90.0,6.9,1,4.24,41.4,42.7,5.0,1.0,4.0,3.0,5.0,88.0,4.0,2.0,3.0,5.0,5+/day,Fail
Male,East,BCA,Graduate,English,5G/Excellent,No,7,6,19.7,93.5,5.5,1,7.13,63.9,64.5,2.0,3.0,3.0,2.0,1.0,63.0,1.0,4.0,3.0,7.0,3-5/day,Pass
Female,East,MCA,Graduate,Hindi,5G/Excellent,Yes,7,4,15.4,78.3,9.8,3,6.21,55.2,55.7,5.0,2.0,5.0,1.0,1.0,38.0,4.0,4.0,3.0,7.0,3-5/day,At-Risk
Male,South,B.E.,10th Pass,Hindi,4G/Good,Yes,10,7,7.5,73.5,4.3,0,4.44,26.9,47.9,4.0,5.0,4.0,2.0,3.0,38.0,1.0,4.0,2.0,3.0,1-3/day,Fail
Male,East,M.Tech,10th Pass,English,4G/Good,No,8,5,20.0,88.0,3.0,5,6.65,55.7,65.4,5.0,2.0,5.0,3.0,4.0,88.0,1.0,3.0,2.0,3.0,3-5/day,At-Risk
Male,South,B.Tech,Below 10th,English,4G/Good,Yes,1,8,23.3,85.8,5.1,2,8.18,70.7,79.6,4.0,2.0,5.0,3.0,5.0,88.0,4.0,1.0,3.0,7.0,5+/day,At-Risk
Male,West,B.Tech,12th Pass,English,5G/Excellent,No,4,4,26.2,81.1,3.6,5,6.27,30.6,64.9,4.0,1.0,5.0,3.0,2.0,38.0,3.0,3.0,3.0,1.0,5+/day,At-Risk
Female,Central,B.Tech,Post-Graduate,Regional,3G/Moderate,No,1,5,21.7,100.0,7.9,2,6.85,43.3,64.1,5.0,2.0,5.0,2.0,4.0,88.0,1.0,3.0,4.0,5.0,5+/day,At-Risk
Female,North,B.Tech,Graduate,Regional,4G/Good,Yes,3,7,13.6,84.5,8.1,2,5.38,60.9,33.4,5.0,2.0,3.0,2.0,5.0,88.0,4.0,4.0,2.0,5.0,5+/day,Fail
Female,South,B.Tech,12th Pass,Hindi,3G/Moderate,Yes,8,8,22.8,67.9,4.1,1,6.33,68.6,55.5,4.0,2.0,4.0,3.0,3.0,13.0,4.0,4.0,4.0,3.0,3-5/day,Fail
Male,North,B.Com,12th Pass,Regional,2G/Slow,No,7,4,20.0,86.6,4.9,3,5.67,59.8,61.6,3.0,4.0,4.0,2.0,5.0,63.0,3.0,4.0,4.0,5.0,3-5/day,At-Risk
Male,West,B.Tech,10th Pass,Hindi,4G/Good,Yes,3,7,11.5,73.3,4.7,1,5.5,48.6,29.4,5.0,3.0,4.0,2.0,2.0,63.0,3.0,3.0,1.0,3.0,5+/day,Fail
Male,West,B.E.,10th Pass,Regional,4G/Good,No,4,8,11.3,79.5,6.5,0,5.52,45.1,98.2,4.0,2.0,4.0,3.0,3.0,13.0,4.0,4.0,4.0,3.0,3-5/day,Pass
Male,Central,B.E.,12th Pass,English,4G/Good,Yes,2,6,23.9,90.7,7.2,4,8.2,63.3,65.1,3.0,4.0,5.0,4.0,5.0,88.0,2.0,4.0,3.0,5.0,5+/day,Pass
Male,South,M.Tech,12th Pass,Hindi,4G/Good,No,2,8,20.2,91.9,8.7,2,6.29,55.5,44.3,5.0,3.0,4.0,2.0,2.0,63.0,3.0,3.0,1.0,3.0,5+/day,Pass
Male,Central,B.Com,12th Pass,Hindi,4G/Good,Yes,5,4,19.8,46.2,7.1,2,6.11,42.3,50.2,3.0,4.0,2.0,4.0,4.0,88.0,1.0,4.0,3.0,1.0,5+/day,Fail
Male,North,MCA,Post-Graduate,Hindi,2G/Slow,Yes,2,6,18.4,74.7,6.0,2,6.74,68.1,50.5,1.0,3.0,5.0,5.0,4.0,0.0,3.0,3.0,4.0,3.0,3-5/day,Pass
Female,East,B.Com,12th Pass,English,4G/Good,Yes,7,5,22.2,75.5,5.9,1,7.28,76.5,80.7,4.0,3.0,5.0,2.0,4.0,38.0,3.0,3.0,3.0,5.0,5+/day,Pass
Female,North,MCA,12th Pass,English,5G/Excellent,Yes,1,6,14.4,81.5,6.6,2,7.49,82.6,80.5,4.0,2.0,4.0,3.0,3.0,13.0,4.0,4.0,4.0,3.0,3-5/day,Pass
Other,Central,B.Com,Below 10th,English,3G/Moderate,No,9,6,17.1,71.0,6.7,2,4.5,64.6,69.3,4.0,2.0,3.0,1.0,5.0,38.0,2.0,4.0,3.0,1.0,3-5/day,Fail
Female,East,BCA,Post-Graduate,English,4G/Good,No,10,6,23.2,78.1,6.3,4,5.44,18.5,44.5,5.0,3.0,4.0,3.0,5.0,88.0,3.0,3.0,4.0,7.0,5+/day,Fail
Female,West,B.Tech,Graduate,English,4G/Good,Yes,1,8,18.3,80.6,6.6,3,6.42,75.4,70.8,4.0,1.0,4.0,2.0,4.0,38.0,3.0,4.0,3.0,1.0,5+/day,Pass
Male,Northeast,B.E.,Graduate,Hindi,5G/Excellent,Yes,1,6,12.8,61.4,6.5,0,6.28,62.7,55.4,2.0,4.0,4.0,2.0,3.0,38.0,2.0,3.0,4.0,3.0,5+/day,At-Risk
Female,North,BCA,12th Pass,Regional,4G/Good,No,9,6,13.2,79.5,4.3,5,5.02,38.3,62.8,4.0,2.0,3.0,1.0,5.0,38.0,3.0,3.0,2.0,3.0,5+/day,Fail
Female,North,B.E.,12th Pass,Hindi,2G/Slow,No,7,5,18.3,93.2,6.7,1,6.73,54.2,37.6,4.0,3.0,4.0,3.0,4.0,38.0,1.0,4.0,4.0,5.0,3-5/day,At-Risk
Male,Northeast,B.Tech,12th Pass,Regional,5G/Excellent,No,10,6,0.0,66.7,5.2,0,4.06,38.6,44.4,3.0,2.0,1.0,1.0,4.0,13.0,4.0,3.0,3.0,3.0,1-3/day,Fail
Male,South,BCA,10th Pass,Regional,5G/Excellent,Yes,4,8,30.3,83.3,6.8,3,7.22,52.4,49.9,4.0,2.0,3.0,2.0,5.0,88.0,2.0,3.0,3.0,7.0,3-5/day,At-Risk
Female,North,B.Com,Graduate,English,4G/Good,No,3,7,16.8,82.6,7.2,0,7.04,60.3,42.7,3.0,4.0,5.0,3.0,4.0,63.0,2.0,4.0,3.0,3.0,3-5/day,Pass
Male,South,B.Tech,Post-Graduate,English,4G/Good,No,5,7,21.4,60.0,8.3,1,6.32,54.6,48.1,2.0,2.0,4.0,4.0,5.0,38.0,4.0,3.0,3.0,7.0,5+/day,Fail
Female,East,MCA,10th Pass,English,4G/Good,Yes,2,8,22.5,77.5,6.4,4,6.02,38.3,40.1,3.0,3.0,4.0,1.0,4.0,88.0,2.0,4.0,3.0,1.0,3-5/day,At-Risk
Female,North,BCA,Below 10th,Regional,4G/Good,No,6,8,19.8,80.7,5.5,0,5.72,58.4,38.1,4.0,2.0,4.0,2.0,3.0,63.0,3.0,4.0,2.0,7.0,5+/day,Fail
Male,South,B.Com,Graduate,English,4G/Good,No,6,6,8.4,96.7,7.8,3,7.3,80.9,80.9,5.0,2.0,5.0,5.0,3.0,63.0,3.0,2.0,4.0,7.0,5+/day,Pass
Male,North,B.Com,10th Pass,Hindi,5G/Excellent,No,1,8,10.5,77.4,6.6,1,5.27,48.9,50.8,4.0,1.0,3.0,2.0,3.0,88.0,3.0,3.0,3.0,7.0,3-5/day,Fail
Male,South,MCA,12th Pass,English,5G/Excellent,No,10,6,7.6,86.3,9.4,3,5.96,58.5,35.2,4.0,2.0,5.0,3.0,1.0,63.0,4.0,4.0,4.0,7.0,5+/day,At-Risk
Male,Central,B.E.,Graduate,Regional,4G/Good,No,9,4,25.7,73.3,4.4,5,5.63,48.6,52.9,4.0,1.0,5.0,2.0,4.0,88.0,3.0,4.0,4.0,5.0,5+/day,Fail
Male,Central,B.Tech,10th Pass,English,5G/Excellent,Yes,1,5,7.2,85.4,5.6,0,7.11,71.6,59.9,5.0,3.0,4.0,3.0,1.0,38.0,2.0,4.0,2.0,5.0,5+/day,Pass
Female,West,B.E.,Graduate,Regional,2G/Slow,Yes,6,5,13.4,92.3,5.4,1,7.11,75.8,54.7,4.0,1.0,5.0,2.0,4.0,88.0,3.0,4.0,4.0,5.0,5+/day,Fail
Male,North,MCA,12th Pass,English,2G/Slow,No,7,5,27.1,61.9,9.3,0,4.55,42.8,51.3,4.0,4.0,4.0,4.0,4.0,88.0,4.0,4.0,4.0,5.0,5+/day,Fail
Male,Central,M.Tech,Graduate,English,4G/Good,No,8,4,10.1,83.5,7.2,5,4.78,44.6,44.6,4.0,3.0,4.0,2.0,3.0,88.0,1.0,3.0,4.0,5.0,5+/day,At-Risk
Male,East,MCA,Graduate,Hindi,4G/Good,No,2,5,19.0,88.2,3.7,2,6.26,68.5,47.4,4.0,2.0,4.0,2.0,5.0,63.0,2.0,3.0,3.0,5.0,5+/day,At-Risk
Female,North,B.Tech,Graduate,Regional,3G/Moderate,No,8,6,23.3,80.2,3.8,1,4.9,47.3,46.6,5.0,2.0,5.0,2.0,4.0,88.0,1.0,3.0,4.0,5.0,5+/day,Fail
Male,Central,BCA,Below 10th,Hindi,4G/Good,No,10,7,17.6,84.7,7.8,5,3.97,18.9,57.6,4.0,2.0,4.0,1.0,4.0,0.0,3.0,3.0,3.0,5.0,5+/day,Fail
Male,West,B.Tech,10th Pass,Regional,2G/Slow,No,2,5,19.1,90.9,4.9,0,6.3,56.4,75.0,4.0,2.0,3.0,2.0,5.0,38.0,3.0,2.0,2.0,5.0,5+/day,At-Risk
Female,West,B.Tech,Below 10th,Regional,4G/Good,No,2,5,21.7,65.5,6.5,1,5.95,56.3,63.4,4.0,2.0,1.0,2.0,5.0,88.0,1.0,4.0,2.0,1.0,5+/day,Fail
Female,West,B.Tech,12th Pass,Regional,5G/Excellent,No,9,6,30.5,86.5,6.2,4,6.38,51.4,69.8,3.0,3.0,4.0,1.0,4.0,88.0,2.0,4.0,3.0,1.0,3-5/day,At-Risk
Male,North,B.Tech,Graduate,English,4G/Good,No,7,6,11.5,96.1,9.5,5,6.4,59.1,71.4,3.0,3.0,4.0,3.0,2.0,38.0,1.0,2.0,4.0,7.0,5+/day,Pass
Female,North,MCA,12th Pass,English,4G/Good,No,8,5,14.9,76.7,6.1,2,4.74,61.1,64.0,5.0,2.0,4.0,1.0,2.0,38.0,4.0,3.0,3.0,1.0,1-3/day,At-Risk
Male,West,B.Tech,Graduate,English,5G/Excellent,No,1,8,22.4,74.3,5.9,3,7.56,59.6,93.6,5.0,2.0,5.0,1.0,1.0,38.0,4.0,4.0,3.0,7.0,3-5/day,Fail
Male,North,B.Tech,10th Pass,Regional,4G/Good,Yes,10,4,16.6,74.3,7.3,0,5.27,44.7,36.1,2.0,2.0,2.0,1.0,5.0,88.0,4.0,4.0,4.0,5.0,5+/day,Fail
Male,South,B.Com,10th Pass,Regional,5G/Excellent,Yes,6,7,14.1,85.5,8.2,3,7.1,67.6,72.8,5.0,1.0,4.0,4.0,5.0,88.0,3.0,2.0,4.0,3.0,3-5/day,At-Risk
Male,West,B.E.,Graduate,Hindi,4G/Good,No,1,7,25.2,99.0,6.7,0,8.13,73.3,100.0,5.0,4.0,2.0,3.0,3.0,88.0,3.0,1.0,3.0,3.0,5+/day,Pass
Female,West,B.Tech,12th Pass,English,5G/Excellent,Yes,5,4,2.4,100.0,3.1,1,6.35,56.3,36.4,2.0,2.0,4.0,2.0,3.0,13.0,4.0,4.0,2.0,3.0,5+/day,Pass
Male,South,B.Tech,Graduate,English,5G/Excellent,Yes,2,5,25.9,100.0,7.7,3,8.61,64.3,94.1,5.0,3.0,4.0,5.0,3.0,63.0,4.0,4.0,4.0,5.0,3-5/day,Pass
Male,West,B.Tech,10th Pass,Regional,4G/Good,No,9,5,29.1,77.8,4.5,2,5.2,43.6,35.9,5.0,3.0,4.0,2.0,5.0,13.0,1.0,4.0,1.0,7.0,5+/day,At-Risk
Female,Northeast,B.Tech,Post-Graduate,English,4G/Good,Yes,3,5,16.6,71.7,4.2,0,5.9,85.2,65.4,5.0,1.0,4.0,2.0,1.0,88.0,3.0,2.0,3.0,5.0,5+/day,Fail
Female,West,B.Tech,12th Pass,Regional,4G/Good,No,10,5,8.8,63.5,5.8,3,6.58,46.7,60.7,5.0,5.0,5.0,4.0,5.0,88.0,4.0,4.0,4.0,3.0,5+/day,Fail
Male,North,BCA,Graduate,English,4G/Good,Yes,7,5,19.2,87.4,6.7,0,6.82,54.9,62.2,5.0,3.0,5.0,1.0,4.0,88.0,3.0,4.0,4.0,5.0,5+/day,Fail
Female,South,B.Tech,Below 10th,English,4G/Good,Yes,2,7,21.4,100.0,8.7,4,8.05,76.9,16.2,4.0,2.0,5.0,3.0,1.0,38.0,1.0,3.0,3.0,3.0,3-5/day,Pass
Male,South,B.E.,12th Pass,Regional,3G/Moderate,No,10,5,6.5,84.5,3.4,4,4.57,82.4,14.7,1.0,3.0,5.0,5.0,4.0,0.0,3.0,3.0,4.0,3.0,3-5/day,Pass
Female,North,M.Tech,Post-Graduate,English,4G/Good,No,4,6,18.6,86.1,6.7,3,7.15,64.8,55.6,2.0,3.0,4.0,3.0,3.0,63.0,3.0,3.0,1.0,1.0,3-5/day,Pass
Female,South,B.E.,Graduate,English,4G/Good,Yes,10,8,31.6,81.5,8.7,4,7.24,68.6,61.8,3.0,2.0,4.0,3.0,4.0,88.0,3.0,3.0,3.0,5.0,5+/day,Pass
Female,North,B.Com,Below 10th,Regional,5G/Excellent,No,3,5,26.8,88.7,6.3,2,6.14,43.4,63.0,5.0,1.0,4.0,3.0,5.0,88.0,4.0,2.0,3.0,5.0,5+/day,Fail
Male,South,B.E.,10th Pass,Hindi,4G/Good,No,1,6,21.7,74.5,7.7,3,5.32,39.8,41.6,2.0,2.0,3.0,2.0,3.0,63.0,3.0,3.0,2.0,7.0,5+/day,Fail
Male,Central,B.E.,12th Pass,Regional,2G/Slow,No,10,7,20.9,85.9,7.5,1,6.0,58.4,52.3,3.0,4.0,5.0,3.0,4.0,63.0,2.0,4.0,3.0,3.0,3-5/day,At-Risk
Male,North,MCA,10th Pass,Regional,3G/Moderate,No,6,6,18.3,78.4,5.6,3,4.5,54.3,31.9,1.0,4.0,2.0,3.0,4.0,63.0,2.0,3.0,4.0,7.0,5+/day,At-Risk
Male,West,B.Tech,Graduate,English,No Access,Yes,5,4,19.1,87.7,7.4,1,5.56,46.6,36.5,3.0,4.0,5.0,3.0,4.0,63.0,2.0,4.0,3.0,3.0,3-5/day,Pass
Male,West,B.Tech,10th Pass,English,No Access,No,6,4,17.3,81.9,6.7,4,6.08,48.3,47.7,5.0,5.0,5.0,4.0,5.0,88.0,4.0,4.0,4.0,3.0,5+/day,At-Risk
Female,North,BCA,10th Pass,Hindi,3G/Moderate,Yes,1,6,19.4,88.2,6.0,3,6.62,43.2,28.8,4.0,1.0,5.0,2.0,4.0,63.0,3.0,3.0,3.0,3.0,3-5/day,At-Risk
Male,Central,B.E.,Graduate,English,4G/Good,Yes,8,5,6.6,71.1,8.9,2,5.86,67.7,61.7,5.0,1.0,4.0,3.0,5.0,88.0,4.0,2.0,3.0,5.0,5+/day,Fail
Male,East,MCA,12th Pass,English,5G/Excellent,No,4,5,2.8,95.1,6.2,4,5.09,55.6,60.2,3.0,3.0,4.0,2.0,5.0,63.0,3.0,4.0,3.0,1.0,5+/day,At-Risk
Female,South,B.Com,Graduate,Regional,4G/Good,No,7,5,12.7,93.7,8.8,5,4.9,61.1,67.4,2.0,2.0,5.0,3.0,5.0,38.0,4.0,2.0,3.0,3.0,5+/day,At-Risk
Male,West,B.E.,Post-Graduate,English,4G/Good,No,8,6,25.2,78.4,6.0,4,6.6,61.7,96.6,4.0,3.0,4.0,4.0,4.0,63.0,4.0,4.0,4.0,3.0,1-3/day,Pass
Female,South,BCA,Below 10th,Hindi,4G/Good,Yes,3,4,22.2,75.2,6.3,4,6.38,69.5,48.7,2.0,2.0,3.0,4.0,4.0,88.0,4.0,3.0,4.0,1.0,5+/day,Pass
Male,West,B.E.,Graduate,English,5G/Excellent,No,4,4,23.9,66.8,6.2,1,6.52,55.9,79.1,2.0,3.0,3.0,3.0,5.0,13.0,3.0,4.0,4.0,7.0,5+/day,At-Risk
Male,North,B.Com,10th Pass,English,5G/Excellent,No,9,7,18.7,68.0,8.1,1,6.57,54.0,54.6,2.0,2.0,5.0,3.0,5.0,38.0,4.0,2.0,3.0,3.0,5+/day,Fail
Male,Northeast,MCA,12th Pass,English,2G/Slow,No,9,4,26.5,77.3,5.2,2,5.29,47.2,56.8,5.0,3.0,5.0,2.0,4.0,88.0,3.0,3.0,3.0,5.0,5+/day,Fail
Male,South,B.Com,Below 10th,Regional,3G/Moderate,Yes,7,4,27.3,83.8,7.2,1,7.47,61.0,71.2,5.0,1.0,5.0,2.0,2.0,38.0,3.0,1.0,3.0,5.0,5+/day,Pass
Female,West,B.Tech,Below 10th,English,No Access,No,3,8,26.4,84.4,7.1,5,4.88,55.7,64.4,4.0,4.0,3.0,4.0,5.0,38.0,3.0,2.0,1.0,3.0,5+/day,Pass
Male,North,MCA,10th Pass,Hindi,4G/Good,Yes,4,4,13.2,100.0,7.1,0,6.81,43.9,56.9,4.0,2.0,5.0,3.0,5.0,88.0,4.0,1.0,3.0,7.0,5+/day,At-Risk
Female,West,B.Tech,10th Pass,Hindi,4G/Good,No,7,6,18.4,75.9,9.6,0,7.39,66.0,35.9,4.0,2.0,3.0,1.0,5.0,38.0,2.0,4.0,3.0,1.0,3-5/day,At-Risk
Male,West,B.Tech,Graduate,English,3G/Moderate,No,6,5,14.8,74.7,6.2,3,6.39,39.1,53.3,3.0,1.0,3.0,1.0,2.0,88.0,1.0,4.0,3.0,3.0,5+/day,Fail
Male,East,B.Com,Graduate,Hindi,5G/Excellent,Yes,6,6,28.3,80.9,10.6,5,8.59,89.8,98.9,5.0,1.0,3.0,5.0,5.0,38.0,4.0,3.0,3.0,1.0,5+/day,Pass
Female,East,B.Tech,Post-Graduate,Regional,4G/Good,Yes,4,5,25.9,71.0,8.2,5,7.63,75.9,69.4,4.0,3.0,5.0,2.0,4.0,38.0,3.0,3.0,3.0,5.0,5+/day,At-Risk
Male,South,B.Com,12th Pass,Hindi,5G/Excellent,Yes,10,5,21.2,100.0,4.3,5,7.1,54.9,83.7,5.0,2.0,5.0,2.0,4.0,88.0,1.0,3.0,4.0,5.0,5+/day,At-Risk
Female,Central,B.Tech,10th Pass,English,No Access,No,8,7,22.8,100.0,4.8,4,4.14,47.6,65.4,5.0,2.0,5.0,5.0,5.0,88.0,4.0,3.0,3.0,3.0,5+/day,Fail
Female,East,MCA,10th Pass,Hindi,2G/Slow,Yes,9,4,20.0,91.5,8.0,0,4.85,53.7,53.1,4.0,2.0,1.0,3.0,5.0,38.0,4.0,3.0,4.0,7.0,5+/day,At-Risk
Female,Northeast,B.Tech,10th Pass,Hindi,3G/Moderate,No,10,7,11.5,93.2,5.4,1,3.49,21.5,34.0,4.0,2.0,1.0,3.0,5.0,38.0,4.0,3.0,4.0,7.0,5+/day,Fail
Female,Northeast,B.E.,10th Pass,English,No Access,Yes,7,5,25.5,80.1,6.9,2,4.99,51.6,41.1,3.0,3.0,4.0,1.0,2.0,63.0,3.0,3.0,4.0,3.0,5+/day,At-Risk
Male,South,B.Tech,Graduate,English,4G/Good,Yes,8,8,32.1,90.1,5.5,1,7.59,74.8,70.4,3.0,4.0,2.0,4.0,4.0,88.0,1.0,4.0,3.0,1.0,5+/day,Pass
Male,North,BCA,12th Pass,English,2G/Slow,No,10,8,21.5,97.0,5.8,4,6.32,63.6,66.6,4.0,5.0,4.0,3.0,5.0,88.0,3.0,3.0,4.0,7.0,5+/day,At-Risk
Male,South,B.Tech,10th Pass,English,4G/Good,No,2,7,17.2,78.1,6.1,4,7.29,75.6,84.1,3.0,4.0,2.0,3.0,4.0,38.0,2.0,1.0,3.0,3.0,5+/day,Pass
Female,Northeast,BCA,Below 10th,English,2G/Slow,No,4,7,12.9,99.2,8.0,0,3.95,33.0,27.7,3.0,4.0,5.0,3.0,4.0,63.0,2.0,4.0,3.0,3.0,3-5/day,At-Risk
Other,North,B.Tech,Below 10th,Hindi,3G/Moderate,Yes,3,4,16.2,81.7,6.2,0,5.38,61.3,39.2,2.0,1.0,2.0,2.0,5.0,63.0,4.0,4.0,3.0,1.0,3-5/day,At-Risk
Male,East,B.Tech,10th Pass,English,5G/Excellent,Yes,6,7,9.1,80.8,8.6,1,5.75,72.1,58.7,4.0,4.0,4.0,4.0,4.0,88.0,4.0,4.0,4.0,5.0,5+/day,Pass
Female,Northeast,B.Tech,Below 10th,Regional,5G/Excellent,No,2,7,11.6,71.5,5.0,3,4.32,44.5,31.9,5.0,5.0,5.0,5.0,5.0,63.0,2.0,2.0,3.0,3.0,3-5/day,Fail
Male,South,B.E.,Graduate,Hindi,4G/Good,No,7,6,16.8,84.6,7.7,1,6.93,61.4,71.3,4.0,2.0,3.0,2.0,5.0,88.0,2.0,3.0,3.0,7.0,3-5/day,At-Risk
Female,West,MCA,Below 10th,Regional,5G/Excellent,No,8,7,20.2,95.4,6.8,5,6.37,60.3,59.9,1.0,3.0,4.0,3.0,4.0,38.0,2.0,3.0,3.0,3.0,1-3/day,Pass
Male,North,M.Tech,Graduate,Hindi,4G/Good,Yes,4,7,7.7,54.9,4.6,0,5.02,37.6,38.8,3.0,4.0,3.0,5.0,5.0,63.0,3.0,2.0,3.0,3.0,3-5/day,Fail
Other,North,B.Tech,10th Pass,English,4G/Good,Yes,8,6,19.3,86.1,5.6,5,6.48,67.2,88.7,3.0,2.0,3.0,2.0,4.0,88.0,4.0,1.0,1.0,1.0,1-3/day,Pass
Female,West,BCA,Below 10th,Hindi,5G/Excellent,No,8,5,29.1,90.7,6.3,3,5.59,49.6,56.9,2.0,3.0,2.0,3.0,1.0,13.0,1.0,3.0,1.0,1.0,1-3/day,Pass
Male,North,MCA,Graduate,Regional,3G/Moderate,No,3,5,21.0,83.4,8.4,5,4.7,53.1,59.9,4.0,5.0,4.0,2.0,4.0,63.0,4.0,2.0,2.0,5.0,5+/day,Pass
Male,South,B.Tech,12th Pass,English,3G/Moderate,No,1,6,21.5,58.4,6.3,3,5.95,69.4,67.6,3.0,3.0,4.0,1.0,4.0,88.0,2.0,4.0,3.0,1.0,3-5/day,Fail
Male,Northeast,B.E.,10th Pass,English,4G/Good,No,3,4,20.8,65.7,9.6,0,5.94,56.0,75.8,3.0,3.0,4.0,4.0,5.0,13.0,4.0,3.0,3.0,3.0,5+/day,At-Risk
Male,South,B.E.,Graduate,English,4G/Good,Yes,10,7,6.8,81.0,6.0,1,4.65,55.9,58.1,5.0,2.0,5.0,2.0,3.0,88.0,3.0,2.0,3.0,7.0,3-5/day,Fail
Male,Central,B.Tech,Below 10th,English,2G/Slow,No,1,4,7.4,61.9,6.6,2,4.19,30.1,48.2,2.0,2.0,4.0,2.0,3.0,63.0,1.0,2.0,4.0,5.0,5+/day,Fail
Female,Central,B.Tech,10th Pass,English,2G/Slow,No,2,8,22.2,100.0,8.5,0,6.97,61.6,56.2,3.0,3.0,3.0,1.0,1.0,63.0,3.0,4.0,4.0,7.0,3-5/day,Pass
Female,South,B.Tech,Graduate,English,4G/Good,Yes,8,4,23.0,97.6,4.6,1,7.19,71.0,77.4,4.0,4.0,3.0,2.0,4.0,38.0,3.0,3.0,3.0,7.0,5+/day,Pass
Female,North,BCA,Graduate,English,4G/Good,No,4,7,25.3,69.6,8.3,2,7.62,53.9,86.6,5.0,4.0,3.0,5.0,5.0,88.0,4.0,4.0,4.0,5.0,5+/day,At-Risk
Male,West,B.Tech,10th Pass,Hindi,4G/Good,No,9,5,27.5,92.5,5.5,5,5.03,67.4,71.9,4.0,3.0,4.0,3.0,3.0,88.0,3.0,4.0,4.0,5.0,5+/day,At-Risk
Female,South,B.Tech,Below 10th,English,5G/Excellent,Yes,7,7,14.4,90.0,6.1,4,4.95,59.1,73.1,1.0,1.0,4.0,2.0,4.0,88.0,2.0,4.0,3.0,7.0,5+/day,At-Risk
Female,North,B.Tech,Graduate,Hindi,4G/Good,No,3,7,24.8,77.6,6.9,4,7.44,60.0,68.3,3.0,4.0,3.0,4.0,4.0,38.0,3.0,2.0,2.0,3.0,5+/day,Pass
Male,West,B.Tech,10th Pass,Hindi,4G/Good,No,1,7,24.7,93.8,5.3,4,7.55,67.6,59.3,5.0,4.0,1.0,3.0,5.0,63.0,1.0,3.0,3.0,1.0,3-5/day,Pass
Female,North,B.Tech,10th Pass,Hindi,5G/Excellent,No,1,4,28.8,57.0,10.5,2,5.47,53.1,46.5,3.0,4.0,4.0,2.0,5.0,63.0,2.0,3.0,3.0,3.0,5+/day,Fail
Female,Northeast,B.Com,12th Pass,English,5G/Excellent,No,1,5,29.2,77.9,6.8,3,7.0,59.2,61.0,4.0,2.0,2.0,4.0,3.0,13.0,3.0,2.0,3.0,3.0,5+/day,Pass
Male,North,B.Tech,Post-Graduate,Hindi,4G/Good,No,10,5,15.3,75.7,6.7,4,6.57,40.5,78.2,2.0,2.0,3.0,2.0,3.0,63.0,3.0,3.0,2.0,7.0,5+/day,Pass
Male,North,BCA,Below 10th,English,4G/Good,No,3,4,17.4,100.0,5.6,4,6.01,49.6,83.7,4.0,2.0,4.0,1.0,4.0,0.0,3.0,3.0,3.0,5.0,5+/day,Pass
Male,North,B.E.,Graduate,English,4G/Good,No,5,4,19.5,70.5,4.5,3,5.28,60.4,66.7,3.0,3.0,3.0,3.0,3.0,88.0,2.0,2.0,2.0,7.0,5+/day,At-Risk
Male,Central,BCA,12th Pass,Hindi,4G/Good,No,8,4,12.2,90.2,8.2,2,3.86,43.3,28.6,5.0,4.0,3.0,1.0,4.0,13.0,3.0,3.0,3.0,7.0,5+/day,At-Risk
Female,West,BCA,12th Pass,English,3G/Moderate,Yes,8,8,25.8,73.8,6.1,2,6.76,72.9,46.0,3.0,4.0,4.0,1.0,3.0,88.0,1.0,3.0,4.0,3.0,1-3/day,At-Risk
Female,Northeast,B.Tech,Graduate,English,4G/Good,No,2,8,16.5,94.8,7.0,3,7.02,52.3,65.5,2.0,2.0,2.0,1.0,4.0,88.0,4.0,3.0,4.0,5.0,3-5/day,At-Risk
Female,South,MCA,Post-Graduate,English,3G/Moderate,Yes,9,7,26.2,76.8,5.0,0,8.0,81.2,50.0,5.0,2.0,5.0,5.0,5.0,88.0,4.0,3.0,3.0,3.0,5+/day,At-Risk
Male,South,B.E.,10th Pass,English,No Access,Yes,9,8,28.6,67.4,7.7,3,4.36,53.3,40.1,4.0,1.0,5.0,1.0,4.0,63.0,4.0,3.0,4.0,3.0,3-5/day,Fail
Male,North,MCA,Below 10th,English,4G/Good,Yes,7,4,16.0,81.6,6.0,1,4.86,41.0,42.4,3.0,4.0,5.0,4.0,5.0,88.0,2.0,4.0,3.0,5.0,5+/day,At-Risk
Female,East,B.E.,Post-Graduate,Regional,5G/Excellent,No,10,4,5.8,92.1,4.0,1,5.51,55.3,53.9,5.0,3.0,3.0,2.0,3.0,13.0,3.0,4.0,4.0,1.0,5+/day,At-Risk
Female,East,B.Com,Graduate,English,No Access,Yes,5,4,17.8,88.3,6.1,0,5.85,47.9,68.0,4.0,4.0,5.0,1.0,4.0,38.0,2.0,3.0,4.0,1.0,5+/day,Pass
Male,West,MCA,12th Pass,Hindi,3G/Moderate,No,5,5,27.4,64.1,7.7,5,4.5,53.0,33.4,4.0,3.0,1.0,5.0,5.0,38.0,3.0,4.0,2.0,5.0,1-3/day,At-Risk
Male,South,B.Com,12th Pass,Hindi,4G/Good,No,8,5,27.3,62.8,7.4,0,6.15,77.9,61.3,2.0,4.0,1.0,5.0,5.0,63.0,3.0,4.0,4.0,5.0,5+/day,At-Risk
Female,Central,B.E.,Graduate,Hindi,4G/Good,No,8,8,17.3,74.3,7.1,1,4.79,51.1,47.2,4.0,4.0,4.0,2.0,5.0,63.0,3.0,4.0,1.0,5.0,3-5/day,Fail
Male,North,B.E.,Graduate,Regional,3G/Moderate,Yes,5,6,18.9,70.2,6.4,3,7.04,53.9,61.1,4.0,3.0,4.0,3.0,5.0,88.0,4.0,4.0,2.0,7.0,5+/day,Fail
Male,Central,MCA,Post-Graduate,Regional,2G/Slow,No,6,6,16.9,71.2,6.6,2,4.47,42.4,55.0,4.0,1.0,4.0,2.0,4.0,38.0,3.0,4.0,3.0,1.0,5+/day,Fail
Female,North,M.Tech,12th Pass,Regional,4G/Good,Yes,6,4,13.8,76.5,5.7,1,6.36,88.6,53.2,5.0,2.0,4.0,1.0,2.0,38.0,4.0,3.0,3.0,1.0,1-3/day,Pass
Male,East,B.Com,10th Pass,Regional,5G/Excellent,Yes,6,5,6.0,89.1,8.2,3,6.55,45.2,63.9,5.0,3.0,5.0,1.0,4.0,88.0,3.0,4.0,4.0,5.0,5+/day,Fail
Male,South,B.Tech,12th Pass,English,No Access,No,5,7,21.6,78.7,6.4,5,5.6,45.9,63.9,3.0,3.0,3.0,3.0,3.0,88.0,2.0,2.0,2.0,7.0,5+/day,Pass
Male,South,MCA,12th Pass,Hindi,3G/Moderate,Yes,9,8,14.6,67.8,5.7,1,7.46,68.8,61.8,5.0,3.0,4.0,3.0,1.0,88.0,3.0,2.0,2.0,7.0,5+/day,Fail
Male,East,B.Tech,12th Pass,Regional,4G/Good,No,1,5,19.5,71.0,9.2,2,6.81,80.2,64.4,2.0,2.0,2.0,1.0,5.0,88.0,4.0,4.0,4.0,5.0,5+/day,Fail
Female,South,B.E.,12th Pass,Hindi,2G/Slow,No,10,4,22.7,87.3,8.4,5,6.5,43.6,65.0,4.0,2.0,2.0,1.0,4.0,88.0,3.0,3.0,2.0,5.0,5+/day,At-Risk
Male,South,B.Tech,10th Pass,Regional,3G/Moderate,Yes,3,4,24.3,80.7,6.6,1,5.99,46.3,48.0,4.0,2.0,3.0,3.0,3.0,63.0,3.0,4.0,4.0,1.0,1-3/day,At-Risk
Male,West,B.Tech,12th Pass,English,4G/Good,No,7,6,13.2,73.5,6.0,1,5.5,30.6,46.5,3.0,2.0,4.0,3.0,4.0,88.0,3.0,3.0,3.0,5.0,5+/day,Fail
Female,West,B.Com,Graduate,English,5G/Excellent,Yes,9,4,11.2,89.6,6.0,2,7.41,62.1,43.1,4.0,1.0,4.0,4.0,4.0,38.0,3.0,4.0,4.0,1.0,5+/day,Pass
Female,Northeast,B.Tech,Graduate,Regional,3G/Moderate,Yes,2,4,22.1,91.7,5.1,4,6.81,49.7,49.8,4.0,4.0,4.0,4.0,4.0,88.0,4.0,4.0,4.0,5.0,5+/day,Pass
Female,North,BCA,12th Pass,English,4G/Good,No,4,7,22.6,91.2,7.9,1,7.07,77.1,44.5,4.0,3.0,4.0,2.0,5.0,13.0,2.0,2.0,2.0,1.0,5+/day,Pass
Male,East,BCA,10th Pass,Hindi,4G/Good,Yes,8,8,14.1,80.8,9.3,1,6.79,44.8,61.8,4.0,2.0,4.0,1.0,4.0,63.0,3.0,1.0,4.0,3.0,5+/day,At-Risk
Male,East,B.Tech,12th Pass,English,5G/Excellent,No,5,7,25.0,71.2,7.4,1,6.96,80.8,72.6,4.0,1.0,5.0,2.0,4.0,63.0,3.0,3.0,3.0,3.0,3-5/day,Fail
Other,South,B.Tech,Graduate,Hindi,2G/Slow,Yes,8,6,17.7,79.3,8.8,0,4.86,65.5,58.2,5.0,3.0,5.0,4.0,2.0,13.0,3.0,3.0,3.0,5.0,5+/day,Pass
Female,East,BCA,12th Pass,Regional,4G/Good,No,2,5,12.8,73.5,7.8,0,5.86,50.7,68.3,3.0,3.0,4.0,2.0,5.0,88.0,2.0,3.0,3.0,7.0,5+/day,Fail
Male,South,B.Tech,Graduate,English,5G/Excellent,No,8,6,11.1,50.4,4.3,2,5.67,24.5,53.3,1.0,2.0,3.0,3.0,1.0,63.0,4.0,3.0,4.0,3.0,5+/day,Fail
Male,North,MCA,12th Pass,English,5G/Excellent,No,6,4,21.4,79.2,8.7,3,6.5,66.5,59.2,3.0,2.0,5.0,1.0,4.0,63.0,1.0,3.0,2.0,3.0,1-3/day,At-Risk
Male,North,B.Com,10th Pass,English,4G/Good,No,5,8,19.7,56.2,6.2,5,5.52,67.8,71.7,4.0,2.0,4.0,2.0,5.0,63.0,2.0,3.0,3.0,5.0,5+/day,Fail
Female,North,B.Tech,Graduate,Regional,4G/Good,No,2,4,20.7,73.3,6.8,0,5.8,40.0,35.2,4.0,3.0,1.0,5.0,5.0,38.0,3.0,4.0,2.0,5.0,1-3/day,At-Risk
Female,West,B.Tech,Below 10th,Hindi,4G/Good,No,7,8,10.3,75.0,5.1,2,3.99,34.4,21.4,3.0,2.0,4.0,1.0,3.0,63.0,3.0,3.0,3.0,5.0,Never,Fail
Male,West,B.E.,12th Pass,English,4G/Good,Yes,1,8,2.4,100.0,3.9,0,7.01,66.7,61.1,4.0,2.0,2.0,4.0,3.0,13.0,3.0,2.0,3.0,3.0,5+/day,Pass
Male,Central,BCA,10th Pass,English,4G/Good,No,6,8,22.3,67.8,5.6,5,5.58,47.7,63.1,2.0,4.0,4.0,5.0,4.0,13.0,4.0,3.0,3.0,1.0,5+/day,Pass
Female,West,B.Tech,Below 10th,Regional,4G/Good,No,3,5,26.4,84.8,6.9,3,6.25,82.1,43.0,2.0,3.0,3.0,2.0,1.0,63.0,1.0,4.0,3.0,7.0,3-5/day,Pass
Female,North,B.Tech,12th Pass,Regional,5G/Excellent,No,6,6,6.7,78.2,6.7,0,5.36,52.2,53.2,3.0,2.0,3.0,4.0,1.0,13.0,4.0,3.0,2.0,5.0,3-5/day,Pass
Male,Central,B.E.,12th Pass,English,4G/Good,No,1,5,15.1,87.5,7.7,4,6.4,65.2,54.7,5.0,4.0,1.0,3.0,5.0,63.0,1.0,3.0,3.0,1.0,3-5/day,Pass
Female,Northeast,B.Com,Graduate,English,4G/Good,No,1,5,36.5,74.0,6.9,3,8.83,87.8,59.1,5.0,5.0,4.0,2.0,4.0,88.0,4.0,3.0,1.0,7.0,5+/day,At-Risk
Female,South,B.E.,Graduate,Regional,5G/Excellent,No,2,5,21.9,63.1,6.7,3,5.7,34.0,55.8,2.0,2.0,4.0,1.0,4.0,13.0,3.0,1.0,4.0,7.0,5+/day,Fail
Male,East,B.E.,Graduate,Hindi,5G/Excellent,No,10,7,27.2,83.3,5.7,0,6.71,65.4,36.4,4.0,3.0,4.0,3.0,5.0,88.0,4.0,4.0,2.0,7.0,5+/day,At-Risk
Female,Central,B.Com,12th Pass,Regional,4G/Good,No,7,7,29.4,82.2,9.5,5,7.51,61.0,71.8,3.0,4.0,2.0,3.0,4.0,38.0,2.0,1.0,3.0,3.0,5+/day,Pass
Male,East,BCA,12th Pass,Hindi,4G/Good,No,4,7,14.6,84.3,9.5,0,7.74,60.8,78.5,4.0,4.0,3.0,4.0,5.0,63.0,4.0,4.0,4.0,5.0,Never,Pass
Female,Central,BCA,12th Pass,Hindi,4G/Good,Yes,4,5,34.4,78.4,6.9,1,7.8,64.1,58.1,4.0,3.0,1.0,5.0,5.0,38.0,3.0,4.0,2.0,5.0,1-3/day,Pass
Female,North,BCA,12th Pass,Hindi,3G/Moderate,No,4,4,5.8,77.7,4.4,1,3.67,39.2,53.7,3.0,4.0,5.0,3.0,1.0,38.0,1.0,3.0,3.0,5.0,5+/day,Pass
Female,North,B.Com,12th Pass,Regional,2G/Slow,No,5,7,21.6,91.7,7.1,3,8.2,64.7,76.8,4.0,3.0,4.0,2.0,3.0,88.0,1.0,2.0,3.0,5.0,5+/day,Pass
Female,South,BCA,Post-Graduate,English,4G/Good,No,2,7,20.4,90.6,4.6,1,8.5,74.5,57.6,4.0,2.0,5.0,3.0,1.0,88.0,3.0,3.0,4.0,5.0,1-3/day,Pass
Male,East,M.Tech,10th Pass,English,3G/Moderate,No,7,5,10.3,72.3,4.4,1,6.31,46.2,55.3,4.0,2.0,4.0,2.0,3.0,63.0,3.0,4.0,2.0,7.0,5+/day,Fail
Female,Northeast,BCA,Post-Graduate,English,4G/Good,No,3,6,12.8,80.2,8.0,1,5.88,68.3,62.5,5.0,4.0,3.0,2.0,4.0,88.0,1.0,3.0,3.0,3.0,5+/day,Pass
Female,Central,BCA,Below 10th,Regional,4G/Good,Yes,3,4,13.7,67.6,5.2,5,5.44,50.1,57.8,2.0,2.0,1.0,4.0,5.0,88.0,4.0,3.0,2.0,7.0,3-5/day,Fail
Male,South,B.Tech,10th Pass,Hindi,4G/Good,Yes,2,8,7.9,88.8,5.8,4,6.32,70.1,38.4,3.0,3.0,4.0,3.0,2.0,38.0,1.0,2.0,4.0,7.0,5+/day,Pass
Female,North,B.Tech,10th Pass,English,No Access,Yes,6,8,8.1,87.5,7.9,1,4.83,64.9,55.1,3.0,2.0,5.0,3.0,3.0,38.0,3.0,3.0,3.0,3.0,3-5/day,Pass
Female,Northeast,MCA,12th Pass,Hindi,2G/Slow,Yes,4,4,15.8,99.0,7.2,5,4.94,70.7,33.9,3.0,2.0,5.0,1.0,5.0,88.0,3.0,3.0,3.0,7.0,3-5/day,Fail
Male,East,B.Tech,Below 10th,English,2G/Slow,No,4,5,14.6,90.8,7.6,1,6.08,56.7,33.9,3.0,3.0,1.0,1.0,1.0,88.0,4.0,3.0,3.0,5.0,1-3/day,Pass
Female,North,BCA,Graduate,English,3G/Moderate,No,8,6,13.4,84.1,9.2,4,6.78,38.8,66.5,5.0,3.0,4.0,2.0,2.0,63.0,3.0,3.0,1.0,3.0,5+/day,Pass
Female,East,B.Tech,Graduate,English,5G/Excellent,Yes,2,6,23.8,100.0,5.7,0,9.26,84.4,73.3,4.0,1.0,4.0,2.0,4.0,38.0,3.0,4.0,3.0,1.0,5+/day,Pass
Male,West,MCA,Graduate,Hindi,3G/Moderate,Yes,7,8,12.7,86.2,7.0,3,5.39,53.2,54.0,5.0,2.0,5.0,1.0,1.0,38.0,4.0,4.0,3.0,7.0,3-5/day,At-Risk
Other,West,B.Tech,12th Pass,Hindi,3G/Moderate,Yes,2,6,19.9,88.7,8.8,2,6.79,60.9,78.5,5.0,4.0,1.0,2.0,5.0,63.0,3.0,3.0,2.0,5.0,1-3/day,Pass
Male,East,MCA,Post-Graduate,Regional,2G/Slow,Yes,6,8,18.0,60.3,5.1,0,6.12,62.8,53.5,1.0,2.0,5.0,3.0,3.0,38.0,3.0,4.0,3.0,1.0,3-5/day,At-Risk
Male,South,BCA,Graduate,Regional,4G/Good,No,5,7,15.8,91.7,6.3,4,6.74,70.4,49.2,5.0,4.0,5.0,2.0,4.0,38.0,3.0,3.0,3.0,5.0,5+/day,Pass
Male,Central,B.Tech,12th Pass,English,4G/Good,Yes,8,5,8.4,100.0,7.8,4,6.29,60.3,37.5,1.0,2.0,5.0,2.0,5.0,38.0,3.0,4.0,3.0,7.0,5+/day,At-Risk
Female,West,B.E.,Graduate,Hindi,3G/Moderate,Yes,6,6,16.8,85.4,4.7,3,5.96,53.9,69.7,4.0,2.0,4.0,2.0,5.0,63.0,2.0,3.0,3.0,5.0,5+/day,At-Risk
Female,South,B.Tech,12th Pass,English,5G/Excellent,No,7,5,13.5,91.4,6.8,1,6.89,73.3,65.8,4.0,4.0,5.0,2.0,5.0,13.0,3.0,2.0,4.0,5.0,5+/day,Pass
Male,South,B.Tech,12th Pass,English,5G/Excellent,Yes,6,7,24.7,95.3,6.1,2,8.47,89.0,74.8,2.0,3.0,2.0,3.0,1.0,13.0,1.0,3.0,1.0,1.0,1-3/day,Pass
Male,West,B.E.,10th Pass,English,3G/Moderate,No,8,4,22.5,100.0,5.1,2,6.35,79.3,67.0,4.0,2.0,4.0,1.0,4.0,63.0,3.0,1.0,4.0,3.0,5+/day,At-Risk
Female,North,B.Tech,12th Pass,English,4G/Good,No,2,4,13.9,89.3,8.3,2,6.27,67.7,77.5,2.0,5.0,2.0,5.0,5.0,63.0,2.0,2.0,3.0,3.0,3-5/day,Pass
Male,North,B.Com,Below 10th,English,4G/Good,Yes,7,4,11.7,63.0,7.9,0,5.12,42.2,38.2,5.0,1.0,4.0,4.0,5.0,88.0,3.0,2.0,4.0,3.0,3-5/day,Fail
Female,East,B.Tech,10th Pass,English,3G/Moderate,No,5,8,11.7,84.7,7.3,4,6.69,93.3,46.9,4.0,3.0,4.0,3.0,3.0,88.0,3.0,4.0,4.0,5.0,5+/day,Pass
Female,South,BCA,Graduate,Hindi,5G/Excellent,No,9,8,16.3,91.3,7.6,2,5.51,44.2,50.6,2.0,3.0,4.0,2.0,2.0,38.0,3.0,4.0,2.0,1.0,5+/day,Pass
Male,West,B.E.,Post-Graduate,English,2G/Slow,Yes,9,4,25.3,90.4,5.9,5,6.36,60.3,44.8,5.0,1.0,4.0,2.0,1.0,63.0,1.0,2.0,3.0,5.0,1-3/day,Pass
Female,North,BCA,Post-Graduate,Hindi,4G/Good,Yes,8,7,26.3,80.2,6.6,2,7.37,89.1,66.6,1.0,4.0,2.0,3.0,4.0,63.0,2.0,3.0,4.0,7.0,5+/day,Pass
Male,West,B.E.,12th Pass,English,4G/Good,No,8,8,0.0,77.6,5.3,1,4.1,46.5,38.8,3.0,3.0,4.0,1.0,2.0,63.0,3.0,3.0,4.0,3.0,5+/day,Fail
Other,South,BCA,12th Pass,English,4G/Good,No,4,4,28.6,77.7,7.7,0,7.67,100.0,72.9,4.0,1.0,5.0,4.0,5.0,38.0,3.0,1.0,2.0,7.0,5+/day,Pass
Female,North,BCA,10th Pass,English,5G/Excellent,No,8,5,17.2,80.2,5.1,5,5.4,48.9,47.8,3.0,1.0,4.0,2.0,2.0,38.0,3.0,1.0,4.0,7.0,3-5/day,At-Risk
Female,North,BCA,Graduate,English,3G/Moderate,Yes,2,4,8.4,83.6,5.8,5,6.16,51.5,60.9,3.0,2.0,4.0,1.0,4.0,63.0,4.0,4.0,2.0,7.0,5+/day,At-Risk
Male,Central,B.Tech,Below 10th,English,2G/Slow,Yes,5,4,17.6,88.5,5.0,4,5.61,59.1,45.3,2.0,1.0,4.0,4.0,4.0,38.0,3.0,3.0,2.0,5.0,5+/day,Pass
Female,Northeast,BCA,10th Pass,Hindi,4G/Good,No,4,5,12.2,86.5,6.8,3,4.5,38.2,52.5,4.0,2.0,4.0,3.0,3.0,13.0,4.0,4.0,4.0,3.0,3-5/day,At-Risk
Male,North,B.Tech,Graduate,Regional,3G/Moderate,No,5,8,29.6,76.8,6.1,1,6.12,74.1,66.7,3.0,4.0,3.0,5.0,5.0,63.0,3.0,2.0,3.0,3.0,3-5/day,Pass
Male,West,B.Tech,10th Pass,English,2G/Slow,No,5,5,13.9,67.7,7.1,1,4.69,39.9,45.1,5.0,4.0,1.0,3.0,5.0,63.0,1.0,3.0,3.0,1.0,3-5/day,Fail
Male,East,B.E.,Below 10th,English,4G/Good,Yes,5,8,11.3,86.5,5.5,1,6.65,69.6,67.5,3.0,1.0,4.0,2.0,2.0,38.0,3.0,1.0,4.0,7.0,3-5/day,Pass
Female,Central,B.E.,Graduate,Regional,3G/Moderate,No,7,7,32.7,78.5,5.4,2,6.65,68.9,54.7,5.0,1.0,3.0,5.0,5.0,38.0,4.0,3.0,3.0,1.0,5+/day,Pass
Female,South,B.E.,10th Pass,English,4G/Good,No,1,8,20.8,100.0,7.2,3,6.07,64.9,43.8,5.0,3.0,3.0,4.0,5.0,38.0,2.0,4.0,3.0,7.0,5+/day,Pass
Female,West,BCA,Below 10th,English,3G/Moderate,No,2,6,14.4,92.9,6.3,0,5.54,66.3,61.5,5.0,2.0,4.0,2.0,4.0,38.0,3.0,3.0,2.0,1.0,5+/day,At-Risk
Female,North,B.Tech,Below 10th,Hindi,2G/Slow,Yes,7,8,31.0,86.1,10.8,4,5.68,47.2,55.9,3.0,2.0,4.0,1.0,4.0,63.0,4.0,4.0,2.0,7.0,5+/day,At-Risk
Male,South,B.Tech,10th Pass,Hindi,4G/Good,No,1,6,27.2,72.9,7.5,0,6.44,62.6,73.1,5.0,3.0,4.0,4.0,4.0,88.0,3.0,3.0,3.0,3.0,5+/day,Fail
Female,Central,B.Tech,10th Pass,Hindi,No Access,No,9,8,13.7,65.8,6.7,5,3.25,34.7,23.5,4.0,2.0,1.0,3.0,5.0,38.0,4.0,3.0,4.0,7.0,5+/day,Fail
Male,East,BCA,Graduate,Hindi,5G/Excellent,Yes,3,5,12.4,82.0,8.4,1,7.28,82.6,59.7,4.0,1.0,5.0,2.0,4.0,38.0,1.0,3.0,2.0,7.0,5+/day,Pass
Female,South,BCA,10th Pass,English,3G/Moderate,No,6,8,18.7,83.8,8.0,3,6.0,62.2,49.2,3.0,2.0,4.0,2.0,2.0,13.0,3.0,3.0,3.0,1.0,5+/day,Pass
Female,North,B.Tech,Graduate,English,4G/Good,No,4,4,16.9,61.2,6.8,0,5.31,75.8,50.8,2.0,3.0,3.0,3.0,5.0,13.0,3.0,4.0,4.0,7.0,5+/day,Fail
Female,West,BCA,10th Pass,English,5G/Excellent,Yes,3,8,13.0,87.7,11.1,0,6.02,76.2,38.8,1.0,5.0,4.0,3.0,4.0,38.0,3.0,3.0,4.0,7.0,5+/day,Pass
Female,West,B.E.,12th Pass,Regional,3G/Moderate,No,8,5,17.9,82.6,8.2,1,4.92,35.8,64.9,3.0,2.0,4.0,1.0,3.0,63.0,3.0,3.0,4.0,1.0,5+/day,At-Risk
Male,South,B.E.,Graduate,Regional,4G/Good,Yes,2,5,30.2,50.0,4.8,5,7.53,67.1,62.0,2.0,2.0,2.0,1.0,4.0,88.0,4.0,3.0,4.0,5.0,3-5/day,Fail
Male,Central,B.E.,Graduate,English,5G/Excellent,No,3,8,25.3,71.7,6.0,5,6.93,66.2,34.4,1.0,2.0,5.0,2.0,5.0,38.0,3.0,4.0,3.0,7.0,5+/day,Fail
Female,North,BCA,12th Pass,English,3G/Moderate,No,8,8,20.7,72.5,3.8,1,3.69,39.4,21.6,4.0,3.0,4.0,2.0,3.0,88.0,1.0,2.0,3.0,5.0,5+/day,Fail
Male,South,BCA,Post-Graduate,English,5G/Excellent,No,3,8,15.6,67.4,4.3,0,6.87,56.6,55.5,4.0,2.0,5.0,2.0,2.0,38.0,4.0,1.0,3.0,1.0,5+/day,At-Risk
Male,Central,B.Tech,10th Pass,English,No Access,No,8,7,17.1,86.6,11.0,5,3.52,37.8,22.9,4.0,1.0,5.0,3.0,2.0,38.0,3.0,3.0,3.0,1.0,5+/day,Fail
Male,South,B.Tech,12th Pass,English,3G/Moderate,No,7,6,22.8,100.0,8.5,0,6.96,71.5,64.4,5.0,5.0,4.0,2.0,4.0,88.0,4.0,3.0,1.0,7.0,5+/day,At-Risk
Female,South,B.Tech,Graduate,Hindi,4G/Good,No,2,8,22.2,87.6,4.0,2,7.58,79.0,81.6,1.0,2.0,4.0,4.0,4.0,88.0,4.0,4.0,4.0,5.0,3-5/day,Pass
Male,East,BCA,Below 10th,Regional,3G/Moderate,No,1,8,18.5,89.6,6.5,3,7.29,54.3,53.5,5.0,1.0,5.0,4.0,2.0,38.0,4.0,3.0,3.0,3.0,5+/day,Pass
Male,Northeast,M.Tech,Below 10th,English,4G/Good,Yes,1,6,25.6,72.7,6.0,1,7.41,49.4,71.2,5.0,3.0,5.0,4.0,2.0,13.0,3.0,3.0,3.0,5.0,5+/day,At-Risk
Female,North,B.E.,10th Pass,English,5G/Excellent,Yes,2,4,9.8,88.1,10.5,4,8.76,62.4,91.2,5.0,2.0,3.0,2.0,4.0,88.0,4.0,3.0,2.0,7.0,5+/day,At-Risk
Female,Central,B.Tech,12th Pass,English,5G/Excellent,No,7,7,24.9,79.8,3.0,4,7.55,67.5,21.7,4.0,2.0,2.0,3.0,5.0,0.0,2.0,2.0,3.0,3.0,5+/day,Pass
Male,West,MCA,10th Pass,English,4G/Good,Yes,9,7,22.3,82.0,5.5,1,5.91,59.1,51.5,5.0,4.0,3.0,2.0,4.0,88.0,1.0,3.0,3.0,3.0,5+/day,At-Risk
Male,North,MCA,10th Pass,English,5G/Excellent,No,7,4,8.0,74.8,5.6,5,4.64,50.5,38.8,4.0,5.0,3.0,4.0,4.0,38.0,3.0,2.0,3.0,3.0,5+/day,At-Risk
Male,West,M.Tech,12th Pass,Regional,4G/Good,No,3,6,13.4,63.1,5.4,3,7.25,61.7,53.0,3.0,2.0,3.0,2.0,4.0,88.0,4.0,1.0,1.0,1.0,1-3/day,Fail
Male,South,BCA,12th Pass,English,3G/Moderate,Yes,8,6,28.5,93.0,6.9,5,7.89,68.0,74.8,2.0,1.0,3.0,4.0,2.0,38.0,2.0,3.0,1.0,5.0,5+/day,Pass
Male,South,M.Tech,10th Pass,Regional,4G/Good,Yes,8,5,21.7,83.9,7.8,4,7.8,52.0,57.4,4.0,3.0,4.0,1.0,4.0,13.0,1.0,2.0,2.0,1.0,3-5/day,Pass
Female,West,B.Tech,10th Pass,Hindi,4G/Good,No,9,6,17.2,79.3,5.7,2,5.15,47.8,53.6,4.0,3.0,2.0,3.0,3.0,88.0,4.0,2.0,4.0,5.0,3-5/day,At-Risk
Female,Central,B.Tech,12th Pass,Hindi,4G/Good,No,9,7,20.3,100.0,6.4,1,4.87,57.6,52.4,4.0,3.0,4.0,4.0,4.0,63.0,4.0,4.0,4.0,3.0,1-3/day,At-Risk
Female,North,B.Tech,Post-Graduate,English,4G/Good,Yes,9,5,18.1,70.0,5.1,4,6.17,55.7,50.2,1.0,4.0,2.0,3.0,4.0,63.0,2.0,3.0,4.0,7.0,5+/day,At-Risk
Male,South,BCA,Graduate,Hindi,4G/Good,No,4,8,20.5,89.7,5.2,4,6.52,41.0,80.2,4.0,2.0,4.0,2.0,5.0,63.0,2.0,3.0,3.0,5.0,5+/day,At-Risk
Female,East,B.Tech,Graduate,Hindi,4G/Good,No,10,8,24.6,100.0,7.1,5,5.96,78.2,76.2,4.0,2.0,5.0,3.0,1.0,63.0,4.0,4.0,4.0,7.0,5+/day,Pass
Male,South,B.E.,10th Pass,English,5G/Excellent,No,4,8,30.7,87.0,7.4,1,5.86,45.4,22.0,3.0,4.0,5.0,4.0,5.0,63.0,1.0,3.0,3.0,3.0,5+/day,Pass
Other,South,B.E.,10th Pass,English,4G/Good,No,2,5,11.2,68.1,3.7,3,5.52,56.2,61.5,4.0,2.0,1.0,3.0,5.0,38.0,4.0,3.0,4.0,7.0,5+/day,Fail
Female,North,B.Tech,12th Pass,Regional,3G/Moderate,Yes,8,7,26.2,93.7,5.4,5,6.72,66.7,62.9,3.0,4.0,4.0,3.0,2.0,63.0,1.0,4.0,4.0,7.0,5+/day,Pass
Male,West,M.Tech,Graduate,English,4G/Good,No,2,6,15.4,75.5,6.0,1,5.66,72.9,38.8,5.0,3.0,5.0,4.0,2.0,13.0,3.0,3.0,3.0,5.0,5+/day,Pass
Female,South,B.Tech,12th Pass,English,3G/Moderate,Yes,3,5,9.4,74.6,5.9,0,6.64,60.5,60.2,5.0,2.0,3.0,2.0,3.0,63.0,4.0,3.0,3.0,7.0,5+/day,Fail
Male,North,B.E.,Graduate,English,5G/Excellent,Yes,9,7,27.2,71.2,6.1,4,6.67,66.2,73.0,4.0,3.0,2.0,3.0,3.0,88.0,4.0,2.0,4.0,5.0,3-5/day,At-Risk
Female,Northeast,MCA,Post-Graduate,English,2G/Slow,Yes,2,6,13.2,100.0,3.0,0,6.57,55.3,54.2,3.0,2.0,5.0,1.0,4.0,63.0,1.0,3.0,2.0,3.0,1-3/day,At-Risk
Male,Northeast,B.Tech,Below 10th,English,3G/Moderate,Yes,1,4,25.0,77.1,8.1,3,8.27,67.3,60.8,3.0,3.0,4.0,1.0,4.0,63.0,3.0,1.0,4.0,7.0,1-3/day,Pass
Male,East,BCA,Below 10th,English,2G/Slow,No,5,7,25.6,71.0,6.4,0,4.32,43.7,45.5,4.0,3.0,4.0,1.0,4.0,13.0,1.0,2.0,2.0,1.0,3-5/day,Fail
Female,South,MCA,Below 10th,Hindi,2G/Slow,Yes,7,4,31.6,97.0,10.7,3,4.9,63.0,51.3,2.0,2.0,4.0,1.0,4.0,13.0,3.0,1.0,4.0,7.0,5+/day,At-Risk
Male,West,B.Com,10th Pass,English,4G/Good,No,4,8,26.6,62.9,7.4,1,6.99,75.3,62.4,1.0,4.0,2.0,3.0,4.0,63.0,2.0,3.0,4.0,7.0,5+/day,At-Risk
Female,South,M.Tech,Below 10th,Regional,4G/Good,No,4,8,27.1,82.8,7.1,2,5.97,48.6,60.3,4.0,2.0,4.0,1.0,4.0,63.0,3.0,1.0,4.0,3.0,5+/day,At-Risk
Male,North,B.Tech,Graduate,Hindi,5G/Excellent,No,3,7,26.3,73.8,5.2,2,7.48,72.2,51.5,3.0,4.0,4.0,2.0,4.0,13.0,2.0,3.0,4.0,7.0,5+/day,At-Risk
Female,West,BCA,Below 10th,English,4G/Good,No,6,4,19.6,89.3,5.6,1,4.98,52.6,59.9,5.0,1.0,4.0,2.0,1.0,88.0,3.0,2.0,3.0,5.0,5+/day,At-Risk
Female,North,B.Tech,10th Pass,Hindi,3G/Moderate,No,8,5,27.5,76.9,7.7,5,6.44,58.2,64.7,5.0,3.0,4.0,3.0,1.0,38.0,2.0,4.0,2.0,5.0,5+/day,Pass
Male,North,B.Tech,10th Pass,Hindi,4G/Good,Yes,2,6,16.2,65.1,6.1,4,5.86,40.7,66.6,1.0,2.0,4.0,4.0,4.0,88.0,4.0,4.0,4.0,5.0,3-5/day,Fail
Male,North,B.Tech,Post-Graduate,Hindi,4G/Good,No,6,8,13.6,83.7,5.5,3,6.01,60.5,38.1,5.0,3.0,4.0,3.0,1.0,88.0,3.0,2.0,2.0,7.0,5+/day,Pass
Male,North,B.Tech,Graduate,Hindi,4G/Good,Yes,8,8,22.2,76.5,9.3,0,7.31,71.6,79.3,4.0,1.0,5.0,2.0,4.0,88.0,3.0,4.0,4.0,5.0,5+/day,At-Risk
Male,North,M.Tech,Post-Graduate,Hindi,4G/Good,No,1,8,26.7,92.1,7.1,2,7.96,67.8,74.2,5.0,2.0,1.0,1.0,5.0,88.0,4.0,3.0,1.0,5.0,3-5/day,Pass
Male,Central,B.Tech,Post-Graduate,English,3G/Moderate,Yes,4,8,16.8,82.8,7.7,0,7.99,67.5,51.6,4.0,2.0,4.0,3.0,3.0,13.0,4.0,4.0,4.0,3.0,3-5/day,Pass
Female,South,BCA,12th Pass,Hindi,4G/Good,No,1,7,15.2,100.0,6.0,0,7.5,90.6,62.4,4.0,3.0,4.0,5.0,3.0,38.0,2.0,2.0,4.0,7.0,3-5/day,Pass
Female,North,B.E.,10th Pass,English,4G/Good,Yes,4,7,7.9,75.3,8.3,0,6.7,57.5,64.5,3.0,2.0,5.0,3.0,4.0,38.0,3.0,3.0,2.0,1.0,5+/day,Pass
Female,North,B.E.,10th Pass,Hindi,4G/Good,Yes,9,4,12.2,96.1,5.7,5,6.11,70.2,77.9,4.0,3.0,4.0,3.0,3.0,88.0,3.0,4.0,4.0,5.0,5+/day,At-Risk
Female,Central,B.Com,10th Pass,English,5G/Excellent,No,6,5,13.1,77.8,8.3,4,5.82,52.7,42.2,4.0,2.0,5.0,2.0,2.0,38.0,4.0,1.0,3.0,1.0,5+/day,At-Risk
Female,East,B.Tech,Graduate,Regional,4G/Good,No,6,4,26.6,80.5,5.8,2,5.57,55.0,98.1,5.0,4.0,1.0,3.0,5.0,63.0,1.0,3.0,3.0,1.0,3-5/day,Pass
Female,South,BCA,Below 10th,Hindi,4G/Good,Yes,5,5,15.2,91.1,9.0,0,7.1,62.1,57.6,4.0,2.0,3.0,1.0,5.0,38.0,3.0,3.0,2.0,3.0,5+/day,At-Risk
Male,Northeast,B.E.,Below 10th,Hindi,4G/Good,No,3,7,21.4,70.7,8.5,0,3.82,41.4,22.8,3.0,4.0,5.0,3.0,4.0,63.0,2.0,4.0,3.0,3.0,3-5/day,Fail
Female,South,B.Tech,12th Pass,Regional,2G/Slow,Yes,2,8,7.5,96.3,5.9,5,3.96,29.3,49.2,2.0,1.0,2.0,2.0,5.0,63.0,4.0,4.0,3.0,1.0,3-5/day,At-Risk
Female,South,B.E.,12th Pass,Regional,4G/Good,No,9,4,27.1,90.3,9.9,2,6.16,67.7,49.4,5.0,2.0,5.0,5.0,5.0,88.0,4.0,3.0,3.0,3.0,5+/day,At-Risk
Female,North,MCA,Graduate,Hindi,4G/Good,No,9,5,19.6,91.5,6.7,5,5.24,45.6,23.6,3.0,3.0,4.0,1.0,4.0,88.0,2.0,4.0,3.0,1.0,3-5/day,At-Risk
Male,South,B.Tech,10th Pass,English,4G/Good,Yes,7,6,8.5,93.2,9.1,0,6.16,43.1,73.0,2.0,2.0,2.0,1.0,5.0,88.0,4.0,4.0,4.0,5.0,5+/day,At-Risk
Male,South,B.Tech,Graduate,Regional,4G/Good,No,2,5,14.4,88.9,4.8,3,5.73,67.3,57.8,5.0,2.0,3.0,2.0,3.0,63.0,4.0,3.0,3.0,7.0,5+/day,At-Risk
Male,West,B.Tech,12th Pass,Hindi,5G/Excellent,Yes,4,4,12.6,90.2,7.6,2,7.21,85.1,84.9,4.0,2.0,5.0,3.0,1.0,38.0,1.0,3.0,3.0,3.0,3-5/day,Pass
Female,South,MCA,Below 10th,Hindi,No Access,Yes,8,7,19.6,97.8,7.1,0,4.41,46.1,43.4,4.0,4.0,3.0,2.0,4.0,38.0,3.0,3.0,3.0,1.0,3-5/day,Pass
Female,East,BCA,Graduate,Regional,3G/Moderate,No,10,8,15.5,82.1,5.9,4,4.64,51.3,33.9,4.0,3.0,4.0,2.0,5.0,13.0,2.0,2.0,2.0,1.0,5+/day,At-Risk
Male,North,BCA,Post-Graduate,English,5G/Excellent,No,6,6,15.9,79.9,7.9,5,6.14,69.6,40.6,4.0,1.0,4.0,2.0,4.0,38.0,3.0,2.0,3.0,5.0,3-5/day,At-Risk
Other,North,B.E.,Below 10th,English,5G/Excellent,No,5,4,12.1,87.8,8.5,3,6.99,53.9,44.2,4.0,4.0,4.0,3.0,3.0,88.0,4.0,3.0,3.0,3.0,5+/day,Pass
Male,South,M.Tech,10th Pass,Hindi,4G/Good,Yes,10,7,9.4,83.2,7.3,5,4.13,46.8,52.8,4.0,4.0,4.0,4.0,4.0,88.0,4.0,4.0,4.0,5.0,5+/day,At-Risk
Male,Central,MCA,12th Pass,Regional,5G/Excellent,No,2,5,23.7,93.2,7.1,1,7.65,84.8,71.2,3.0,2.0,4.0,3.0,4.0,88.0,3.0,3.0,3.0,5.0,5+/day,Pass
Male,South,MCA,Below 10th,English,3G/Moderate,No,1,7,25.0,100.0,6.9,4,5.76,56.4,41.4,3.0,4.0,3.0,5.0,5.0,63.0,3.0,2.0,3.0,3.0,3-5/day,Pass
Female,West,MCA,Graduate,Hindi,3G/Moderate,No,1,7,13.3,70.7,7.3,1,4.98,46.4,41.5,3.0,1.0,4.0,1.0,4.0,63.0,3.0,3.0,4.0,5.0,5+/day,Fail
Female,South,BCA,10th Pass,Hindi,5G/Excellent,Yes,1,8,21.5,83.2,7.7,1,6.76,63.7,79.6,3.0,2.0,5.0,1.0,4.0,63.0,1.0,3.0,2.0,3.0,1-3/day,Pass
Male,North,B.E.,Graduate,Hindi,5G/Excellent,No,6,4,11.7,69.2,7.6,0,5.31,42.7,57.3,5.0,3.0,3.0,4.0,5.0,38.0,2.0,4.0,3.0,7.0,5+/day,Fail
Female,North,M.Tech,Graduate,Regional,3G/Moderate,No,4,7,23.5,79.5,7.4,3,6.97,83.2,77.1,5.0,2.0,2.0,3.0,3.0,63.0,4.0,3.0,3.0,5.0,3-5/day,Pass
Male,South,B.Com,12th Pass,English,2G/Slow,No,9,5,17.1,80.2,5.8,5,4.16,55.9,50.3,4.0,2.0,2.0,2.0,4.0,38.0,2.0,3.0,2.0,7.0,5+/day,At-Risk
Female,North,B.Tech,10th Pass,Hindi,2G/Slow,Yes,9,5,12.8,77.3,8.0,0,4.38,52.6,56.9,1.0,1.0,3.0,4.0,4.0,38.0,1.0,3.0,4.0,7.0,5+/day,At-Risk
Female,North,B.Tech,10th Pass,Regional,3G/Moderate,No,3,8,10.8,92.9,7.4,4,6.51,62.7,61.5,5.0,3.0,5.0,1.0,4.0,88.0,3.0,4.0,4.0,5.0,5+/day,At-Risk
Female,West,B.Com,Below 10th,English,4G/Good,No,6,7,25.6,86.3,7.1,5,6.27,57.1,25.3,4.0,3.0,4.0,4.0,4.0,63.0,4.0,4.0,4.0,3.0,1-3/day,At-Risk
Male,North,B.Tech,10th Pass,English,4G/Good,No,6,5,8.3,74.8,6.2,1,4.29,37.6,60.4,5.0,3.0,4.0,2.0,2.0,63.0,3.0,3.0,1.0,3.0,5+/day,Fail
Female,East,M.Tech,10th Pass,English,4G/Good,No,10,5,17.5,92.9,8.0,0,6.76,51.6,56.8,3.0,3.0,1.0,1.0,1.0,88.0,4.0,3.0,3.0,5.0,1-3/day,Pass
Female,South,B.E.,Graduate,Regional,4G/Good,Yes,10,8,4.6,80.6,3.4,4,4.32,59.1,43.2,3.0,2.0,3.0,2.0,1.0,63.0,2.0,4.0,2.0,7.0,3-5/day,At-Risk
Male,East,B.Tech,10th Pass,English,5G/Excellent,Yes,1,7,11.3,75.6,6.4,4,5.87,67.1,48.8,3.0,5.0,4.0,3.0,5.0,88.0,4.0,3.0,3.0,5.0,3-5/day,Pass
Female,East,B.Tech,Graduate,English,2G/Slow,No,9,8,9.1,69.8,5.9,5,3.42,27.5,39.5,3.0,4.0,4.0,2.0,4.0,13.0,2.0,3.0,4.0,7.0,5+/day,Fail
Male,South,B.Tech,12th Pass,English,4G/Good,Yes,4,7,0.9,64.4,5.8,1,5.67,52.5,42.4,5.0,2.0,3.0,2.0,4.0,88.0,4.0,3.0,2.0,7.0,5+/day,Fail
Female,South,B.Tech,Graduate,Hindi,5G/Excellent,No,6,5,14.3,76.4,6.1,5,6.63,58.6,83.7,3.0,4.0,4.0,3.0,5.0,38.0,2.0,2.0,3.0,7.0,5+/day,Pass
Male,West,B.E.,Post-Graduate,Hindi,3G/Moderate,No,10,4,15.7,82.7,5.0,5,4.18,52.0,46.3,3.0,2.0,3.0,2.0,4.0,63.0,4.0,3.0,3.0,5.0,5+/day,At-Risk
Female,Northeast,BCA,10th Pass,Regional,5G/Excellent,Yes,8,5,9.8,93.1,6.0,5,4.64,59.8,38.3,4.0,1.0,4.0,4.0,4.0,38.0,3.0,4.0,4.0,1.0,5+/day,At-Risk
Female,North,B.Com,Graduate,English,4G/Good,No,1,4,13.7,57.5,4.7,0,7.95,60.5,57.4,4.0,2.0,5.0,3.0,3.0,63.0,4.0,3.0,3.0,1.0,1-3/day,Fail
Male,North,B.E.,12th Pass,Hindi,No Access,No,8,7,16.4,100.0,7.1,3,4.52,38.1,41.4,4.0,2.0,1.0,2.0,5.0,88.0,1.0,4.0,2.0,1.0,5+/day,At-Risk
Male,Central,B.E.,Graduate,Hindi,3G/Moderate,No,6,7,4.7,72.8,7.9,4,5.2,45.4,58.5,3.0,1.0,4.0,2.0,2.0,38.0,3.0,1.0,4.0,7.0,3-5/day,Fail
Male,South,B.E.,Graduate,English,4G/Good,No,1,6,18.2,77.4,8.1,0,7.05,61.7,88.0,4.0,2.0,3.0,3.0,4.0,88.0,3.0,4.0,4.0,1.0,5+/day,Pass
Male,East,B.E.,12th Pass,English,4G/Good,Yes,9,7,22.2,77.8,7.3,5,7.42,43.7,57.6,2.0,3.0,3.0,3.0,5.0,13.0,3.0,4.0,4.0,7.0,5+/day,Pass
Male,South,B.E.,10th Pass,Regional,4G/Good,No,9,7,20.1,74.4,5.7,3,5.52,27.5,65.1,4.0,1.0,5.0,2.0,4.0,88.0,3.0,4.0,4.0,5.0,5+/day,Fail
Female,North,B.Tech,Below 10th,Hindi,3G/Moderate,No,10,6,20.2,78.3,4.8,1,4.94,51.1,50.4,4.0,2.0,3.0,2.0,5.0,38.0,3.0,2.0,2.0,5.0,5+/day,Fail
Male,East,B.Tech,12th Pass,Hindi,4G/Good,No,8,4,16.9,79.1,5.5,5,4.77,51.2,28.1,3.0,3.0,3.0,3.0,3.0,88.0,2.0,2.0,2.0,7.0,5+/day,At-Risk
Male,East,B.Tech,Post-Graduate,English,3G/Moderate,Yes,7,7,20.4,80.2,6.0,3,9.03,77.9,75.0,3.0,3.0,4.0,1.0,5.0,63.0,3.0,2.0,4.0,3.0,5+/day,Pass
Female,North,B.Tech,Graduate,Regional,4G/Good,Yes,1,8,25.5,100.0,5.6,1,6.98,77.7,68.7,4.0,2.0,2.0,1.0,4.0,88.0,3.0,3.0,2.0,5.0,5+/day,Pass
Male,South,BCA,10th Pass,Hindi,4G/Good,No,1,7,35.6,73.2,10.1,5,7.79,49.7,74.9,3.0,2.0,3.0,4.0,1.0,13.0,4.0,3.0,2.0,5.0,3-5/day,Pass
Female,West,B.Tech,Graduate,Regional,4G/Good,Yes,8,7,10.8,100.0,7.6,4,6.43,80.7,67.3,4.0,2.0,1.0,3.0,5.0,38.0,4.0,3.0,4.0,7.0,5+/day,Pass
Female,East,M.Tech,Graduate,Regional,2G/Slow,No,10,5,12.2,88.5,7.4,2,4.79,47.1,39.1,5.0,4.0,3.0,1.0,4.0,13.0,3.0,3.0,3.0,7.0,5+/day,At-Risk
Female,North,B.Com,10th Pass,Regional,3G/Moderate,Yes,8,7,11.2,63.4,7.0,2,6.18,58.5,66.6,2.0,1.0,2.0,2.0,5.0,63.0,4.0,4.0,3.0,1.0,3-5/day,Fail
Female,East,B.Com,Below 10th,Regional,3G/Moderate,Yes,1,7,26.9,72.0,5.7,4,6.25,62.9,31.6,4.0,3.0,4.0,1.0,4.0,38.0,2.0,3.0,4.0,7.0,3-5/day,Fail
Female,West,B.Com,Below 10th,English,2G/Slow,Yes,8,8,28.9,70.6,6.7,3,6.22,46.5,62.5,4.0,2.0,4.0,1.0,4.0,88.0,2.0,4.0,3.0,5.0,5+/day,Fail
Male,West,B.Tech,Graduate,Regional,3G/Moderate,Yes,8,6,23.3,81.7,7.5,2,6.04,51.9,40.1,4.0,1.0,4.0,4.0,4.0,38.0,3.0,4.0,4.0,1.0,5+/day,At-Risk
Male,West,B.E.,Graduate,English,4G/Good,No,10,6,8.7,97.8,7.9,5,5.94,74.2,70.9,4.0,4.0,5.0,2.0,3.0,38.0,2.0,3.0,3.0,3.0,5+/day,Pass
Male,North,B.Tech,10th Pass,Regional,4G/Good,No,10,6,15.9,91.8,6.9,1,4.71,53.4,53.3,1.0,1.0,3.0,4.0,4.0,38.0,1.0,3.0,4.0,7.0,5+/day,Pass
Female,West,MCA,10th Pass,English,4G/Good,Yes,3,5,20.4,69.8,7.6,4,6.31,58.1,39.1,4.0,2.0,4.0,1.0,2.0,88.0,4.0,3.0,3.0,7.0,1-3/day,Fail
Male,West,M.Tech,Graduate,Hindi,4G/Good,Yes,1,7,20.4,96.6,5.8,0,7.48,50.7,67.6,5.0,4.0,2.0,3.0,3.0,88.0,3.0,1.0,3.0,3.0,5+/day,Pass
Female,North,M.Tech,Post-Graduate,English,2G/Slow,Yes,3,4,31.6,69.5,4.1,2,5.95,40.9,58.5,5.0,3.0,5.0,2.0,4.0,88.0,3.0,3.0,3.0,5.0,5+/day,Fail
Other,South,B.E.,Graduate,Regional,5G/Excellent,Yes,8,4,25.4,71.3,8.5,3,6.69,56.2,56.9,2.0,2.0,1.0,4.0,5.0,88.0,4.0,3.0,2.0,7.0,3-5/day,At-Risk
Female,South,MCA,12th Pass,English,3G/Moderate,No,8,8,25.1,94.6,5.6,4,5.05,51.4,53.6,3.0,4.0,5.0,4.0,5.0,63.0,1.0,3.0,3.0,3.0,5+/day,Pass
Female,West,B.Tech,10th Pass,English,4G/Good,No,7,5,15.1,94.3,5.6,5,4.17,56.5,50.2,5.0,4.0,3.0,1.0,4.0,13.0,3.0,3.0,3.0,7.0,5+/day,At-Risk
Male,North,B.Tech,12th Pass,Regional,5G/Excellent,No,2,5,20.9,91.8,5.2,2,6.74,72.8,51.6,4.0,2.0,5.0,2.0,2.0,38.0,4.0,1.0,3.0,1.0,5+/day,Pass
Female,East,MCA,10th Pass,Hindi,4G/Good,No,5,7,6.5,82.2,7.0,2,3.77,55.5,25.9,5.0,3.0,4.0,5.0,3.0,63.0,4.0,4.0,4.0,5.0,3-5/day,At-Risk
Female,Central,B.E.,Graduate,English,3G/Moderate,No,10,4,18.6,81.1,5.7,4,6.6,58.2,45.3,5.0,4.0,4.0,1.0,4.0,63.0,4.0,3.0,2.0,1.0,5+/day,At-Risk
Male,West,B.Com,10th Pass,English,3G/Moderate,No,8,5,19.2,67.9,8.7,0,4.84,34.5,46.4,4.0,4.0,5.0,2.0,3.0,38.0,2.0,3.0,3.0,3.0,5+/day,Fail
Male,Central,B.Tech,Graduate,English,No Access,No,3,8,9.2,81.9,8.7,4,6.06,49.1,68.4,4.0,2.0,3.0,3.0,4.0,63.0,2.0,4.0,3.0,3.0,5+/day,At-Risk
Female,Central,M.Tech,10th Pass,Hindi,4G/Good,No,6,4,15.9,73.9,7.1,0,6.55,62.1,46.2,3.0,4.0,5.0,3.0,4.0,63.0,2.0,4.0,3.0,3.0,3-5/day,Fail
Female,North,B.E.,Graduate,Regional,4G/Good,No,2,5,28.3,79.9,5.5,4,7.5,72.4,56.6,4.0,4.0,4.0,2.0,5.0,63.0,3.0,4.0,1.0,5.0,3-5/day,Pass
Female,West,MCA,10th Pass,Hindi,4G/Good,Yes,8,7,17.7,100.0,9.3,1,5.13,38.9,58.3,2.0,3.0,2.0,2.0,5.0,63.0,3.0,3.0,4.0,3.0,5+/day,At-Risk
Female,South,MCA,12th Pass,English,No Access,No,9,7,22.4,85.9,8.2,1,6.41,54.8,57.5,4.0,2.0,3.0,2.0,5.0,88.0,2.0,3.0,3.0,7.0,3-5/day,Fail
Female,Northeast,B.Com,12th Pass,English,5G/Excellent,No,1,7,34.7,68.7,5.5,4,8.24,61.7,40.6,5.0,2.0,3.0,2.0,4.0,88.0,4.0,3.0,2.0,7.0,5+/day,Fail
Male,South,B.Tech,Below 10th,Regional,4G/Good,No,4,7,14.8,96.9,7.1,5,6.2,82.8,60.5,1.0,2.0,5.0,2.0,5.0,38.0,3.0,4.0,3.0,7.0,5+/day,Pass
Male,Central,B.Com,Post-Graduate,English,2G/Slow,Yes,6,4,24.0,98.1,6.9,0,6.6,70.6,56.6,1.0,2.0,4.0,4.0,4.0,88.0,4.0,4.0,4.0,5.0,3-5/day,Pass
Male,East,B.Tech,12th Pass,Hindi,3G/Moderate,No,2,4,16.7,99.2,7.4,5,6.3,56.1,43.1,3.0,2.0,5.0,3.0,3.0,38.0,3.0,3.0,3.0,3.0,3-5/day,Pass
Male,West,B.Tech,12th Pass,English,4G/Good,No,6,5,25.7,76.3,6.7,2,5.33,47.6,40.5,3.0,3.0,4.0,1.0,2.0,63.0,3.0,3.0,4.0,3.0,5+/day,At-Risk
Female,North,B.E.,Graduate,Regional,4G/Good,Yes,7,8,17.7,80.7,6.5,4,5.25,71.1,55.9,4.0,2.0,4.0,3.0,3.0,13.0,4.0,4.0,4.0,3.0,3-5/day,Pass
Female,North,MCA,Graduate,Regional,2G/Slow,No,6,6,25.4,66.9,10.9,5,6.83,51.7,70.9,3.0,4.0,4.0,3.0,5.0,38.0,2.0,2.0,3.0,7.0,5+/day,At-Risk
Female,West,B.E.,12th Pass,English,2G/Slow,No,10,6,27.6,100.0,7.4,5,6.33,58.2,44.2,3.0,4.0,4.0,1.0,3.0,88.0,1.0,3.0,4.0,3.0,1-3/day,Pass
Male,North,MCA,Post-Graduate,Hindi,4G/Good,Yes,10,7,16.6,83.5,5.5,2,5.42,43.5,53.0,1.0,3.0,4.0,3.0,4.0,38.0,2.0,3.0,3.0,3.0,1-3/day,Pass
Female,Northeast,BCA,Below 10th,Hindi,3G/Moderate,No,8,5,25.4,65.6,5.9,4,4.38,37.9,40.7,3.0,1.0,4.0,1.0,4.0,63.0,3.0,3.0,4.0,5.0,5+/day,Fail
Female,North,B.Tech,Below 10th,English,3G/Moderate,Yes,5,6,6.0,100.0,9.3,5,6.99,69.0,54.7,5.0,4.0,1.0,2.0,5.0,63.0,3.0,3.0,2.0,5.0,1-3/day,Pass
Female,West,B.Com,12th Pass,English,5G/Excellent,No,3,6,18.9,73.9,6.1,3,7.6,42.0,70.3,4.0,2.0,1.0,2.0,5.0,88.0,1.0,4.0,2.0,1.0,5+/day,Fail
Female,South,B.Tech,10th Pass,Hindi,4G/Good,No,2,6,27.2,77.3,5.2,0,5.88,76.4,51.8,5.0,4.0,1.0,2.0,5.0,63.0,3.0,3.0,2.0,5.0,1-3/day,Pass
Male,East,M.Tech,12th Pass,English,4G/Good,No,2,6,34.7,69.4,6.7,3,7.12,72.6,61.0,2.0,2.0,3.0,2.0,3.0,63.0,3.0,3.0,2.0,7.0,5+/day,At-Risk
Male,West,B.Tech,10th Pass,Regional,4G/Good,No,2,6,9.2,67.5,6.3,5,5.39,50.8,61.3,4.0,1.0,5.0,3.0,2.0,38.0,3.0,3.0,3.0,1.0,5+/day,Fail
Male,South,B.E.,12th Pass,English,4G/Good,No,10,5,10.1,86.7,8.7,5,5.84,42.8,46.0,3.0,1.0,4.0,1.0,4.0,63.0,3.0,3.0,4.0,5.0,5+/day,Fail
Male,North,B.E.,Graduate,English,4G/Good,No,5,6,14.3,73.6,9.0,3,5.41,27.1,40.5,4.0,2.0,3.0,1.0,5.0,38.0,2.0,4.0,3.0,1.0,3-5/day,Fail
Male,North,B.Tech,12th Pass,English,5G/Excellent,Yes,10,6,19.2,63.7,6.2,5,4.95,47.6,70.8,1.0,2.0,5.0,1.0,5.0,13.0,3.0,3.0,3.0,3.0,5+/day,Fail
Female,East,B.E.,Post-Graduate,English,3G/Moderate,No,4,5,13.5,93.9,7.9,5,6.15,51.3,71.9,3.0,4.0,5.0,4.0,5.0,88.0,2.0,4.0,3.0,5.0,5+/day,Pass
Female,East,B.Tech,Graduate,Hindi,3G/Moderate,Yes,2,4,24.3,88.0,6.4,0,6.42,56.7,57.4,4.0,3.0,4.0,5.0,3.0,38.0,2.0,2.0,4.0,7.0,3-5/day,Pass
Female,West,B.Tech,10th Pass,English,2G/Slow,Yes,5,4,16.0,100.0,5.4,4,6.23,58.8,45.7,2.0,2.0,5.0,3.0,5.0,38.0,4.0,2.0,3.0,3.0,5+/day,Pass
Female,East,B.Tech,10th Pass,Hindi,4G/Good,No,7,4,13.0,77.5,9.3,0,4.11,53.7,61.5,5.0,2.0,3.0,1.0,4.0,13.0,3.0,2.0,4.0,5.0,5+/day,Fail
Male,South,B.E.,10th Pass,Regional,4G/Good,No,5,6,10.7,82.5,9.6,0,6.76,70.8,57.1,3.0,2.0,4.0,3.0,4.0,88.0,3.0,3.0,3.0,5.0,5+/day,At-Risk
Female,South,MCA,Graduate,Regional,2G/Slow,No,8,5,18.4,84.5,7.2,1,3.98,46.8,37.9,4.0,2.0,4.0,2.0,5.0,63.0,2.0,3.0,3.0,5.0,5+/day,Fail
Male,North,BCA,Below 10th,English,4G/Good,Yes,6,4,21.2,83.7,5.7,1,4.95,65.8,69.4,4.0,2.0,4.0,1.0,4.0,0.0,3.0,3.0,3.0,5.0,5+/day,At-Risk
Male,South,M.Tech,10th Pass,Regional,3G/Moderate,Yes,9,7,24.4,85.0,5.2,5,6.85,61.1,55.2,4.0,2.0,4.0,1.0,4.0,63.0,3.0,1.0,4.0,3.0,5+/day,At-Risk
Male,Central,BCA,Post-Graduate,English,3G/Moderate,No,10,7,15.3,78.1,7.6,2,5.47,55.0,56.1,3.0,2.0,5.0,2.0,4.0,63.0,4.0,3.0,3.0,5.0,5+/day,At-Risk
Male,Northeast,BCA,12th Pass,Hindi,5G/Excellent,Yes,5,5,21.3,60.4,8.6,0,5.61,71.9,43.8,4.0,2.0,3.0,2.0,5.0,38.0,3.0,2.0,2.0,5.0,5+/day,Fail
Male,South,BCA,10th Pass,English,4G/Good,Yes,8,6,29.0,85.5,6.9,3,7.03,85.9,54.8,3.0,2.0,4.0,1.0,3.0,63.0,3.0,3.0,3.0,5.0,Never,Pass
Male,East,B.E.,10th Pass,English,No Access,No,6,4,26.6,88.9,8.3,3,6.78,64.4,69.0,3.0,1.0,4.0,1.0,4.0,63.0,3.0,3.0,4.0,5.0,5+/day,At-Risk
Male,Northeast,BCA,Graduate,Regional,3G/Moderate,No,7,6,15.1,78.0,6.4,1,5.09,48.1,55.4,4.0,3.0,4.0,1.0,4.0,63.0,3.0,3.0,4.0,5.0,3-5/day,Fail
Other,South,B.Tech,Graduate,English,No Access,Yes,8,4,22.8,100.0,5.8,5,7.0,79.9,83.6,5.0,2.0,3.0,2.0,3.0,63.0,4.0,3.0,3.0,7.0,5+/day,Pass
Male,North,M.Tech,10th Pass,Hindi,4G/Good,Yes,4,8,16.7,76.3,7.1,0,5.41,52.8,68.0,4.0,1.0,5.0,2.0,5.0,38.0,4.0,4.0,2.0,3.0,1-3/day,At-Risk
Male,North,MCA,12th Pass,English,4G/Good,No,4,8,14.9,74.5,3.7,4,5.92,52.6,78.6,5.0,2.0,4.0,2.0,4.0,38.0,3.0,3.0,2.0,1.0,5+/day,Fail
Male,East,B.Tech,Graduate,Regional,5G/Excellent,No,6,6,11.5,87.3,6.0,5,5.52,52.1,76.3,3.0,1.0,4.0,1.0,5.0,88.0,4.0,3.0,4.0,1.0,3-5/day,Fail
Female,Central,MCA,Graduate,Regional,4G/Good,Yes,2,7,30.4,84.8,7.9,1,7.84,82.4,58.8,2.0,4.0,5.0,4.0,5.0,13.0,3.0,2.0,3.0,1.0,5+/day,Pass
Male,West,B.Tech,Graduate,English,4G/Good,No,9,6,13.1,63.1,3.1,1,4.92,49.6,35.5,4.0,3.0,3.0,1.0,1.0,63.0,4.0,3.0,3.0,5.0,5+/day,Fail
Male,North,B.Tech,12th Pass,Hindi,5G/Excellent,Yes,8,4,16.9,91.6,4.8,5,5.18,49.2,72.8,3.0,2.0,4.0,1.0,4.0,63.0,4.0,4.0,2.0,7.0,5+/day,At-Risk
Male,North,B.Tech,Post-Graduate,Hindi,4G/Good,No,2,6,4.7,76.5,6.5,3,6.26,49.1,47.8,5.0,2.0,4.0,3.0,4.0,63.0,4.0,3.0,3.0,5.0,5+/day,At-Risk
Male,West,MCA,10th Pass,Hindi,3G/Moderate,Yes,1,6,25.7,96.9,4.9,5,7.87,64.2,67.8,5.0,4.0,4.0,4.0,4.0,38.0,3.0,1.0,3.0,7.0,5+/day,Pass
Male,Northeast,MCA,10th Pass,Hindi,4G/Good,No,10,4,17.8,86.8,6.0,5,4.0,50.2,40.3,5.0,4.0,2.0,3.0,3.0,88.0,3.0,1.0,3.0,3.0,5+/day,At-Risk
Male,East,MCA,Graduate,Hindi,4G/Good,No,4,7,26.3,79.2,3.6,4,7.41,75.5,52.1,4.0,4.0,3.0,1.0,3.0,63.0,3.0,4.0,3.0,3.0,5+/day,Pass
Male,West,B.Tech,12th Pass,English,4G/Good,No,4,8,20.5,97.3,7.7,4,6.73,45.2,52.5,2.0,2.0,5.0,3.0,5.0,38.0,4.0,2.0,3.0,3.0,5+/day,Pass
Male,North,B.E.,Graduate,Hindi,3G/Moderate,No,2,4,18.9,75.4,8.3,3,7.78,72.1,54.6,1.0,2.0,5.0,2.0,5.0,38.0,3.0,4.0,3.0,7.0,5+/day,Pass
Male,Northeast,BCA,Below 10th,Hindi,3G/Moderate,No,5,6,23.9,66.0,4.4,3,4.7,60.6,28.6,3.0,4.0,2.0,4.0,4.0,88.0,1.0,4.0,3.0,1.0,5+/day,At-Risk
Female,West,B.Tech,Graduate,English,3G/Moderate,No,3,5,17.9,65.6,7.0,3,6.87,38.2,54.9,5.0,1.0,3.0,5.0,5.0,38.0,4.0,3.0,3.0,1.0,5+/day,Fail
Female,South,BCA,10th Pass,Regional,No Access,Yes,3,6,5.1,84.9,6.4,4,4.3,50.7,54.7,4.0,1.0,5.0,4.0,5.0,38.0,3.0,1.0,2.0,7.0,5+/day,At-Risk
Male,West,B.Tech,Graduate,English,5G/Excellent,Yes,10,6,19.9,100.0,7.4,4,7.11,74.5,86.6,3.0,4.0,4.0,2.0,4.0,63.0,1.0,4.0,3.0,1.0,5+/day,Pass
Male,North,B.Tech,Below 10th,English,4G/Good,No,3,5,25.8,80.3,8.9,1,6.64,74.4,62.6,4.0,3.0,4.0,3.0,3.0,88.0,3.0,4.0,4.0,5.0,5+/day,Pass
Female,North,B.E.,12th Pass,English,4G/Good,No,4,6,12.0,91.1,5.0,2,5.01,59.8,39.9,4.0,4.0,3.0,2.0,4.0,38.0,3.0,3.0,3.0,1.0,3-5/day,Pass
Male,North,BCA,Graduate,English,4G/Good,No,5,5,3.3,85.7,8.6,1,6.09,52.4,67.5,5.0,4.0,3.0,5.0,5.0,88.0,4.0,4.0,4.0,5.0,5+/day,At-Risk
Male,North,B.Tech,10th Pass,English,4G/Good,No,4,6,13.0,77.0,9.2,0,6.19,43.7,54.2,3.0,4.0,4.0,2.0,4.0,13.0,2.0,3.0,4.0,7.0,5+/day,Pass
Female,South,B.Tech,10th Pass,Regional,5G/Excellent,No,9,7,20.3,62.1,4.1,5,6.01,60.3,58.9,3.0,4.0,2.0,4.0,4.0,88.0,1.0,4.0,3.0,1.0,5+/day,At-Risk
Male,South,B.Tech,12th Pass,English,4G/Good,No,4,8,9.8,84.0,8.2,5,5.46,59.0,69.5,3.0,1.0,3.0,1.0,2.0,88.0,1.0,4.0,3.0,3.0,5+/day,Pass
Male,East,B.Tech,Graduate,Hindi,4G/Good,No,7,7,17.2,91.7,5.4,2,4.08,36.0,56.3,5.0,3.0,4.0,4.0,4.0,88.0,3.0,3.0,3.0,3.0,5+/day,At-Risk
Male,East,B.Tech,10th Pass,English,4G/Good,Yes,10,4,20.9,87.5,7.7,4,7.53,70.0,35.3,4.0,4.0,3.0,4.0,5.0,38.0,3.0,2.0,1.0,3.0,5+/day,Pass
Female,South,B.E.,10th Pass,Hindi,5G/Excellent,Yes,5,4,11.9,77.9,5.5,5,5.31,46.8,55.7,5.0,2.0,5.0,5.0,3.0,63.0,3.0,2.0,4.0,7.0,5+/day,At-Risk
Male,North,BCA,10th Pass,Regional,5G/Excellent,No,10,6,27.0,75.7,5.9,1,5.28,56.7,45.9,3.0,1.0,3.0,4.0,4.0,63.0,3.0,3.0,3.0,5.0,5+/day,At-Risk
Female,East,B.E.,Post-Graduate,English,5G/Excellent,Yes,9,4,22.7,74.4,5.7,4,5.5,51.1,54.0,5.0,1.0,5.0,4.0,2.0,38.0,4.0,3.0,3.0,3.0,5+/day,Fail
Other,South,MCA,10th Pass,Regional,No Access,Yes,9,4,11.0,74.1,5.3,2,3.22,19.8,23.6,4.0,2.0,4.0,4.0,1.0,63.0,3.0,3.0,3.0,3.0,1-3/day,Fail
Male,South,BCA,Below 10th,Regional,3G/Moderate,Yes,8,6,22.9,82.5,7.8,5,5.86,59.5,53.5,4.0,4.0,5.0,2.0,5.0,13.0,3.0,2.0,4.0,5.0,5+/day,Pass
Male,Northeast,B.Tech,Graduate,Hindi,2G/Slow,No,6,6,12.2,80.1,7.4,4,4.12,54.1,27.3,5.0,4.0,1.0,1.0,4.0,38.0,3.0,3.0,3.0,1.0,5+/day,At-Risk
Male,West,B.Tech,Graduate,English,4G/Good,No,6,8,14.4,88.1,7.5,5,5.79,68.2,65.1,5.0,4.0,1.0,3.0,5.0,63.0,1.0,3.0,3.0,1.0,3-5/day,Pass
Male,Northeast,M.Tech,Below 10th,Hindi,4G/Good,Yes,2,5,18.3,70.4,6.2,1,4.61,43.6,65.0,5.0,3.0,4.0,4.0,4.0,88.0,3.0,3.0,3.0,3.0,5+/day,Fail
Male,East,B.Tech,Post-Graduate,Regional,3G/Moderate,No,7,6,23.8,81.7,6.3,2,7.42,72.6,54.6,2.0,2.0,1.0,4.0,5.0,88.0,4.0,3.0,2.0,7.0,3-5/day,Pass
Female,North,B.Tech,12th Pass,English,4G/Good,Yes,9,8,17.7,81.6,7.3,5,5.39,37.6,73.7,4.0,4.0,4.0,4.0,4.0,88.0,4.0,4.0,4.0,5.0,5+/day,At-Risk
Female,West,B.Tech,12th Pass,Hindi,3G/Moderate,No,9,7,20.9,75.9,5.5,1,4.14,69.9,54.8,4.0,3.0,4.0,3.0,4.0,38.0,1.0,4.0,4.0,5.0,3-5/day,At-Risk
Female,North,BCA,10th Pass,English,5G/Excellent,No,2,4,28.0,85.7,6.0,5,5.05,31.1,59.5,4.0,1.0,4.0,4.0,4.0,38.0,3.0,4.0,4.0,1.0,5+/day,Pass
Male,South,BCA,Graduate,English,3G/Moderate,No,9,5,19.8,71.3,8.1,1,4.89,23.4,54.0,4.0,2.0,2.0,3.0,5.0,0.0,2.0,2.0,3.0,3.0,5+/day,Fail
Female,North,B.Com,10th Pass,Regional,4G/Good,No,7,7,13.6,96.3,7.3,4,6.38,73.3,68.3,4.0,3.0,3.0,1.0,1.0,63.0,4.0,3.0,3.0,5.0,5+/day,Pass
Female,Northeast,M.Tech,10th Pass,English,4G/Good,Yes,5,6,22.9,87.1,8.4,2,7.77,83.6,78.8,4.0,2.0,2.0,1.0,4.0,63.0,3.0,3.0,3.0,5.0,5+/day,Pass
Female,North,B.E.,Below 10th,English,4G/Good,No,5,7,14.2,88.5,3.0,4,4.89,50.7,21.4,4.0,1.0,5.0,2.0,4.0,88.0,3.0,4.0,4.0,5.0,5+/day,Fail
Male,Central,B.E.,Graduate,Hindi,2G/Slow,Yes,6,8,16.0,81.1,8.9,5,4.82,72.4,56.0,2.0,2.0,1.0,4.0,5.0,88.0,4.0,3.0,2.0,7.0,3-5/day,Pass
Female,Northeast,B.Tech,12th Pass,English,5G/Excellent,Yes,8,6,21.9,78.1,8.1,2,6.1,67.6,81.3,3.0,4.0,4.0,2.0,4.0,13.0,2.0,3.0,4.0,7.0,5+/day,Pass
Male,South,B.Tech,12th Pass,English,4G/Good,No,2,6,22.1,73.3,8.1,0,6.73,54.8,61.6,3.0,2.0,4.0,3.0,4.0,88.0,3.0,3.0,3.0,5.0,5+/day,Fail
Male,West,B.Tech,10th Pass,Hindi,5G/Excellent,No,3,5,16.7,72.0,4.3,0,6.3,67.4,69.5,2.0,5.0,2.0,5.0,5.0,63.0,2.0,2.0,3.0,3.0,3-5/day,Pass
Male,East,B.Tech,Graduate,English,5G/Excellent,No,10,8,15.8,63.7,5.9,2,5.52,40.2,47.5,4.0,3.0,4.0,1.0,4.0,38.0,2.0,3.0,4.0,7.0,3-5/day,Fail
Female,Northeast,B.Tech,Graduate,English,4G/Good,No,7,4,30.8,83.1,6.1,4,7.81,62.2,41.0,4.0,4.0,2.0,4.0,4.0,13.0,1.0,1.0,1.0,3.0,5+/day,Pass
Female,South,B.Tech,10th Pass,English,5G/Excellent,No,3,7,2.7,90.4,6.9,3,4.8,66.8,38.0,3.0,4.0,5.0,3.0,4.0,63.0,2.0,4.0,3.0,3.0,3-5/day,Pass
Male,West,B.Tech,Graduate,Hindi,5G/Excellent,No,1,5,20.6,67.3,9.4,2,6.18,57.5,93.6,5.0,3.0,5.0,4.0,2.0,13.0,3.0,3.0,3.0,5.0,5+/day,At-Risk
Male,South,B.Com,10th Pass,Regional,5G/Excellent,Yes,6,5,18.1,97.9,7.0,1,6.53,58.7,95.1,3.0,4.0,3.0,4.0,4.0,38.0,3.0,2.0,2.0,3.0,5+/day,Pass
Male,Central,BCA,Graduate,Regional,5G/Excellent,No,7,6,15.0,63.1,8.5,0,5.17,58.1,46.7,2.0,2.0,1.0,4.0,5.0,88.0,4.0,3.0,2.0,7.0,3-5/day,Fail
Male,East,B.Com,Below 10th,English,5G/Excellent,No,9,7,20.0,92.3,8.8,2,6.56,73.2,64.3,2.0,3.0,2.0,3.0,1.0,13.0,1.0,3.0,1.0,1.0,1-3/day,Pass
Male,South,B.E.,12th Pass,Hindi,4G/Good,Yes,1,5,11.2,71.9,7.7,2,6.65,83.7,79.1,2.0,3.0,4.0,3.0,3.0,63.0,3.0,3.0,1.0,1.0,3-5/day,Pass
Male,West,B.E.,Post-Graduate,Regional,3G/Moderate,No,9,6,8.9,94.9,7.0,2,4.93,48.0,50.7,2.0,2.0,3.0,3.0,4.0,38.0,3.0,3.0,3.0,3.0,5+/day,At-Risk
Female,Northeast,B.Tech,Post-Graduate,English,5G/Excellent,Yes,10,6,25.3,91.2,8.6,1,8.14,57.4,77.9,3.0,3.0,3.0,1.0,1.0,63.0,3.0,4.0,4.0,7.0,3-5/day,Pass
Male,East,B.Tech,10th Pass,Regional,4G/Good,No,7,8,13.3,100.0,4.3,4,3.9,53.4,70.4,5.0,3.0,4.0,3.0,1.0,38.0,2.0,4.0,2.0,5.0,5+/day,Pass
Male,North,B.Tech,12th Pass,Regional,3G/Moderate,No,8,6,17.1,74.5,7.6,3,6.91,46.4,67.4,5.0,3.0,5.0,2.0,4.0,88.0,3.0,3.0,3.0,5.0,5+/day,Fail
Male,South,B.Com,Below 10th,English,3G/Moderate,Yes,3,4,2.2,55.2,9.0,1,5.7,54.7,61.8,2.0,2.0,2.0,1.0,4.0,88.0,4.0,3.0,4.0,5.0,3-5/day,Fail
Female,Central,B.Com,Graduate,English,4G/Good,Yes,5,8,5.9,59.3,6.9,3,4.55,35.2,46.1,4.0,5.0,4.0,2.0,3.0,38.0,1.0,4.0,2.0,3.0,1-3/day,Fail
Female,West,B.Tech,12th Pass,English,4G/Good,No,3,8,19.8,79.5,7.6,0,6.49,62.0,49.0,4.0,5.0,4.0,2.0,5.0,38.0,2.0,2.0,4.0,5.0,5+/day,Pass
Female,Northeast,B.Tech,10th Pass,English,2G/Slow,No,7,4,25.6,84.0,8.2,3,3.55,28.3,54.6,5.0,5.0,4.0,2.0,4.0,88.0,4.0,3.0,1.0,7.0,5+/day,Fail
Male,North,B.E.,Below 10th,Regional,2G/Slow,No,2,4,13.2,73.4,6.1,3,4.0,35.7,63.4,4.0,5.0,3.0,4.0,4.0,38.0,3.0,2.0,3.0,3.0,5+/day,At-Risk
Female,South,B.Tech,Post-Graduate,Regional,4G/Good,No,6,5,29.4,86.4,11.2,0,6.85,53.8,50.9,3.0,5.0,4.0,3.0,5.0,88.0,4.0,3.0,3.0,5.0,3-5/day,At-Risk
Male,West,B.E.,12th Pass,English,3G/Moderate,Yes,10,5,27.0,92.7,4.9,1,8.25,40.2,42.5,5.0,1.0,5.0,3.0,3.0,63.0,4.0,1.0,4.0,1.0,3-5/day,At-Risk
Female,Northeast,B.Tech,10th Pass,Hindi,4G/Good,Yes,2,4,24.2,89.0,3.9,1,6.64,53.9,21.1,3.0,4.0,5.0,3.0,4.0,63.0,2.0,4.0,3.0,3.0,3-5/day,Pass
Female,North,B.E.,10th Pass,Hindi,4G/Good,No,9,5,25.6,81.5,7.7,0,5.64,78.5,57.9,1.0,2.0,3.0,3.0,1.0,63.0,4.0,3.0,4.0,3.0,5+/day,Pass
Female,Northeast,B.Tech,10th Pass,English,4G/Good,No,6,4,27.2,71.8,5.7,1,4.94,59.7,48.9,5.0,4.0,1.0,1.0,4.0,38.0,3.0,3.0,3.0,1.0,5+/day,Fail
Female,East,B.E.,12th Pass,Hindi,3G/Moderate,Yes,5,4,14.4,92.0,6.9,4,8.0,78.4,91.8,2.0,5.0,2.0,5.0,5.0,63.0,2.0,2.0,3.0,3.0,3-5/day,Pass
Female,North,B.Tech,Post-Graduate,Regional,2G/Slow,No,6,6,14.7,98.6,7.1,5,6.03,39.1,53.1,5.0,2.0,1.0,1.0,5.0,88.0,4.0,3.0,1.0,5.0,3-5/day,At-Risk
Male,South,B.E.,Graduate,English,4G/Good,Yes,6,5,22.9,74.8,7.3,3,6.44,53.4,78.3,3.0,4.0,4.0,2.0,4.0,63.0,1.0,4.0,3.0,1.0,5+/day,At-Risk
Female,South,B.Com,12th Pass,English,4G/Good,No,6,8,9.3,67.9,4.7,1,4.76,49.8,37.9,4.0,2.0,2.0,1.0,4.0,88.0,3.0,3.0,2.0,5.0,5+/day,Fail
Male,East,B.Tech,Graduate,English,2G/Slow,Yes,10,8,20.3,95.9,5.5,3,5.12,72.2,58.3,4.0,3.0,4.0,4.0,4.0,88.0,3.0,3.0,4.0,3.0,5+/day,At-Risk
Female,North,M.Tech,12th Pass,English,4G/Good,Yes,6,5,21.2,85.9,8.3,5,7.28,39.6,56.4,4.0,2.0,3.0,1.0,5.0,38.0,3.0,3.0,2.0,3.0,5+/day,Pass
Male,North,MCA,10th Pass,English,5G/Excellent,Yes,9,5,22.9,85.6,5.8,5,5.51,53.7,50.4,4.0,3.0,4.0,4.0,2.0,38.0,2.0,3.0,4.0,5.0,Never,Pass
Male,Northeast,B.Com,Post-Graduate,English,5G/Excellent,Yes,7,5,22.0,100.0,6.4,1,7.02,44.4,22.8,5.0,4.0,4.0,1.0,4.0,63.0,4.0,3.0,2.0,1.0,5+/day,Pass
Male,North,MCA,10th Pass,Hindi,4G/Good,Yes,1,5,9.0,60.5,5.7,3,6.7,64.0,42.7,5.0,3.0,5.0,1.0,4.0,88.0,3.0,4.0,4.0,5.0,5+/day,Fail
Male,North,BCA,10th Pass,Regional,2G/Slow,No,10,6,6.1,79.5,7.3,0,2.67,37.5,29.5,5.0,2.0,3.0,2.0,4.0,88.0,4.0,3.0,2.0,7.0,5+/day,Fail
Male,South,M.Tech,Post-Graduate,English,3G/Moderate,No,9,4,18.5,86.5,6.0,0,6.12,56.9,50.1,5.0,2.0,5.0,1.0,1.0,38.0,4.0,4.0,3.0,7.0,3-5/day,At-Risk
Female,East,B.Tech,Below 10th,English,3G/Moderate,Yes,6,5,35.1,100.0,9.0,0,7.05,85.0,73.7,4.0,5.0,4.0,2.0,4.0,63.0,4.0,2.0,2.0,5.0,5+/day,Pass
Male,West,B.E.,Graduate,Regional,3G/Moderate,No,10,5,11.3,81.4,5.4,4,4.57,18.1,33.5,1.0,2.0,5.0,3.0,3.0,38.0,3.0,4.0,3.0,1.0,3-5/day,At-Risk
Male,South,B.Com,Post-Graduate,Regional,4G/Good,No,8,4,15.7,76.2,4.4,4,5.57,43.3,65.0,4.0,2.0,3.0,3.0,4.0,63.0,2.0,4.0,3.0,3.0,5+/day,At-Risk
Female,West,MCA,12th Pass,English,4G/Good,Yes,3,4,20.1,84.6,4.8,0,6.58,56.1,34.5,3.0,2.0,3.0,4.0,1.0,13.0,4.0,3.0,2.0,5.0,3-5/day,Pass
Male,East,B.Com,Below 10th,English,2G/Slow,No,3,4,14.2,90.8,8.3,3,6.64,51.7,67.6,4.0,2.0,2.0,1.0,4.0,63.0,3.0,3.0,3.0,5.0,5+/day,At-Risk
Female,North,MCA,10th Pass,Regional,5G/Excellent,Yes,9,7,22.6,96.3,4.7,0,6.62,45.4,54.1,5.0,4.0,1.0,3.0,5.0,63.0,1.0,3.0,3.0,1.0,3-5/day,Pass
Female,North,M.Tech,Below 10th,English,4G/Good,Yes,9,8,23.0,99.6,4.5,0,4.88,28.4,34.7,5.0,1.0,5.0,4.0,2.0,38.0,4.0,3.0,3.0,3.0,5+/day,At-Risk
Female,South,BCA,12th Pass,English,4G/Good,No,5,5,28.8,59.0,7.7,2,4.38,51.0,60.3,2.0,3.0,4.0,3.0,4.0,88.0,2.0,3.0,4.0,5.0,5+/day,Fail
Female,South,MCA,Graduate,English,5G/Excellent,Yes,5,6,21.8,72.8,9.3,4,8.25,79.1,93.6,4.0,5.0,4.0,2.0,5.0,38.0,2.0,2.0,4.0,5.0,5+/day,At-Risk
Male,West,B.E.,12th Pass,English,4G/Good,No,3,6,15.7,92.4,9.8,4,6.62,38.1,75.2,4.0,2.0,4.0,2.0,3.0,63.0,3.0,3.0,3.0,7.0,3-5/day,At-Risk
Female,East,B.Com,12th Pass,English,5G/Excellent,Yes,7,4,24.1,85.1,6.4,0,7.29,82.2,64.5,2.0,3.0,3.0,2.0,1.0,63.0,1.0,4.0,3.0,7.0,3-5/day,Pass
Male,South,MCA,12th Pass,English,3G/Moderate,No,7,6,17.7,87.2,3.0,0,6.31,56.3,80.9,3.0,2.0,3.0,2.0,4.0,63.0,4.0,3.0,3.0,5.0,5+/day,At-Risk
Male,North,MCA,12th Pass,Regional,3G/Moderate,No,3,8,15.4,74.5,6.3,2,4.63,37.7,55.3,4.0,4.0,5.0,2.0,5.0,63.0,3.0,3.0,4.0,7.0,5+/day,Fail
Female,North,BCA,Graduate,Regional,4G/Good,Yes,8,5,15.1,84.9,8.4,2,6.17,63.0,54.9,5.0,2.0,4.0,2.0,4.0,38.0,3.0,3.0,2.0,1.0,5+/day,At-Risk
Male,East,B.Tech,10th Pass,Regional,4G/Good,No,6,6,14.5,79.2,5.0,4,5.12,42.4,33.2,3.0,4.0,4.0,2.0,4.0,63.0,1.0,4.0,3.0,1.0,5+/day,At-Risk
Female,South,B.Tech,Graduate,English,3G/Moderate,No,3,8,25.6,87.7,5.7,4,8.03,80.7,54.3,5.0,4.0,2.0,3.0,3.0,88.0,3.0,1.0,3.0,3.0,5+/day,Pass
Female,East,B.Com,12th Pass,English,4G/Good,No,6,8,25.5,88.1,7.0,4,6.93,67.4,74.6,2.0,2.0,3.0,4.0,4.0,88.0,4.0,3.0,4.0,1.0,5+/day,Pass
Female,North,BCA,10th Pass,Regional,No Access,No,1,7,20.0,85.9,8.4,4,5.11,57.6,43.1,4.0,4.0,5.0,2.0,5.0,63.0,3.0,3.0,4.0,7.0,5+/day,At-Risk
Female,West,B.Tech,10th Pass,Hindi,4G/Good,Yes,6,7,14.9,85.3,5.1,3,5.54,42.0,37.5,4.0,1.0,3.0,2.0,3.0,88.0,3.0,3.0,3.0,7.0,3-5/day,Fail
Male,Northeast,B.Tech,10th Pass,English,4G/Good,No,7,6,19.3,80.0,8.2,0,5.86,69.2,61.9,4.0,2.0,3.0,1.0,5.0,38.0,3.0,3.0,2.0,3.0,5+/day,At-Risk
Male,South,MCA,12th Pass,English,4G/Good,Yes,4,8,12.9,100.0,7.7,3,6.42,77.8,56.0,4.0,2.0,4.0,1.0,4.0,0.0,3.0,3.0,3.0,5.0,5+/day,Pass
Female,East,MCA,10th Pass,English,4G/Good,Yes,4,4,17.4,95.4,6.2,1,5.24,43.4,49.5,2.0,3.0,2.0,2.0,5.0,63.0,3.0,3.0,4.0,3.0,5+/day,Pass
Male,Central,MCA,Post-Graduate,English,5G/Excellent,Yes,3,7,7.4,82.7,7.7,4,6.77,53.7,50.2,3.0,2.0,5.0,2.0,4.0,63.0,4.0,3.0,3.0,5.0,5+/day,Pass
Female,South,BCA,12th Pass,English,3G/Moderate,No,5,8,17.2,92.3,8.1,4,3.96,17.4,7.8,3.0,2.0,3.0,2.0,4.0,63.0,4.0,3.0,3.0,5.0,5+/day,Fail
Female,East,B.E.,Post-Graduate,Regional,5G/Excellent,No,1,7,24.1,100.0,9.1,0,8.73,54.7,56.1,2.0,2.0,2.0,1.0,4.0,88.0,4.0,3.0,4.0,5.0,3-5/day,Pass
Female,North,B.Tech,Below 10th,English,2G/Slow,Yes,6,5,14.3,71.2,8.9,4,4.56,53.2,24.6,3.0,2.0,4.0,1.0,4.0,63.0,2.0,3.0,3.0,1.0,5+/day,Fail
Male,East,B.Tech,10th Pass,Regional,4G/Good,Yes,2,8,25.2,73.6,4.9,4,7.24,56.2,76.6,4.0,2.0,2.0,3.0,5.0,0.0,2.0,2.0,3.0,3.0,5+/day,At-Risk
Male,North,MCA,Below 10th,Regional,4G/Good,Yes,4,8,22.3,83.0,7.3,3,6.81,73.7,91.6,4.0,3.0,4.0,1.0,4.0,38.0,2.0,3.0,4.0,7.0,3-5/day,Pass
Male,Central,B.Tech,10th Pass,English,5G/Excellent,Yes,6,5,21.1,85.8,6.5,1,7.31,78.6,61.5,4.0,3.0,5.0,2.0,4.0,38.0,3.0,3.0,3.0,5.0,5+/day,Pass
Male,West,BCA,Graduate,Hindi,4G/Good,Yes,6,7,14.1,75.6,7.1,3,7.74,64.6,26.0,4.0,1.0,3.0,3.0,5.0,38.0,2.0,2.0,3.0,1.0,3-5/day,Pass
Female,West,B.E.,Below 10th,Hindi,5G/Excellent,Yes,10,5,11.6,90.5,6.7,2,4.8,61.8,49.9,5.0,2.0,3.0,2.0,4.0,88.0,4.0,3.0,2.0,7.0,5+/day,Fail
Male,West,B.E.,12th Pass,English,2G/Slow,Yes,7,6,25.0,81.0,6.8,4,6.67,66.6,80.5,2.0,3.0,2.0,3.0,1.0,13.0,1.0,3.0,1.0,1.0,1-3/day,Pass
Male,East,B.Com,Below 10th,English,5G/Excellent,No,1,4,9.8,95.1,6.6,3,6.36,71.9,59.1,3.0,3.0,1.0,1.0,1.0,88.0,4.0,3.0,3.0,5.0,1-3/day,Pass
Male,South,B.Tech,12th Pass,Hindi,3G/Moderate,No,6,7,15.3,74.0,5.7,0,5.34,27.7,60.0,2.0,2.0,4.0,2.0,3.0,63.0,1.0,2.0,4.0,5.0,5+/day,Fail
Female,Northeast,MCA,Graduate,Hindi,No Access,No,9,8,19.7,71.7,7.0,5,4.16,42.1,50.7,3.0,2.0,5.0,1.0,4.0,63.0,1.0,3.0,2.0,3.0,1-3/day,Fail
Female,Central,B.Tech,12th Pass,Hindi,3G/Moderate,No,8,6,34.9,79.7,8.0,1,5.63,66.9,51.5,5.0,1.0,5.0,1.0,5.0,38.0,1.0,3.0,2.0,3.0,5+/day,Fail
Male,East,B.Tech,Graduate,Hindi,4G/Good,Yes,8,7,23.0,80.2,6.3,5,7.28,49.4,68.2,2.0,1.0,3.0,4.0,2.0,38.0,2.0,3.0,1.0,5.0,5+/day,Pass
Male,Central,B.E.,10th Pass,English,4G/Good,No,6,4,13.4,71.3,5.8,1,4.76,58.6,36.4,4.0,2.0,3.0,5.0,5.0,13.0,3.0,4.0,3.0,7.0,5+/day,Fail
Male,East,B.Tech,Post-Graduate,Hindi,3G/Moderate,Yes,4,8,17.9,83.3,6.9,0,8.08,75.0,68.5,3.0,4.0,4.0,1.0,3.0,88.0,1.0,3.0,4.0,3.0,1-3/day,Pass
Male,East,MCA,Graduate,English,2G/Slow,No,1,5,16.4,74.1,7.2,0,6.11,70.8,57.1,1.0,1.0,3.0,4.0,4.0,38.0,1.0,3.0,4.0,7.0,5+/day,At-Risk
Female,South,B.E.,12th Pass,Hindi,4G/Good,No,5,4,20.3,100.0,5.6,4,6.44,57.6,28.6,3.0,1.0,3.0,4.0,4.0,63.0,3.0,3.0,3.0,5.0,5+/day,At-Risk
Female,North,B.Tech,12th Pass,Regional,5G/Excellent,No,5,7,25.0,81.3,6.0,1,6.83,66.7,59.2,5.0,4.0,3.0,1.0,4.0,13.0,3.0,3.0,3.0,7.0,5+/day,Pass
Male,North,B.Tech,Post-Graduate,Hindi,4G/Good,No,7,8,13.7,86.4,4.9,0,5.58,34.6,40.1,4.0,4.0,3.0,4.0,5.0,63.0,4.0,4.0,4.0,5.0,Never,At-Risk
Male,North,BCA,12th Pass,Hindi,4G/Good,No,1,7,19.4,67.0,7.1,2,4.96,59.3,18.5,4.0,1.0,5.0,5.0,2.0,88.0,2.0,4.0,3.0,1.0,5+/day,Fail
Other,East,MCA,Graduate,Hindi,4G/Good,Yes,6,4,24.8,88.6,6.1,1,8.14,75.6,68.0,1.0,2.0,5.0,3.0,3.0,38.0,3.0,4.0,3.0,1.0,3-5/day,Pass
Male,South,B.E.,12th Pass,Hindi,4G/Good,No,7,8,9.6,72.3,8.7,0,6.17,47.3,38.4,1.0,5.0,4.0,3.0,4.0,38.0,3.0,3.0,4.0,7.0,5+/day,At-Risk
Female,South,BCA,10th Pass,Hindi,5G/Excellent,No,1,4,17.0,93.0,7.4,3,6.37,49.3,53.3,3.0,3.0,4.0,4.0,5.0,13.0,4.0,3.0,3.0,3.0,5+/day,Pass
Male,Central,MCA,Graduate,English,4G/Good,Yes,3,7,15.4,63.5,7.6,0,6.15,33.0,57.9,2.0,2.0,4.0,2.0,3.0,63.0,1.0,2.0,4.0,5.0,5+/day,Fail
Male,South,BCA,12th Pass,Regional,4G/Good,No,10,8,17.9,81.6,6.8,5,3.26,34.6,45.2,5.0,4.0,1.0,2.0,5.0,63.0,3.0,3.0,2.0,5.0,1-3/day,At-Risk
Male,South,B.Tech,12th Pass,English,5G/Excellent,No,9,8,2.5,94.4,7.9,1,5.41,60.8,74.9,4.0,2.0,4.0,4.0,1.0,63.0,3.0,3.0,3.0,3.0,1-3/day,Pass
Male,North,BCA,12th Pass,English,5G/Excellent,Yes,8,8,13.1,84.1,4.2,5,4.84,42.9,10.5,1.0,2.0,5.0,1.0,5.0,13.0,3.0,3.0,3.0,3.0,5+/day,At-Risk
Female,North,BCA,10th Pass,English,2G/Slow,No,10,7,3.2,80.3,6.6,5,3.79,48.8,41.1,4.0,1.0,4.0,2.0,4.0,38.0,3.0,2.0,3.0,5.0,3-5/day,Fail
Male,West,BCA,Graduate,English,4G/Good,No,6,6,10.5,98.0,6.1,4,5.87,41.5,73.3,3.0,2.0,3.0,2.0,1.0,63.0,2.0,4.0,2.0,7.0,3-5/day,Pass
Male,East,BCA,Post-Graduate,Regional,4G/Good,Yes,8,7,18.9,72.1,8.3,2,6.16,58.8,49.6,4.0,3.0,3.0,1.0,1.0,63.0,4.0,3.0,3.0,5.0,5+/day,Fail
Male,West,B.Com,Graduate,English,4G/Good,No,2,5,20.9,68.0,4.7,0,6.84,63.1,64.3,3.0,4.0,3.0,5.0,5.0,63.0,3.0,2.0,3.0,3.0,3-5/day,At-Risk
Male,North,B.Tech,10th Pass,Regional,4G/Good,No,7,6,15.2,69.5,6.9,1,5.04,57.6,43.6,2.0,2.0,4.0,1.0,4.0,13.0,3.0,1.0,4.0,7.0,5+/day,Fail
Male,East,B.Com,12th Pass,English,4G/Good,No,2,7,3.2,69.9,8.5,0,4.69,63.2,33.4,4.0,1.0,3.0,2.0,3.0,88.0,3.0,3.0,3.0,7.0,3-5/day,Fail
Male,South,B.E.,Graduate,English,3G/Moderate,No,3,5,13.9,87.0,6.5,5,7.34,65.1,90.3,1.0,1.0,3.0,4.0,4.0,38.0,1.0,3.0,4.0,7.0,5+/day,Pass
Female,North,BCA,12th Pass,English,3G/Moderate,Yes,2,4,9.2,78.4,6.5,0,5.84,51.3,56.0,2.0,4.0,4.0,2.0,3.0,38.0,2.0,3.0,4.0,3.0,5+/day,Pass
Male,North,B.Tech,12th Pass,Hindi,5G/Excellent,Yes,5,5,16.2,93.8,7.0,1,6.6,53.9,68.2,5.0,3.0,5.0,1.0,4.0,88.0,3.0,4.0,4.0,5.0,5+/day,At-Risk
Male,North,B.E.,Post-Graduate,Regional,4G/Good,Yes,10,8,18.7,87.5,6.3,3,5.33,60.9,72.0,5.0,3.0,5.0,3.0,4.0,88.0,3.0,4.0,3.0,5.0,5+/day,At-Risk
Female,South,MCA,12th Pass,Hindi,5G/Excellent,Yes,5,6,6.7,86.4,7.2,1,6.17,75.7,64.3,2.0,4.0,1.0,5.0,5.0,63.0,3.0,4.0,4.0,5.0,5+/day,Pass
Male,North,BCA,12th Pass,English,5G/Excellent,No,6,7,15.3,61.2,8.3,1,5.79,50.3,69.5,3.0,3.0,4.0,4.0,5.0,13.0,4.0,3.0,3.0,3.0,5+/day,At-Risk
Female,Central,B.Tech,Below 10th,Regional,4G/Good,No,6,7,2.6,88.9,7.1,4,2.51,26.5,40.5,2.0,4.0,1.0,5.0,5.0,63.0,3.0,4.0,4.0,5.0,5+/day,At-Risk
Male,South,B.E.,Below 10th,English,5G/Excellent,No,7,8,16.7,97.0,6.6,0,6.12,58.5,66.6,4.0,2.0,3.0,3.0,3.0,63.0,3.0,4.0,4.0,1.0,1-3/day,Pass
Female,North,B.Tech,Below 10th,Hindi,3G/Moderate,Yes,8,6,16.6,83.2,7.8,0,6.8,63.4,51.4,2.0,4.0,4.0,5.0,4.0,13.0,4.0,3.0,3.0,1.0,5+/day,Pass
Female,North,B.Com,Post-Graduate,English,4G/Good,Yes,4,6,7.4,70.4,8.9,1,6.92,52.9,64.1,3.0,3.0,4.0,1.0,2.0,63.0,3.0,3.0,4.0,3.0,5+/day,At-Risk
Female,East,M.Tech,12th Pass,English,4G/Good,No,9,8,7.9,63.4,5.6,5,3.4,68.8,34.4,4.0,5.0,3.0,4.0,4.0,38.0,3.0,2.0,3.0,3.0,5+/day,At-Risk
Other,North,B.Tech,12th Pass,English,4G/Good,No,3,6,30.4,94.0,9.5,3,7.25,50.4,64.6,3.0,3.0,3.0,1.0,3.0,13.0,4.0,3.0,3.0,3.0,5+/day,Pass
Male,Northeast,M.Tech,Graduate,English,3G/Moderate,No,5,8,20.4,83.2,5.7,4,5.21,33.6,22.2,2.0,4.0,5.0,4.0,5.0,13.0,3.0,2.0,3.0,1.0,5+/day,Pass
Female,Central,B.Com,12th Pass,Regional,3G/Moderate,No,3,5,13.1,65.7,7.2,3,5.9,38.6,55.3,4.0,2.0,3.0,1.0,5.0,38.0,3.0,3.0,2.0,3.0,5+/day,Fail
Male,North,B.E.,12th Pass,Hindi,3G/Moderate,No,2,8,15.7,86.6,7.1,3,5.93,56.2,58.8,3.0,4.0,4.0,2.0,4.0,63.0,1.0,4.0,3.0,1.0,5+/day,Pass
Male,South,BCA,10th Pass,Regional,4G/Good,No,5,7,9.7,81.7,7.2,4,5.11,52.9,42.5,3.0,1.0,4.0,1.0,5.0,88.0,4.0,3.0,4.0,1.0,3-5/day,Fail
Male,North,B.E.,Graduate,Hindi,5G/Excellent,No,9,4,19.6,100.0,4.1,5,7.09,51.8,69.9,1.0,4.0,5.0,2.0,4.0,88.0,3.0,3.0,4.0,5.0,5+/day,Pass
Female,West,BCA,10th Pass,Hindi,5G/Excellent,No,6,5,17.2,72.3,4.7,5,5.53,77.0,48.4,3.0,3.0,4.0,1.0,4.0,63.0,3.0,1.0,4.0,7.0,1-3/day,Fail
Male,South,B.Tech,Below 10th,Hindi,3G/Moderate,Yes,4,7,23.1,86.5,6.0,4,5.48,47.2,57.9,4.0,2.0,5.0,3.0,1.0,38.0,2.0,3.0,4.0,5.0,5+/day,Pass
Female,South,B.Tech,10th Pass,Regional,3G/Moderate,No,7,5,25.2,96.2,5.6,3,5.47,23.6,73.9,3.0,5.0,3.0,2.0,3.0,88.0,2.0,3.0,2.0,3.0,1-3/day,Pass
Female,North,B.E.,10th Pass,English,No Access,Yes,10,7,27.4,87.5,7.4,5,5.46,51.2,40.5,5.0,3.0,5.0,3.0,4.0,88.0,3.0,4.0,3.0,5.0,5+/day,At-Risk
Female,West,B.Tech,10th Pass,English,4G/Good,Yes,5,6,24.0,80.1,8.4,3,6.27,69.8,45.7,3.0,2.0,4.0,2.0,2.0,13.0,3.0,3.0,3.0,1.0,5+/day,Pass
Female,South,MCA,Graduate,Hindi,5G/Excellent,Yes,7,8,16.5,78.0,3.5,3,6.72,40.0,75.4,5.0,4.0,3.0,1.0,4.0,13.0,3.0,3.0,3.0,7.0,5+/day,Pass
Male,North,B.Tech,10th Pass,Regional,5G/Excellent,Yes,2,7,8.5,78.3,4.9,5,6.59,71.1,48.7,4.0,3.0,4.0,2.0,5.0,13.0,2.0,2.0,2.0,1.0,5+/day,Pass
Male,West,B.E.,Graduate,Regional,3G/Moderate,No,2,7,15.9,75.9,5.8,0,5.08,43.6,53.1,4.0,4.0,5.0,1.0,5.0,38.0,1.0,3.0,4.0,5.0,3-5/day,At-Risk
Male,East,M.Tech,Below 10th,Hindi,3G/Moderate,No,9,6,17.7,73.6,4.9,0,4.26,51.7,41.7,4.0,2.0,2.0,3.0,5.0,0.0,2.0,2.0,3.0,3.0,5+/day,Fail
Male,Northeast,B.E.,Below 10th,English,3G/Moderate,No,4,4,20.8,95.6,6.1,0,6.08,71.6,21.6,5.0,2.0,4.0,2.0,4.0,38.0,3.0,3.0,2.0,1.0,5+/day,At-Risk
Male,North,B.E.,12th Pass,English,4G/Good,Yes,1,4,14.1,94.6,5.3,0,7.48,84.8,63.0,1.0,1.0,4.0,2.0,4.0,88.0,2.0,4.0,3.0,7.0,5+/day,Pass
Male,West,B.Com,Post-Graduate,Regional,5G/Excellent,Yes,9,8,9.6,90.7,7.3,5,6.53,41.3,46.5,3.0,3.0,4.0,1.0,5.0,63.0,3.0,2.0,4.0,3.0,5+/day,At-Risk
Male,West,M.Tech,Graduate,English,4G/Good,No,1,6,19.8,84.7,10.6,5,7.0,82.2,64.6,4.0,3.0,5.0,1.0,2.0,38.0,3.0,3.0,3.0,7.0,5+/day,Pass
Female,North,B.Tech,Post-Graduate,English,4G/Good,Yes,2,5,34.9,84.3,5.3,4,8.22,85.0,80.6,3.0,2.0,4.0,1.0,4.0,63.0,4.0,4.0,2.0,7.0,5+/day,Pass
Female,West,B.E.,Graduate,Regional,4G/Good,No,9,7,28.0,63.2,8.5,1,4.96,34.5,36.5,4.0,2.0,5.0,3.0,1.0,38.0,2.0,3.0,4.0,5.0,5+/day,Fail
Male,South,B.Com,Graduate,English,3G/Moderate,No,3,8,26.3,90.4,10.5,5,7.31,44.2,55.7,5.0,3.0,3.0,2.0,3.0,13.0,3.0,4.0,4.0,1.0,5+/day,Pass
Female,Central,B.E.,12th Pass,Hindi,3G/Moderate,No,1,4,15.4,82.2,5.6,0,5.14,42.1,28.2,2.0,4.0,5.0,1.0,2.0,63.0,3.0,3.0,3.0,5.0,5+/day,At-Risk
Male,North,B.E.,12th Pass,Hindi,No Access,No,3,5,12.7,67.6,9.8,3,7.02,90.5,63.2,4.0,2.0,3.0,2.0,5.0,38.0,3.0,2.0,2.0,5.0,5+/day,Fail
Male,West,B.Tech,Below 10th,English,4G/Good,No,9,6,23.3,94.6,5.3,1,6.53,64.6,56.9,5.0,1.0,3.0,5.0,5.0,38.0,4.0,3.0,3.0,1.0,5+/day,At-Risk
Female,South,B.Tech,12th Pass,English,5G/Excellent,Yes,2,7,26.8,80.1,8.4,0,8.81,66.4,78.8,3.0,2.0,5.0,3.0,3.0,38.0,3.0,3.0,3.0,3.0,3-5/day,Pass
Male,Central,BCA,10th Pass,English,4G/Good,No,5,7,16.2,91.0,5.4,2,6.59,63.2,63.2,1.0,1.0,3.0,4.0,4.0,38.0,1.0,3.0,4.0,7.0,5+/day,Pass
Male,South,MCA,12th Pass,Hindi,2G/Slow,No,1,4,13.9,87.3,3.8,2,6.33,77.6,60.7,5.0,1.0,4.0,3.0,5.0,88.0,4.0,2.0,3.0,5.0,5+/day,Fail
Other,Central,B.Com,12th Pass,Hindi,4G/Good,Yes,10,4,14.2,71.1,8.1,4,4.95,49.8,41.8,4.0,3.0,4.0,3.0,5.0,88.0,4.0,4.0,2.0,7.0,5+/day,Fail
Female,Central,MCA,Below 10th,English,No Access,Yes,1,8,19.5,91.0,7.3,2,6.31,51.5,70.3,4.0,2.0,4.0,1.0,2.0,13.0,3.0,2.0,3.0,5.0,5+/day,Pass
Female,South,B.Tech,10th Pass,Regional,2G/Slow,No,7,7,17.5,74.0,6.4,4,4.45,43.5,54.5,2.0,4.0,4.0,5.0,4.0,13.0,4.0,3.0,3.0,1.0,5+/day,At-Risk
Female,Northeast,B.Tech,Below 10th,English,4G/Good,No,10,7,18.1,62.0,4.1,5,3.17,23.3,44.7,4.0,3.0,4.0,1.0,4.0,13.0,1.0,2.0,2.0,1.0,3-5/day,Fail
Female,Central,B.Com,Post-Graduate,English,4G/Good,Yes,10,7,26.7,90.9,8.5,5,7.84,61.4,64.8,2.0,2.0,3.0,3.0,4.0,38.0,3.0,3.0,3.0,3.0,5+/day,Pass
Male,South,B.Tech,Below 10th,English,5G/Excellent,No,3,7,24.1,84.4,8.2,4,6.96,58.9,78.4,3.0,4.0,5.0,3.0,1.0,38.0,1.0,3.0,3.0,5.0,5+/day,Pass
Male,South,B.Tech,10th Pass,English,4G/Good,No,1,5,16.8,83.3,3.8,5,6.0,58.4,61.7,4.0,1.0,4.0,2.0,4.0,38.0,3.0,2.0,3.0,5.0,3-5/day,At-Risk
Male,East,B.Com,Graduate,Regional,3G/Moderate,No,1,6,18.0,91.1,6.9,4,7.16,58.6,65.7,4.0,2.0,3.0,2.0,5.0,38.0,3.0,2.0,2.0,5.0,5+/day,Pass
Male,South,BCA,12th Pass,English,3G/Moderate,No,5,5,25.1,68.2,7.4,1,6.16,44.0,36.1,3.0,2.0,3.0,2.0,1.0,63.0,2.0,4.0,2.0,7.0,3-5/day,Fail
Female,North,B.Tech,Below 10th,English,3G/Moderate,No,3,6,21.7,70.6,4.8,1,5.76,58.3,69.2,4.0,3.0,1.0,5.0,5.0,38.0,3.0,4.0,2.0,5.0,1-3/day,At-Risk
Male,North,M.Tech,10th Pass,Regional,2G/Slow,No,4,5,29.5,68.7,8.0,2,7.08,64.9,96.7,5.0,5.0,5.0,4.0,5.0,88.0,4.0,4.0,4.0,3.0,5+/day,Fail
Female,South,B.Com,Below 10th,Hindi,3G/Moderate,No,6,8,22.7,76.3,10.3,1,6.74,41.1,54.0,3.0,2.0,4.0,1.0,3.0,63.0,3.0,3.0,4.0,1.0,5+/day,At-Risk
Female,South,B.Tech,10th Pass,English,4G/Good,Yes,2,6,19.8,86.0,8.2,0,5.42,36.9,46.0,1.0,2.0,3.0,3.0,1.0,63.0,4.0,3.0,4.0,3.0,5+/day,Pass
Female,North,M.Tech,Below 10th,Regional,3G/Moderate,No,7,7,14.6,100.0,9.2,4,4.21,44.8,38.6,4.0,4.0,3.0,4.0,5.0,63.0,4.0,4.0,4.0,5.0,Never,At-Risk
Female,Northeast,B.E.,12th Pass,Hindi,5G/Excellent,No,5,6,7.0,79.1,7.9,0,4.84,68.6,44.2,3.0,2.0,3.0,4.0,1.0,13.0,4.0,3.0,2.0,5.0,3-5/day,Pass
Female,West,B.E.,Graduate,English,4G/Good,No,8,7,25.4,84.0,4.8,1,7.45,52.2,54.5,5.0,1.0,5.0,1.0,5.0,38.0,1.0,3.0,2.0,3.0,5+/day,At-Risk
Male,North,B.Com,12th Pass,Hindi,3G/Moderate,Yes,4,8,25.5,64.9,7.8,5,5.14,22.2,75.4,4.0,5.0,4.0,2.0,3.0,38.0,1.0,4.0,2.0,3.0,1-3/day,At-Risk
Female,West,B.Com,12th Pass,Regional,4G/Good,Yes,8,6,27.5,75.4,4.6,3,6.5,60.6,69.4,4.0,2.0,5.0,1.0,4.0,63.0,3.0,3.0,3.0,7.0,5+/day,Fail
Male,West,B.Tech,10th Pass,Hindi,4G/Good,No,4,4,9.5,57.3,5.8,1,5.37,76.4,54.9,4.0,1.0,3.0,3.0,5.0,38.0,2.0,2.0,3.0,1.0,3-5/day,Fail
Female,Central,B.Tech,10th Pass,Hindi,4G/Good,No,5,7,20.7,100.0,6.1,4,5.76,45.1,65.8,3.0,4.0,3.0,4.0,4.0,38.0,3.0,2.0,2.0,3.0,5+/day,Pass
Male,North,B.Tech,Graduate,Regional,No Access,Yes,3,6,13.3,59.3,6.0,3,4.8,46.5,59.5,3.0,2.0,5.0,3.0,3.0,38.0,3.0,3.0,3.0,3.0,3-5/day,Fail
Female,North,BCA,Below 10th,Hindi,5G/Excellent,Yes,4,5,17.3,75.8,5.3,3,5.16,65.4,38.3,3.0,4.0,4.0,2.0,4.0,63.0,1.0,4.0,3.0,1.0,5+/day,Pass
Female,Central,B.Tech,Graduate,English,2G/Slow,No,9,6,7.1,80.3,6.1,4,3.04,62.1,35.7,5.0,1.0,4.0,4.0,3.0,38.0,1.0,1.0,2.0,7.0,5+/day,At-Risk
Male,Central,B.E.,12th Pass,English,5G/Excellent,No,5,7,13.2,100.0,6.3,5,6.73,37.6,63.8,3.0,3.0,4.0,2.0,5.0,63.0,3.0,4.0,3.0,1.0,5+/day,Pass
Male,West,B.Tech,Graduate,Hindi,No Access,No,4,4,17.3,84.7,8.4,2,5.63,54.2,63.0,4.0,5.0,4.0,2.0,3.0,38.0,1.0,4.0,2.0,3.0,1-3/day,Pass
Other,West,B.E.,10th Pass,English,4G/Good,No,4,4,20.8,65.1,7.1,5,7.21,71.0,71.5,5.0,1.0,4.0,3.0,5.0,88.0,4.0,2.0,3.0,5.0,5+/day,Fail
Male,North,B.Tech,10th Pass,Regional,4G/Good,Yes,7,5,23.2,78.4,8.0,5,6.84,48.3,61.1,5.0,3.0,4.0,2.0,2.0,63.0,3.0,3.0,1.0,3.0,5+/day,Pass
Female,East,MCA,Graduate,English,4G/Good,No,2,8,29.1,82.7,6.2,5,6.66,70.0,32.7,3.0,1.0,3.0,4.0,4.0,63.0,3.0,3.0,3.0,5.0,5+/day,Pass
Female,North,B.Tech,Graduate,Hindi,2G/Slow,No,4,4,17.2,74.3,8.0,1,4.9,74.7,28.2,5.0,4.0,3.0,2.0,4.0,88.0,1.0,3.0,3.0,3.0,5+/day,Fail
Male,North,B.Tech,10th Pass,Hindi,3G/Moderate,No,3,8,14.7,73.1,3.6,5,6.57,64.7,52.2,2.0,3.0,3.0,3.0,5.0,13.0,3.0,4.0,4.0,7.0,5+/day,At-Risk
Male,Northeast,M.Tech,Post-Graduate,Hindi,4G/Good,Yes,7,7,20.4,72.2,4.6,5,7.84,71.4,82.1,4.0,1.0,5.0,2.0,4.0,63.0,3.0,3.0,3.0,3.0,3-5/day,Fail
Male,North,BCA,Below 10th,English,5G/Excellent,Yes,4,6,20.1,72.6,8.0,1,7.19,46.7,63.8,4.0,2.0,2.0,4.0,3.0,13.0,3.0,2.0,3.0,3.0,5+/day,At-Risk
Female,South,B.Tech,Below 10th,English,4G/Good,No,8,8,10.2,70.8,5.6,5,4.47,31.1,45.7,3.0,4.0,2.0,4.0,4.0,88.0,1.0,4.0,3.0,1.0,5+/day,Fail
Male,Central,B.Tech,12th Pass,Hindi,4G/Good,No,5,7,9.5,71.2,6.7,3,4.64,58.3,38.6,4.0,2.0,3.0,2.0,5.0,38.0,3.0,2.0,2.0,5.0,5+/day,Fail
Male,North,BCA,Graduate,Regional,2G/Slow,No,9,7,34.0,77.9,3.0,3,6.82,78.9,58.0,5.0,2.0,5.0,1.0,1.0,38.0,4.0,4.0,3.0,7.0,3-5/day,At-Risk
Male,Central,B.E.,Post-Graduate,Hindi,4G/Good,No,9,7,19.9,90.8,5.9,4,6.0,55.2,68.1,2.0,4.0,4.0,2.0,3.0,38.0,2.0,3.0,4.0,3.0,5+/day,Pass
Female,Central,MCA,12th Pass,English,3G/Moderate,Yes,3,5,23.6,66.5,4.6,4,5.51,35.9,52.6,2.0,3.0,2.0,3.0,1.0,13.0,1.0,3.0,1.0,1.0,1-3/day,Pass
Female,East,B.E.,Below 10th,English,2G/Slow,No,9,5,22.0,72.1,5.5,2,4.14,46.4,47.1,5.0,2.0,2.0,3.0,3.0,63.0,4.0,3.0,3.0,5.0,3-5/day,Fail
Other,North,B.Tech,12th Pass,Regional,4G/Good,No,4,8,21.3,82.5,6.7,5,4.98,58.2,17.6,4.0,2.0,3.0,3.0,4.0,63.0,2.0,4.0,3.0,3.0,5+/day,At-Risk
Male,South,B.E.,10th Pass,Regional,4G/Good,No,9,7,26.9,88.1,6.7,3,5.52,42.1,36.0,3.0,4.0,3.0,5.0,5.0,63.0,3.0,2.0,3.0,3.0,3-5/day,Pass
Female,South,BCA,12th Pass,English,No Access,No,2,8,33.7,99.6,6.1,1,7.13,47.0,74.2,3.0,4.0,5.0,3.0,1.0,38.0,1.0,3.0,3.0,5.0,5+/day,Pass
Female,South,B.Com,12th Pass,Hindi,2G/Slow,Yes,5,4,21.9,90.2,7.9,5,7.14,68.2,64.1,4.0,2.0,5.0,3.0,1.0,38.0,1.0,3.0,3.0,3.0,3-5/day,Pass
Female,South,B.Tech,Below 10th,English,4G/Good,No,6,8,18.8,83.6,5.8,4,4.95,43.8,46.4,5.0,2.0,5.0,3.0,4.0,88.0,1.0,3.0,2.0,3.0,3-5/day,At-Risk
Female,Central,B.E.,12th Pass,Hindi,2G/Slow,No,3,6,25.1,81.4,6.1,5,6.11,62.2,44.3,4.0,2.0,3.0,1.0,5.0,38.0,3.0,3.0,2.0,3.0,5+/day,At-Risk
Male,North,B.Tech,12th Pass,Regional,5G/Excellent,No,2,7,16.4,80.3,4.7,0,6.67,64.4,49.4,3.0,4.0,5.0,3.0,4.0,63.0,2.0,4.0,3.0,3.0,3-5/day,Pass
Male,West,B.E.,Graduate,English,3G/Moderate,No,1,8,9.6,67.8,8.3,1,5.97,70.2,52.0,4.0,2.0,3.0,2.0,5.0,38.0,3.0,2.0,2.0,5.0,5+/day,Fail
Female,North,M.Tech,12th Pass,Hindi,2G/Slow,No,7,5,22.6,86.5,5.3,5,5.8,61.2,47.9,4.0,3.0,4.0,3.0,5.0,88.0,4.0,4.0,2.0,7.0,5+/day,At-Risk
Male,East,B.E.,10th Pass,English,4G/Good,No,4,6,11.7,76.5,4.4,3,4.89,36.8,54.6,4.0,3.0,4.0,4.0,5.0,88.0,4.0,4.0,4.0,3.0,5+/day,Fail
Female,Central,B.Com,10th Pass,English,4G/Good,Yes,8,8,12.5,83.6,4.7,4,4.84,49.9,64.1,3.0,4.0,4.0,1.0,3.0,88.0,1.0,3.0,4.0,3.0,1-3/day,At-Risk
Female,South,BCA,10th Pass,Hindi,3G/Moderate,Yes,8,8,9.1,70.5,6.8,5,5.61,49.7,66.6,3.0,4.0,2.0,4.0,4.0,88.0,1.0,4.0,3.0,1.0,5+/day,At-Risk
Male,North,B.Com,10th Pass,English,4G/Good,No,8,8,0.4,80.6,6.4,4,4.08,41.9,27.3,3.0,2.0,3.0,2.0,4.0,88.0,4.0,1.0,1.0,1.0,1-3/day,Fail
Female,West,MCA,Graduate,Hindi,No Access,Yes,2,5,8.8,70.6,6.2,0,6.4,80.0,62.3,4.0,2.0,4.0,2.0,3.0,63.0,3.0,3.0,3.0,7.0,3-5/day,Fail
Male,West,B.Tech,Post-Graduate,English,4G/Good,Yes,5,8,18.8,88.1,8.0,2,7.72,64.7,87.6,2.0,2.0,2.0,1.0,5.0,88.0,4.0,4.0,4.0,5.0,5+/day,Pass
Male,West,B.Tech,Graduate,Hindi,4G/Good,No,8,4,26.4,78.7,5.0,1,6.17,53.2,59.6,4.0,1.0,5.0,1.0,4.0,63.0,4.0,3.0,4.0,3.0,3-5/day,Fail
Female,South,B.E.,12th Pass,English,4G/Good,No,10,4,14.3,83.9,7.2,4,5.8,52.1,67.8,3.0,3.0,3.0,1.0,3.0,13.0,4.0,3.0,3.0,3.0,5+/day,Pass
Female,South,B.Tech,12th Pass,Hindi,4G/Good,Yes,2,4,13.1,76.5,6.6,2,6.53,47.8,78.3,4.0,2.0,4.0,1.0,2.0,13.0,3.0,2.0,3.0,5.0,5+/day,Pass
Male,Central,B.E.,10th Pass,Hindi,4G/Good,Yes,2,8,17.6,90.0,7.1,5,6.66,55.0,63.2,4.0,1.0,3.0,2.0,3.0,88.0,3.0,3.0,3.0,7.0,3-5/day,At-Risk
Male,Central,B.E.,Post-Graduate,Regional,4G/Good,Yes,1,6,17.5,86.0,6.7,0,7.68,58.1,56.9,4.0,4.0,4.0,2.0,5.0,63.0,3.0,4.0,1.0,5.0,3-5/day,Pass
Female,South,B.Com,Post-Graduate,Regional,4G/Good,No,6,5,17.6,71.7,5.4,5,5.54,51.1,58.0,3.0,2.0,5.0,3.0,3.0,38.0,3.0,3.0,3.0,3.0,3-5/day,Fail
Female,Northeast,B.E.,12th Pass,English,4G/Good,Yes,5,4,25.4,70.7,3.2,0,7.6,65.1,45.8,4.0,5.0,4.0,2.0,5.0,38.0,2.0,2.0,4.0,5.0,5+/day,Fail
Female,South,MCA,10th Pass,English,4G/Good,No,1,4,15.8,92.2,7.7,1,7.41,35.3,67.6,3.0,4.0,4.0,2.0,5.0,63.0,3.0,4.0,4.0,5.0,3-5/day,Pass
Male,South,B.Com,Graduate,Hindi,2G/Slow,No,8,6,14.6,54.2,6.5,1,5.41,63.4,59.0,4.0,4.0,2.0,4.0,4.0,13.0,1.0,1.0,1.0,3.0,5+/day,At-Risk
Male,North,M.Tech,Below 10th,Hindi,4G/Good,Yes,8,4,18.1,98.3,6.7,4,4.96,60.3,19.5,5.0,3.0,5.0,4.0,2.0,13.0,3.0,3.0,3.0,5.0,5+/day,Pass
Male,South,B.Tech,Graduate,English,4G/Good,Yes,5,5,22.6,73.0,6.5,4,8.03,63.4,39.8,4.0,4.0,5.0,2.0,5.0,13.0,3.0,2.0,4.0,5.0,5+/day,At-Risk
Female,East,B.E.,Graduate,English,3G/Moderate,No,3,6,38.0,89.5,4.3,1,8.36,77.2,81.3,3.0,4.0,2.0,3.0,4.0,38.0,2.0,1.0,3.0,3.0,5+/day,Pass
Male,North,B.Tech,Below 10th,Hindi,5G/Excellent,Yes,8,7,30.2,86.2,6.8,1,6.31,56.5,33.8,3.0,4.0,4.0,1.0,3.0,88.0,1.0,3.0,4.0,3.0,1-3/day,At-Risk
Male,South,B.E.,Post-Graduate,Regional,4G/Good,No,3,5,19.7,77.4,6.5,5,7.3,79.6,47.5,4.0,2.0,5.0,3.0,5.0,88.0,4.0,1.0,3.0,7.0,5+/day,At-Risk
Female,West,B.E.,Post-Graduate,Regional,4G/Good,No,4,5,14.4,85.4,6.4,4,6.33,74.4,63.0,4.0,1.0,4.0,2.0,4.0,38.0,3.0,4.0,3.0,1.0,5+/day,Pass
Male,West,MCA,Post-Graduate,English,No Access,Yes,7,8,17.4,82.4,9.1,5,4.67,80.0,34.1,5.0,1.0,4.0,4.0,3.0,38.0,1.0,1.0,2.0,7.0,5+/day,Pass
Other,West,B.E.,12th Pass,English,4G/Good,Yes,7,7,13.3,90.9,6.7,4,5.87,50.8,54.6,5.0,2.0,4.0,1.0,4.0,63.0,4.0,1.0,4.0,1.0,3-5/day,At-Risk
Female,Central,B.E.,10th Pass,English,4G/Good,No,4,7,19.5,72.5,6.3,4,6.54,52.7,68.8,5.0,3.0,5.0,3.0,4.0,88.0,3.0,4.0,3.0,5.0,5+/day,Fail
Female,North,B.Com,12th Pass,Hindi,2G/Slow,Yes,9,6,20.3,89.7,6.3,0,6.09,65.2,65.4,5.0,2.0,3.0,2.0,4.0,88.0,4.0,3.0,2.0,7.0,5+/day,Fail
Male,East,B.Tech,12th Pass,Regional,4G/Good,Yes,6,4,22.3,58.5,4.9,3,4.64,31.6,59.2,5.0,4.0,1.0,2.0,5.0,63.0,3.0,3.0,2.0,5.0,1-3/day,Fail
Male,West,B.E.,10th Pass,Regional,5G/Excellent,Yes,8,7,4.2,88.8,6.7,1,5.06,60.6,55.4,5.0,2.0,5.0,5.0,3.0,63.0,3.0,2.0,4.0,7.0,5+/day,At-Risk
Female,East,MCA,12th Pass,Hindi,4G/Good,No,7,6,11.9,81.7,6.9,0,4.88,61.8,64.7,4.0,2.0,3.0,3.0,4.0,63.0,2.0,4.0,3.0,3.0,5+/day,At-Risk
Female,South,B.Tech,Graduate,English,4G/Good,No,4,7,28.2,87.4,5.5,4,6.14,70.5,48.2,4.0,4.0,3.0,4.0,5.0,63.0,4.0,4.0,4.0,5.0,Never,Pass
Female,North,BCA,Below 10th,English,4G/Good,Yes,2,5,10.3,88.9,7.6,3,5.95,40.3,53.3,3.0,2.0,5.0,3.0,4.0,38.0,3.0,3.0,2.0,1.0,5+/day,Pass
Male,Central,B.Tech,10th Pass,Regional,No Access,No,2,7,12.6,99.2,7.2,3,5.47,50.0,51.4,4.0,3.0,4.0,1.0,4.0,38.0,2.0,3.0,4.0,7.0,3-5/day,At-Risk
Female,East,M.Tech,Below 10th,English,5G/Excellent,Yes,8,4,15.7,83.1,6.3,0,4.94,53.1,17.5,3.0,4.0,5.0,4.0,5.0,88.0,2.0,4.0,3.0,5.0,5+/day,At-Risk
Female,Northeast,B.Tech,Graduate,English,5G/Excellent,No,8,6,27.9,71.2,7.7,2,6.52,71.0,59.2,2.0,1.0,3.0,4.0,2.0,38.0,2.0,3.0,1.0,5.0,5+/day,Pass
Female,East,B.Tech,12th Pass,Hindi,4G/Good,Yes,1,4,22.6,100.0,5.9,2,7.53,59.7,80.1,1.0,4.0,3.0,2.0,4.0,13.0,2.0,3.0,2.0,7.0,1-3/day,Pass
Female,West,BCA,Below 10th,Hindi,2G/Slow,Yes,1,8,16.1,86.0,7.7,4,7.32,60.2,68.0,4.0,3.0,4.0,2.0,5.0,13.0,2.0,2.0,2.0,1.0,5+/day,Pass
Female,Northeast,B.Tech,Post-Graduate,Regional,3G/Moderate,No,4,4,14.8,92.0,5.8,5,6.41,51.0,68.2,4.0,1.0,5.0,5.0,2.0,88.0,2.0,4.0,3.0,1.0,5+/day,Pass
Female,West,B.Tech,Below 10th,English,3G/Moderate,Yes,1,4,13.2,77.0,8.9,5,5.93,63.2,53.1,5.0,3.0,5.0,2.0,4.0,88.0,3.0,3.0,3.0,5.0,5+/day,At-Risk
Male,South,B.E.,12th Pass,Hindi,4G/Good,Yes,10,6,9.2,76.9,5.6,2,6.76,59.3,72.8,2.0,1.0,4.0,4.0,4.0,38.0,3.0,3.0,2.0,5.0,5+/day,Pass
Male,East,B.E.,Graduate,Hindi,3G/Moderate,No,1,5,12.3,83.3,6.3,5,5.25,49.6,41.3,3.0,2.0,1.0,1.0,4.0,13.0,4.0,3.0,3.0,3.0,1-3/day,Pass
Male,Northeast,B.E.,Graduate,Regional,4G/Good,No,10,7,30.3,88.5,5.2,4,6.21,66.8,60.6,5.0,1.0,4.0,1.0,3.0,38.0,3.0,2.0,3.0,7.0,5+/day,At-Risk
Male,South,BCA,Below 10th,Regional,4G/Good,No,5,7,28.4,85.3,7.3,2,5.59,70.1,84.8,3.0,3.0,3.0,2.0,4.0,88.0,3.0,3.0,3.0,3.0,5+/day,Pass
Male,South,BCA,Post-Graduate,Regional,No Access,No,1,6,15.6,70.0,4.8,0,6.18,43.3,68.9,2.0,2.0,4.0,4.0,5.0,38.0,4.0,3.0,3.0,7.0,5+/day,Fail
Male,North,BCA,Post-Graduate,English,4G/Good,No,10,6,14.5,100.0,6.3,3,5.32,48.7,50.5,4.0,2.0,5.0,2.0,3.0,63.0,3.0,2.0,3.0,3.0,3-5/day,At-Risk
Male,Central,B.Tech,12th Pass,Regional,3G/Moderate,Yes,6,5,26.0,67.7,4.4,1,5.75,79.5,36.3,4.0,4.0,3.0,1.0,3.0,63.0,3.0,4.0,3.0,3.0,5+/day,Fail
Male,North,B.Tech,12th Pass,English,5G/Excellent,Yes,4,5,13.8,86.0,7.3,3,7.7,78.0,85.6,5.0,3.0,4.0,2.0,5.0,13.0,1.0,4.0,1.0,7.0,5+/day,Pass
Female,West,MCA,Below 10th,English,4G/Good,Yes,10,8,22.7,82.3,7.4,2,5.16,41.5,78.2,5.0,1.0,3.0,5.0,5.0,38.0,4.0,3.0,3.0,1.0,5+/day,Pass
Female,South,M.Tech,12th Pass,English,3G/Moderate,Yes,5,7,10.3,100.0,6.7,3,6.5,47.0,86.7,4.0,3.0,3.0,1.0,1.0,63.0,4.0,3.0,3.0,5.0,5+/day,Pass
Male,South,B.Tech,12th Pass,Hindi,No Access,No,9,7,19.2,76.8,5.7,2,4.96,42.5,56.6,3.0,2.0,1.0,3.0,4.0,0.0,2.0,3.0,2.0,3.0,5+/day,Pass
Female,West,B.E.,Graduate,English,5G/Excellent,Yes,2,8,14.7,67.3,7.5,4,6.9,49.0,21.2,4.0,1.0,3.0,2.0,4.0,38.0,4.0,3.0,3.0,3.0,5+/day,Fail
Female,North,B.E.,12th Pass,Regional,4G/Good,No,3,6,21.2,89.8,5.1,1,4.81,47.6,41.0,3.0,4.0,5.0,3.0,4.0,63.0,2.0,4.0,3.0,3.0,3-5/day,Pass
Male,East,B.E.,Graduate,Hindi,4G/Good,Yes,3,7,27.0,76.0,5.4,4,7.09,45.0,83.7,3.0,3.0,5.0,3.0,4.0,38.0,3.0,4.0,4.0,3.0,5+/day,Pass
Male,West,BCA,Below 10th,English,2G/Slow,Yes,9,4,13.8,94.8,7.5,1,4.63,45.8,48.3,1.0,2.0,3.0,3.0,1.0,63.0,4.0,3.0,4.0,3.0,5+/day,Pass
Male,Northeast,B.Tech,Below 10th,Hindi,4G/Good,No,3,6,10.5,92.5,7.3,4,4.61,50.5,51.5,3.0,4.0,4.0,2.0,5.0,63.0,2.0,3.0,3.0,3.0,5+/day,At-Risk
Female,North,BCA,Below 10th,English,3G/Moderate,Yes,10,6,15.9,90.5,7.3,5,5.74,33.6,53.0,1.0,5.0,4.0,3.0,4.0,38.0,3.0,3.0,4.0,7.0,5+/day,Pass
Female,Central,B.Tech,Below 10th,English,5G/Excellent,Yes,5,5,27.4,72.7,9.9,4,6.12,43.3,58.3,5.0,1.0,4.0,4.0,5.0,88.0,3.0,2.0,4.0,3.0,3-5/day,Fail
Male,West,B.E.,12th Pass,Hindi,5G/Excellent,No,6,8,18.9,92.4,6.8,3,6.69,91.4,46.1,5.0,3.0,4.0,3.0,1.0,38.0,2.0,4.0,2.0,5.0,5+/day,Pass
Male,Central,MCA,Graduate,Regional,4G/Good,No,6,6,17.5,100.0,5.9,1,6.17,63.5,37.3,4.0,2.0,5.0,3.0,5.0,88.0,4.0,1.0,3.0,7.0,5+/day,Fail
Male,East,B.E.,12th Pass,Hindi,5G/Excellent,No,6,5,26.1,77.4,6.3,3,6.27,64.7,30.0,4.0,2.0,4.0,1.0,2.0,88.0,4.0,3.0,3.0,7.0,1-3/day,At-Risk
Male,East,B.Tech,12th Pass,Regional,2G/Slow,No,1,4,21.6,79.6,3.4,4,7.1,58.7,58.1,5.0,4.0,3.0,2.0,4.0,88.0,1.0,3.0,3.0,3.0,5+/day,Pass
Male,Central,B.Com,Graduate,Regional,3G/Moderate,No,6,4,34.2,80.3,7.1,3,6.16,58.4,34.1,4.0,2.0,4.0,4.0,1.0,63.0,3.0,3.0,3.0,3.0,1-3/day,Pass
Male,Central,M.Tech,10th Pass,English,3G/Moderate,Yes,1,7,10.4,78.4,8.6,2,6.41,72.8,80.9,2.0,2.0,3.0,3.0,4.0,38.0,3.0,3.0,3.0,3.0,5+/day,Pass
Female,South,MCA,10th Pass,Hindi,2G/Slow,Yes,6,8,17.9,83.6,6.0,5,4.3,31.5,45.4,4.0,2.0,3.0,2.0,5.0,38.0,3.0,2.0,2.0,5.0,5+/day,At-Risk
Female,South,B.E.,10th Pass,Hindi,5G/Excellent,No,10,8,8.3,82.2,8.5,4,6.45,50.0,50.1,1.0,4.0,3.0,2.0,4.0,13.0,2.0,3.0,2.0,7.0,1-3/day,Pass
Male,South,B.Tech,Graduate,English,2G/Slow,Yes,6,5,10.4,81.3,5.0,2,6.37,57.7,65.7,3.0,4.0,4.0,2.0,4.0,63.0,1.0,4.0,3.0,1.0,5+/day,Pass
Female,South,B.Com,10th Pass,Regional,5G/Excellent,Yes,3,7,27.2,71.3,5.3,5,6.66,51.7,51.4,1.0,3.0,4.0,3.0,4.0,38.0,2.0,3.0,3.0,3.0,1-3/day,At-Risk
Male,South,B.E.,Below 10th,Regional,4G/Good,Yes,3,8,11.7,96.3,5.3,4,6.31,48.5,83.2,3.0,3.0,5.0,3.0,4.0,38.0,3.0,4.0,4.0,3.0,5+/day,Pass
Male,South,M.Tech,12th Pass,English,4G/Good,Yes,6,7,29.0,86.5,4.3,2,8.74,100.0,74.7,2.0,2.0,2.0,1.0,5.0,88.0,4.0,4.0,4.0,5.0,5+/day,Pass
Male,Northeast,B.Tech,Post-Graduate,Regional,No Access,No,2,5,10.2,93.6,8.7,5,5.52,65.5,60.5,3.0,4.0,4.0,2.0,5.0,63.0,2.0,3.0,3.0,3.0,5+/day,Pass
Female,North,B.Tech,12th Pass,English,No Access,Yes,5,7,17.4,89.2,7.3,2,4.9,50.0,59.1,3.0,2.0,3.0,2.0,4.0,88.0,4.0,1.0,1.0,1.0,1-3/day,Pass
Other,West,B.Com,Graduate,Regional,3G/Moderate,Yes,10,6,9.6,50.1,7.4,4,5.6,61.2,37.9,3.0,3.0,4.0,2.0,5.0,88.0,2.0,3.0,3.0,7.0,5+/day,Fail
Female,North,B.E.,Graduate,English,4G/Good,No,3,6,22.6,92.9,5.4,2,6.43,41.0,26.9,4.0,2.0,5.0,3.0,3.0,63.0,4.0,3.0,3.0,1.0,1-3/day,At-Risk
Male,South,B.Tech,12th Pass,Regional,4G/Good,No,5,6,19.4,91.7,7.7,1,6.61,65.8,77.0,3.0,1.0,3.0,4.0,4.0,63.0,3.0,3.0,3.0,5.0,5+/day,Pass
Female,North,B.Tech,Graduate,Hindi,4G/Good,No,3,6,26.8,84.9,5.7,2,6.58,48.7,70.3,4.0,3.0,4.0,1.0,2.0,13.0,1.0,4.0,4.0,7.0,5+/day,Pass
Male,South,B.E.,Graduate,Hindi,4G/Good,No,2,4,23.9,100.0,5.8,4,7.61,72.9,83.5,4.0,3.0,4.0,4.0,4.0,38.0,1.0,2.0,2.0,1.0,5+/day,Pass
Female,West,B.Tech,10th Pass,English,4G/Good,No,4,4,18.9,94.5,8.1,5,6.6,48.5,51.4,2.0,2.0,3.0,3.0,4.0,38.0,3.0,3.0,3.0,3.0,5+/day,Pass
Male,Central,B.E.,10th Pass,English,3G/Moderate,No,5,8,18.8,94.1,5.2,1,4.4,51.4,65.5,3.0,2.0,4.0,1.0,3.0,63.0,3.0,3.0,4.0,1.0,5+/day,At-Risk
Male,North,B.E.,10th Pass,English,5G/Excellent,Yes,6,4,9.1,61.6,5.0,1,5.35,58.6,80.0,4.0,3.0,4.0,2.0,3.0,88.0,1.0,3.0,4.0,5.0,5+/day,Fail
Female,South,MCA,12th Pass,Regional,3G/Moderate,Yes,2,7,20.7,98.1,4.8,1,6.89,62.2,53.8,4.0,2.0,3.0,2.0,5.0,88.0,2.0,3.0,3.0,7.0,3-5/day,At-Risk
Female,East,B.E.,Graduate,English,3G/Moderate,No,3,7,17.3,90.1,6.3,3,7.54,67.1,66.2,3.0,2.0,4.0,1.0,3.0,63.0,3.0,3.0,4.0,1.0,5+/day,Pass
Male,Northeast,B.Com,10th Pass,Hindi,4G/Good,Yes,3,4,22.6,65.9,9.6,1,6.08,70.0,70.3,2.0,2.0,4.0,1.0,4.0,13.0,3.0,1.0,4.0,7.0,5+/day,Fail
Female,West,B.Tech,10th Pass,Regional,5G/Excellent,Yes,6,7,23.2,85.8,6.1,5,6.62,64.1,74.6,4.0,2.0,5.0,5.0,5.0,63.0,2.0,3.0,4.0,3.0,3-5/day,Pass
Male,East,BCA,Graduate,Regional,5G/Excellent,Yes,1,8,13.5,61.7,4.5,3,6.6,64.7,90.2,5.0,3.0,4.0,2.0,5.0,13.0,1.0,4.0,1.0,7.0,5+/day,At-Risk
Female,West,B.Tech,12th Pass,English,2G/Slow,Yes,7,5,12.9,90.2,5.6,5,4.48,45.2,57.8,2.0,2.0,3.0,2.0,3.0,63.0,3.0,3.0,2.0,7.0,5+/day,Pass
Female,Northeast,BCA,12th Pass,Regional,4G/Good,Yes,8,4,18.5,84.2,5.8,0,7.47,52.1,61.9,5.0,5.0,5.0,5.0,5.0,63.0,2.0,2.0,3.0,3.0,3-5/day,Pass
Female,North,B.Com,Graduate,English,2G/Slow,Yes,7,6,16.2,74.8,6.6,5,5.42,68.8,61.4,4.0,1.0,3.0,3.0,5.0,38.0,2.0,2.0,3.0,1.0,3-5/day,Fail
Female,South,MCA,12th Pass,Hindi,5G/Excellent,Yes,4,7,7.8,90.5,7.0,2,5.81,60.7,31.7,3.0,4.0,4.0,3.0,3.0,38.0,3.0,3.0,4.0,7.0,5+/day,Pass
Female,Central,BCA,Graduate,Hindi,3G/Moderate,Yes,7,7,11.0,72.9,3.4,3,5.7,47.3,74.8,4.0,2.0,4.0,4.0,1.0,63.0,3.0,3.0,3.0,3.0,1-3/day,At-Risk
Male,West,B.E.,Below 10th,English,3G/Moderate,Yes,1,5,25.5,83.4,4.7,4,7.43,65.7,62.3,5.0,1.0,5.0,2.0,3.0,63.0,4.0,3.0,3.0,7.0,5+/day,At-Risk
Female,East,MCA,10th Pass,English,5G/Excellent,No,8,8,21.1,95.3,4.6,1,7.17,65.8,54.1,4.0,1.0,5.0,5.0,2.0,88.0,2.0,4.0,3.0,1.0,5+/day,Pass
Male,East,B.Com,12th Pass,Hindi,5G/Excellent,No,10,7,17.8,77.9,8.0,5,5.19,32.2,39.2,3.0,3.0,4.0,1.0,4.0,88.0,2.0,4.0,3.0,1.0,3-5/day,At-Risk
Male,South,B.Com,12th Pass,English,4G/Good,No,10,6,26.8,70.6,5.0,4,6.58,69.5,54.7,2.0,1.0,3.0,4.0,2.0,38.0,2.0,3.0,1.0,5.0,5+/day,At-Risk
Male,East,B.E.,Post-Graduate,Regional,2G/Slow,No,3,5,17.6,95.1,6.9,1,5.84,78.0,34.8,4.0,2.0,3.0,3.0,3.0,63.0,3.0,4.0,4.0,1.0,1-3/day,Pass
Male,West,B.Com,Post-Graduate,English,4G/Good,No,9,7,22.9,83.3,7.2,5,7.22,72.9,59.7,3.0,4.0,4.0,2.0,5.0,63.0,2.0,3.0,3.0,3.0,5+/day,Pass
Female,South,B.Tech,Graduate,Regional,5G/Excellent,No,1,6,17.7,100.0,5.7,4,7.27,50.2,59.4,1.0,2.0,4.0,4.0,4.0,88.0,4.0,4.0,4.0,5.0,3-5/day,Pass
Male,West,B.Tech,10th Pass,Hindi,4G/Good,Yes,6,7,18.4,88.2,3.0,2,4.88,33.6,39.9,5.0,1.0,4.0,4.0,3.0,38.0,1.0,1.0,2.0,7.0,5+/day,At-Risk
Female,Northeast,B.Tech,Post-Graduate,Regional,2G/Slow,No,1,6,40.0,91.2,8.3,5,7.19,56.3,60.4,1.0,5.0,4.0,3.0,4.0,38.0,3.0,3.0,4.0,7.0,5+/day,Pass
Male,North,B.Tech,Graduate,Hindi,3G/Moderate,No,8,5,13.1,86.4,8.5,2,4.96,65.1,50.8,5.0,4.0,4.0,1.0,4.0,63.0,4.0,3.0,2.0,1.0,5+/day,At-Risk
Male,South,MCA,10th Pass,Regional,5G/Excellent,Yes,3,8,21.9,88.7,6.5,0,7.0,77.6,50.5,1.0,4.0,5.0,2.0,4.0,88.0,3.0,3.0,4.0,5.0,5+/day,Pass
Male,South,M.Tech,Graduate,English,4G/Good,No,4,4,21.7,89.3,5.5,4,7.06,44.4,68.4,2.0,3.0,2.0,2.0,5.0,63.0,3.0,3.0,4.0,3.0,5+/day,Pass
Male,West,MCA,Below 10th,Hindi,4G/Good,No,6,4,26.0,90.1,9.2,0,6.61,58.8,51.5,2.0,2.0,3.0,3.0,4.0,38.0,3.0,3.0,3.0,3.0,5+/day,Pass
Male,North,BCA,Below 10th,English,4G/Good,Yes,4,8,17.5,68.6,5.4,4,7.18,58.6,53.8,4.0,2.0,5.0,3.0,5.0,88.0,4.0,1.0,3.0,7.0,5+/day,Fail
Female,West,B.E.,Graduate,English,4G/Good,No,8,7,32.0,71.7,7.7,2,5.91,51.8,70.2,2.0,1.0,4.0,4.0,4.0,38.0,3.0,3.0,2.0,5.0,5+/day,At-Risk
Male,Northeast,BCA,12th Pass,Hindi,5G/Excellent,Yes,9,5,15.5,89.9,4.3,0,4.56,22.6,55.1,4.0,3.0,4.0,1.0,4.0,38.0,2.0,3.0,4.0,7.0,3-5/day,Fail
Female,South,B.E.,10th Pass,Hindi,3G/Moderate,Yes,5,6,14.9,83.1,7.2,1,5.71,54.8,77.7,4.0,4.0,4.0,4.0,4.0,88.0,4.0,4.0,4.0,5.0,5+/day,Pass
Male,Central,MCA,12th Pass,English,4G/Good,Yes,1,5,23.9,72.8,4.6,5,7.66,58.1,68.8,1.0,3.0,4.0,3.0,4.0,38.0,2.0,3.0,3.0,3.0,1-3/day,Pass
Male,Central,BCA,Post-Graduate,Hindi,3G/Moderate,No,8,8,26.6,85.6,7.1,5,4.94,45.2,53.2,4.0,4.0,5.0,2.0,3.0,38.0,2.0,3.0,3.0,3.0,5+/day,Pass
Female,North,BCA,12th Pass,Hindi,2G/Slow,No,2,7,9.3,100.0,6.5,2,6.92,64.9,74.0,2.0,2.0,1.0,1.0,4.0,88.0,4.0,3.0,3.0,1.0,5+/day,Pass
Male,North,B.E.,10th Pass,English,4G/Good,No,6,7,12.6,84.3,6.0,3,6.25,66.6,45.6,4.0,5.0,3.0,4.0,4.0,38.0,3.0,2.0,3.0,3.0,5+/day,Pass
Male,Central,M.Tech,Below 10th,Hindi,5G/Excellent,No,6,8,19.2,87.1,5.9,2,5.55,30.7,46.8,4.0,2.0,4.0,3.0,3.0,13.0,4.0,4.0,4.0,3.0,3-5/day,At-Risk
Male,Central,B.Tech,10th Pass,Hindi,4G/Good,Yes,7,5,22.2,87.4,8.1,2,7.44,50.3,80.9,5.0,1.0,5.0,4.0,2.0,38.0,4.0,3.0,3.0,3.0,5+/day,Pass
Male,North,B.E.,Post-Graduate,English,3G/Moderate,Yes,9,4,27.4,74.7,6.4,3,6.75,66.1,64.8,4.0,3.0,4.0,2.0,5.0,13.0,2.0,2.0,2.0,1.0,5+/day,At-Risk
Female,North,MCA,12th Pass,Regional,3G/Moderate,No,1,5,18.8,81.4,7.1,4,4.71,45.0,33.8,4.0,2.0,4.0,1.0,4.0,88.0,2.0,4.0,3.0,5.0,5+/day,Fail
Male,North,B.E.,12th Pass,Hindi,5G/Excellent,No,10,7,26.1,56.9,10.8,3,6.78,48.6,80.7,3.0,3.0,3.0,1.0,3.0,13.0,4.0,3.0,3.0,3.0,5+/day,Fail
Female,Central,M.Tech,12th Pass,Regional,3G/Moderate,No,8,7,5.4,70.7,4.6,4,4.67,42.9,34.0,4.0,2.0,5.0,3.0,1.0,88.0,3.0,3.0,4.0,5.0,1-3/day,Fail
Female,North,B.Tech,Graduate,English,5G/Excellent,Yes,5,8,9.6,81.1,5.3,0,7.06,67.2,69.9,1.0,2.0,4.0,4.0,4.0,88.0,4.0,4.0,4.0,5.0,3-5/day,Pass
Male,East,B.E.,12th Pass,Regional,3G/Moderate,No,6,5,17.9,67.7,4.0,0,5.37,58.1,52.4,3.0,4.0,5.0,4.0,5.0,63.0,1.0,3.0,3.0,3.0,5+/day,Fail
Female,Northeast,M.Tech,Graduate,English,5G/Excellent,Yes,8,4,25.3,81.8,4.0,0,6.23,44.7,38.2,4.0,4.0,5.0,2.0,3.0,38.0,2.0,3.0,3.0,3.0,5+/day,Pass
Male,North,B.E.,10th Pass,English,5G/Excellent,Yes,8,5,15.7,78.4,9.4,3,4.87,47.0,47.1,5.0,3.0,4.0,2.0,5.0,13.0,1.0,4.0,1.0,7.0,5+/day,At-Risk
Female,East,B.E.,Below 10th,English,No Access,No,7,7,16.0,97.9,5.9,4,2.52,25.6,42.7,5.0,2.0,5.0,3.0,4.0,88.0,1.0,3.0,2.0,3.0,3-5/day,Fail
Male,South,B.Tech,Post-Graduate,Regional,4G/Good,No,7,5,20.7,100.0,3.0,1,4.63,69.1,49.8,5.0,3.0,4.0,5.0,3.0,63.0,4.0,4.0,4.0,5.0,3-5/day,At-Risk
Female,Northeast,B.Tech,Post-Graduate,Hindi,3G/Moderate,Yes,1,7,16.4,81.3,6.1,2,6.98,51.0,58.2,1.0,2.0,5.0,1.0,5.0,13.0,3.0,3.0,3.0,3.0,5+/day,Pass
Male,South,BCA,Post-Graduate,English,3G/Moderate,No,8,7,27.8,86.5,5.8,3,5.38,44.7,49.3,3.0,4.0,5.0,4.0,5.0,88.0,2.0,4.0,3.0,5.0,5+/day,At-Risk
Male,West,B.Tech,Post-Graduate,English,4G/Good,No,3,6,18.7,96.5,4.9,0,5.91,53.1,64.7,5.0,2.0,3.0,1.0,4.0,13.0,3.0,2.0,4.0,5.0,5+/day,At-Risk
Female,West,M.Tech,Graduate,English,4G/Good,Yes,5,4,35.2,81.9,5.8,1,7.34,64.2,72.7,4.0,5.0,4.0,2.0,5.0,38.0,2.0,2.0,4.0,5.0,5+/day,Pass
Female,North,MCA,Graduate,English,3G/Moderate,No,4,8,19.1,87.0,6.7,4,6.39,46.4,57.5,4.0,2.0,3.0,3.0,3.0,63.0,3.0,4.0,4.0,1.0,1-3/day,Pass
Male,North,B.Tech,Graduate,Hindi,4G/Good,Yes,10,4,15.3,65.3,5.9,4,6.47,68.6,70.1,1.0,4.0,5.0,2.0,4.0,88.0,3.0,3.0,4.0,5.0,5+/day,Fail
Male,South,BCA,12th Pass,Hindi,3G/Moderate,No,3,5,18.6,88.2,7.8,4,8.04,72.7,84.8,4.0,5.0,4.0,2.0,3.0,38.0,1.0,4.0,2.0,3.0,1-3/day,Pass
Female,South,BCA,Below 10th,Regional,No Access,No,10,6,25.7,97.3,6.4,3,5.6,75.9,56.7,4.0,2.0,3.0,5.0,5.0,13.0,3.0,4.0,3.0,7.0,5+/day,Pass
Female,Northeast,B.Tech,10th Pass,Regional,4G/Good,Yes,5,7,16.8,68.6,6.5,2,5.29,58.0,37.4,3.0,4.0,5.0,3.0,4.0,63.0,2.0,4.0,3.0,3.0,3-5/day,Fail
Female,Northeast,B.Tech,Post-Graduate,Hindi,4G/Good,No,3,4,0.0,62.1,6.2,2,4.04,45.7,50.2,3.0,4.0,3.0,5.0,5.0,63.0,3.0,2.0,3.0,3.0,3-5/day,Fail
Female,South,B.E.,10th Pass,English,4G/Good,Yes,9,7,14.7,97.5,4.6,1,6.38,46.1,67.8,4.0,2.0,4.0,1.0,4.0,88.0,2.0,4.0,3.0,5.0,5+/day,At-Risk
Female,East,BCA,Graduate,English,4G/Good,Yes,9,7,1.8,78.2,4.7,5,4.99,49.3,54.7,4.0,2.0,3.0,2.0,5.0,88.0,2.0,3.0,3.0,7.0,3-5/day,Fail
Female,East,BCA,Below 10th,Hindi,5G/Excellent,No,6,6,21.6,72.6,6.7,0,5.35,60.4,41.4,5.0,2.0,2.0,3.0,3.0,63.0,4.0,3.0,3.0,5.0,3-5/day,Fail
Male,Northeast,B.E.,10th Pass,Hindi,4G/Good,Yes,3,4,10.2,83.2,5.4,5,5.46,55.5,46.2,1.0,4.0,5.0,2.0,4.0,88.0,3.0,3.0,4.0,5.0,5+/day,At-Risk
Male,South,MCA,10th Pass,Hindi,No Access,Yes,5,6,18.3,75.4,7.4,5,4.66,57.9,65.0,5.0,2.0,5.0,2.0,4.0,88.0,1.0,3.0,4.0,5.0,5+/day,At-Risk
Female,South,MCA,Below 10th,Regional,4G/Good,No,8,7,7.7,69.6,6.0,5,4.31,50.7,57.4,3.0,4.0,2.0,3.0,4.0,38.0,2.0,1.0,3.0,3.0,5+/day,At-Risk
Female,South,BCA,Below 10th,Regional,4G/Good,No,9,4,17.4,63.7,5.3,0,4.88,58.2,63.1,3.0,4.0,4.0,3.0,5.0,38.0,2.0,2.0,3.0,7.0,5+/day,Fail
Male,East,MCA,10th Pass,English,4G/Good,No,3,7,19.2,100.0,6.9,0,6.34,48.0,74.8,4.0,5.0,4.0,2.0,5.0,38.0,2.0,2.0,4.0,5.0,5+/day,Pass
Male,South,B.Tech,Graduate,English,4G/Good,No,5,7,14.5,100.0,6.5,0,6.88,65.8,49.7,3.0,3.0,5.0,3.0,4.0,38.0,3.0,4.0,4.0,3.0,5+/day,Pass
Female,South,M.Tech,Below 10th,Regional,3G/Moderate,No,2,4,17.7,79.0,4.0,1,4.83,40.8,29.4,4.0,2.0,5.0,4.0,1.0,88.0,2.0,3.0,4.0,1.0,3-5/day,At-Risk
Male,North,BCA,10th Pass,Regional,2G/Slow,No,2,8,6.2,100.0,3.8,1,4.37,41.2,60.8,4.0,3.0,4.0,3.0,4.0,88.0,1.0,2.0,3.0,5.0,1-3/day,At-Risk
Male,West,MCA,Below 10th,English,4G/Good,Yes,2,6,18.3,97.9,7.4,4,6.4,34.0,26.7,5.0,1.0,4.0,4.0,3.0,38.0,1.0,1.0,2.0,7.0,5+/day,Pass
Male,North,B.E.,Graduate,Hindi,3G/Moderate,No,6,5,13.5,81.4,5.4,3,5.88,76.2,81.9,4.0,3.0,4.0,3.0,5.0,88.0,4.0,4.0,2.0,7.0,5+/day,At-Risk
Male,North,B.Tech,12th Pass,Hindi,4G/Good,Yes,3,7,18.6,100.0,6.7,2,7.18,45.0,64.9,4.0,3.0,4.0,4.0,2.0,38.0,2.0,3.0,4.0,5.0,Never,Pass
Male,South,B.E.,12th Pass,Hindi,4G/Good,No,10,6,17.2,57.5,6.8,5,5.02,43.6,45.6,5.0,2.0,4.0,1.0,4.0,63.0,4.0,1.0,4.0,1.0,3-5/day,Fail
Male,North,B.E.,10th Pass,English,4G/Good,No,5,6,16.3,79.5,8.3,1,5.4,49.2,46.9,3.0,1.0,4.0,3.0,5.0,63.0,3.0,4.0,4.0,7.0,3-5/day,Fail
Male,East,BCA,10th Pass,Regional,4G/Good,No,8,4,14.9,100.0,9.0,5,6.92,78.7,53.8,3.0,5.0,3.0,2.0,3.0,88.0,2.0,3.0,2.0,3.0,1-3/day,Pass
Female,South,B.E.,Graduate,Hindi,No Access,No,5,4,19.9,77.9,4.8,2,4.97,38.1,56.3,3.0,1.0,3.0,4.0,4.0,63.0,3.0,3.0,3.0,5.0,5+/day,At-Risk
Male,South,MCA,Graduate,English,5G/Excellent,No,2,4,29.7,96.1,6.3,4,6.52,49.8,57.6,3.0,2.0,1.0,1.0,4.0,13.0,4.0,3.0,3.0,3.0,1-3/day,Pass
Female,East,BCA,Below 10th,Hindi,4G/Good,No,6,6,17.1,70.2,6.3,4,5.81,66.5,66.2,1.0,3.0,5.0,5.0,4.0,0.0,3.0,3.0,4.0,3.0,3-5/day,Pass
Female,North,BCA,12th Pass,Hindi,4G/Good,No,2,4,21.8,74.1,8.8,5,5.41,46.6,68.2,4.0,3.0,3.0,1.0,1.0,63.0,4.0,3.0,3.0,5.0,5+/day,Fail
Male,North,B.Tech,10th Pass,Regional,3G/Moderate,No,8,5,29.0,86.7,4.3,1,4.91,33.6,45.1,5.0,3.0,5.0,3.0,4.0,88.0,3.0,4.0,3.0,5.0,5+/day,Fail
Female,Central,B.Com,10th Pass,English,2G/Slow,Yes,2,6,20.8,89.9,8.7,0,7.05,56.1,69.1,4.0,4.0,5.0,2.0,3.0,38.0,2.0,3.0,3.0,3.0,5+/day,Pass
Male,South,MCA,Graduate,Regional,4G/Good,No,7,4,23.3,84.5,7.3,3,5.54,65.1,57.3,3.0,4.0,4.0,3.0,5.0,38.0,2.0,2.0,3.0,7.0,5+/day,Pass
Female,South,MCA,12th Pass,English,3G/Moderate,No,4,7,12.0,77.0,5.7,2,5.17,57.5,46.7,4.0,3.0,4.0,2.0,3.0,88.0,1.0,2.0,3.0,5.0,5+/day,At-Risk
Male,North,B.Tech,10th Pass,Hindi,3G/Moderate,No,4,6,20.5,70.8,7.8,2,5.6,60.4,40.4,3.0,3.0,3.0,2.0,4.0,88.0,3.0,3.0,3.0,3.0,5+/day,Fail
Female,East,B.E.,10th Pass,Hindi,4G/Good,No,8,8,20.5,100.0,5.9,4,5.4,63.3,41.3,2.0,2.0,4.0,2.0,3.0,63.0,1.0,2.0,4.0,5.0,5+/day,At-Risk
Female,East,B.Tech,Post-Graduate,English,4G/Good,Yes,4,8,30.4,86.2,4.1,2,6.68,69.8,76.0,4.0,1.0,5.0,4.0,5.0,38.0,3.0,1.0,2.0,7.0,5+/day,Pass
Male,East,B.E.,Graduate,Hindi,4G/Good,No,8,6,9.3,95.3,6.7,0,6.07,56.9,52.7,4.0,2.0,4.0,2.0,5.0,63.0,2.0,3.0,3.0,5.0,5+/day,Fail
Male,West,B.Tech,Graduate,Regional,4G/Good,Yes,9,6,33.2,93.9,6.1,1,7.42,79.9,68.5,2.0,2.0,5.0,3.0,5.0,38.0,4.0,2.0,3.0,3.0,5+/day,Pass
Female,North,BCA,12th Pass,Hindi,5G/Excellent,No,8,8,26.0,76.3,5.8,3,5.98,49.3,75.8,2.0,3.0,4.0,3.0,4.0,88.0,2.0,3.0,4.0,5.0,5+/day,Pass
Female,South,BCA,12th Pass,Hindi,3G/Moderate,No,4,7,24.8,82.6,5.3,3,5.97,64.8,47.3,4.0,2.0,4.0,1.0,4.0,88.0,2.0,4.0,3.0,5.0,5+/day,Fail
Male,Northeast,B.E.,10th Pass,English,4G/Good,Yes,5,7,10.0,72.8,7.4,0,5.13,36.5,56.7,2.0,2.0,4.0,1.0,4.0,13.0,3.0,1.0,4.0,7.0,5+/day,Fail
Female,Central,B.E.,Below 10th,English,2G/Slow,No,6,7,11.7,91.2,6.5,2,4.76,54.7,54.4,4.0,2.0,5.0,5.0,5.0,63.0,2.0,3.0,4.0,3.0,3-5/day,At-Risk
Male,North,M.Tech,12th Pass,English,4G/Good,No,9,5,22.4,80.1,5.8,0,6.89,72.7,56.0,1.0,4.0,2.0,3.0,4.0,63.0,2.0,3.0,4.0,7.0,5+/day,Pass
Female,East,B.Tech,12th Pass,Regional,4G/Good,No,5,5,3.4,100.0,5.6,3,5.62,50.7,54.5,4.0,4.0,3.0,1.0,3.0,63.0,3.0,4.0,3.0,3.0,5+/day,At-Risk
Male,North,MCA,10th Pass,Regional,3G/Moderate,No,2,7,7.5,62.7,5.8,0,6.08,79.6,88.9,1.0,3.0,4.0,3.0,4.0,38.0,2.0,3.0,3.0,3.0,1-3/day,At-Risk
Female,North,B.Tech,Graduate,Regional,4G/Good,Yes,7,8,23.6,88.0,5.6,3,6.51,57.0,54.3,4.0,2.0,5.0,3.0,1.0,88.0,3.0,3.0,4.0,5.0,1-3/day,Pass
Male,South,B.Tech,10th Pass,English,5G/Excellent,Yes,6,5,26.3,100.0,5.9,2,7.14,72.7,57.5,1.0,2.0,5.0,3.0,3.0,38.0,3.0,4.0,3.0,1.0,3-5/day,Pass
Male,North,B.Tech,10th Pass,Hindi,2G/Slow,No,3,4,33.0,73.2,7.6,5,7.42,86.9,54.2,4.0,2.0,4.0,2.0,3.0,63.0,3.0,4.0,2.0,7.0,5+/day,Fail
Male,West,MCA,Below 10th,English,4G/Good,Yes,8,5,15.7,83.9,5.9,3,4.79,64.8,47.6,4.0,3.0,4.0,3.0,4.0,38.0,1.0,4.0,4.0,5.0,3-5/day,At-Risk
Male,East,B.E.,12th Pass,Regional,5G/Excellent,No,3,8,11.9,77.8,6.7,0,5.98,67.4,60.0,4.0,2.0,4.0,1.0,4.0,63.0,3.0,1.0,4.0,3.0,5+/day,At-Risk
Male,North,M.Tech,Below 10th,English,4G/Good,No,10,8,12.6,92.8,5.9,4,5.54,43.9,73.3,1.0,4.0,3.0,2.0,4.0,13.0,2.0,3.0,2.0,7.0,1-3/day,Pass
Male,North,B.E.,10th Pass,English,4G/Good,No,4,6,21.2,58.0,3.8,3,6.78,58.1,63.4,5.0,4.0,5.0,2.0,4.0,38.0,3.0,3.0,3.0,5.0,5+/day,Fail
Female,Northeast,B.Tech,12th Pass,Hindi,5G/Excellent,No,9,8,16.6,67.6,6.8,4,4.2,29.0,54.5,3.0,3.0,3.0,1.0,1.0,63.0,3.0,4.0,4.0,7.0,3-5/day,Fail
Male,North,BCA,12th Pass,English,3G/Moderate,No,4,7,8.5,70.1,5.4,4,5.14,48.3,37.6,4.0,3.0,4.0,4.0,4.0,38.0,1.0,2.0,2.0,1.0,5+/day,At-Risk
Male,East,B.Tech,12th Pass,Hindi,3G/Moderate,No,2,8,21.7,92.6,7.5,4,6.77,72.5,34.6,4.0,3.0,4.0,3.0,4.0,38.0,1.0,4.0,4.0,5.0,3-5/day,Pass
Male,South,MCA,10th Pass,Hindi,4G/Good,No,9,5,10.8,79.8,9.0,0,3.14,41.2,52.1,5.0,2.0,3.0,2.0,4.0,88.0,4.0,3.0,2.0,7.0,5+/day,Fail
Male,East,B.Tech,12th Pass,Hindi,4G/Good,Yes,10,5,23.2,74.4,5.5,0,5.41,38.8,43.3,2.0,3.0,2.0,2.0,5.0,63.0,3.0,3.0,4.0,3.0,5+/day,Fail
Male,South,B.Tech,12th Pass,Regional,2G/Slow,Yes,8,5,22.9,86.9,7.9,2,6.26,80.4,24.4,3.0,3.0,4.0,1.0,4.0,63.0,3.0,1.0,4.0,7.0,1-3/day,At-Risk
Male,North,MCA,10th Pass,English,3G/Moderate,No,4,8,15.9,84.7,5.9,3,6.69,61.1,84.9,2.0,3.0,4.0,3.0,3.0,63.0,3.0,3.0,1.0,1.0,3-5/day,Pass
Male,North,B.Com,Graduate,Hindi,4G/Good,No,6,7,20.0,79.7,6.0,5,6.51,56.6,77.8,4.0,4.0,3.0,2.0,4.0,38.0,3.0,3.0,3.0,7.0,5+/day,Pass
Male,North,B.E.,12th Pass,Regional,5G/Excellent,Yes,6,7,16.0,76.0,7.1,1,5.4,51.5,49.8,2.0,2.0,4.0,2.0,3.0,13.0,4.0,4.0,2.0,3.0,5+/day,Pass
Female,South,MCA,10th Pass,Hindi,4G/Good,No,2,6,17.5,71.2,3.6,5,5.01,64.3,39.2,4.0,3.0,4.0,2.0,5.0,13.0,2.0,2.0,2.0,1.0,5+/day,Fail
Female,West,B.Tech,Post-Graduate,English,5G/Excellent,No,9,4,9.0,99.1,3.9,4,4.44,38.1,31.0,4.0,3.0,5.0,1.0,2.0,13.0,4.0,3.0,3.0,5.0,5+/day,At-Risk
Male,South,MCA,Graduate,Regional,5G/Excellent,No,6,7,0.0,100.0,6.6,3,6.0,64.1,53.7,2.0,4.0,4.0,2.0,3.0,38.0,2.0,3.0,4.0,3.0,5+/day,Pass
Male,North,BCA,Post-Graduate,English,4G/Good,Yes,5,5,17.1,66.3,3.0,4,7.48,77.8,74.5,5.0,3.0,4.0,3.0,1.0,38.0,2.0,4.0,2.0,5.0,5+/day,At-Risk
Female,East,B.Tech,Graduate,English,4G/Good,Yes,2,6,11.0,77.3,8.1,5,6.16,78.2,56.9,4.0,2.0,3.0,2.0,5.0,88.0,2.0,3.0,3.0,7.0,3-5/day,At-Risk
Male,East,B.Tech,10th Pass,English,4G/Good,No,10,7,12.0,87.4,8.5,2,6.38,42.2,59.1,2.0,2.0,2.0,1.0,4.0,88.0,4.0,3.0,4.0,5.0,3-5/day,At-Risk
Female,Central,B.Tech,10th Pass,English,2G/Slow,Yes,1,7,11.6,71.2,7.0,0,6.57,55.9,85.1,2.0,2.0,2.0,1.0,4.0,88.0,4.0,3.0,4.0,5.0,3-5/day,Fail
Male,East,B.E.,Graduate,English,4G/Good,No,7,4,24.7,90.9,6.3,5,6.68,54.4,38.8,2.0,2.0,4.0,2.0,3.0,13.0,4.0,4.0,2.0,3.0,5+/day,Pass
Female,East,B.Tech,Post-Graduate,English,4G/Good,No,4,4,25.5,84.6,8.2,5,6.61,59.1,66.3,3.0,4.0,4.0,2.0,5.0,63.0,3.0,4.0,4.0,5.0,3-5/day,Pass
Female,East,BCA,12th Pass,English,4G/Good,Yes,7,4,20.4,92.0,5.8,1,6.2,57.1,67.7,4.0,2.0,1.0,3.0,5.0,38.0,4.0,3.0,4.0,7.0,5+/day,Pass
Female,Central,B.Com,Graduate,English,4G/Good,No,5,7,15.7,100.0,5.9,5,6.91,62.1,59.2,4.0,1.0,3.0,2.0,3.0,88.0,3.0,3.0,3.0,7.0,3-5/day,At-Risk
Other,Northeast,B.Tech,10th Pass,English,4G/Good,No,1,7,20.3,62.0,6.3,0,5.37,60.7,72.2,5.0,1.0,4.0,4.0,3.0,38.0,1.0,1.0,2.0,7.0,5+/day,Fail
Male,South,B.E.,12th Pass,Hindi,4G/Good,Yes,5,5,25.7,99.6,5.3,2,6.6,57.4,73.7,3.0,3.0,4.0,2.0,5.0,63.0,3.0,4.0,3.0,1.0,5+/day,Pass
Male,North,BCA,Post-Graduate,English,4G/Good,Yes,4,8,29.6,75.7,8.4,2,7.16,70.2,69.7,3.0,5.0,4.0,3.0,5.0,88.0,4.0,3.0,3.0,5.0,3-5/day,Pass
Female,South,B.Com,Graduate,English,3G/Moderate,No,1,4,12.7,90.5,8.4,4,6.99,72.2,55.3,4.0,1.0,5.0,3.0,2.0,38.0,3.0,3.0,3.0,1.0,5+/day,Pass
Female,East,B.E.,Post-Graduate,English,4G/Good,No,10,5,7.4,88.7,5.1,0,4.51,53.8,32.7,4.0,2.0,4.0,1.0,4.0,63.0,3.0,1.0,4.0,3.0,5+/day,Fail
Male,West,B.E.,Graduate,English,5G/Excellent,No,2,5,20.2,99.0,5.4,0,7.24,67.2,40.9,3.0,1.0,4.0,2.0,2.0,38.0,3.0,1.0,4.0,7.0,3-5/day,Pass
Male,East,B.E.,12th Pass,English,5G/Excellent,No,9,6,5.4,83.3,6.0,1,5.3,61.5,71.5,2.0,2.0,5.0,3.0,5.0,38.0,4.0,2.0,3.0,3.0,5+/day,At-Risk
Male,North,B.Tech,12th Pass,English,3G/Moderate,No,1,5,19.9,72.7,8.3,3,7.12,54.5,93.0,4.0,2.0,5.0,3.0,3.0,63.0,4.0,3.0,3.0,1.0,1-3/day,At-Risk
Male,West,B.Tech,Post-Graduate,Hindi,4G/Good,Yes,10,4,19.6,85.5,6.0,2,7.75,62.2,75.5,3.0,4.0,4.0,3.0,2.0,63.0,1.0,4.0,4.0,7.0,5+/day,Pass
Female,Northeast,B.E.,12th Pass,Hindi,5G/Excellent,Yes,4,8,17.1,100.0,6.7,4,6.94,57.7,64.4,5.0,3.0,4.0,3.0,1.0,88.0,3.0,2.0,2.0,7.0,5+/day,Pass
Male,South,B.Tech,10th Pass,Regional,2G/Slow,Yes,8,5,30.5,86.8,4.9,5,5.79,61.6,56.7,2.0,2.0,2.0,1.0,4.0,88.0,4.0,3.0,4.0,5.0,3-5/day,At-Risk
Male,West,BCA,12th Pass,Hindi,3G/Moderate,No,5,7,18.5,75.7,8.8,1,7.02,68.7,66.1,3.0,4.0,5.0,3.0,1.0,38.0,1.0,3.0,3.0,5.0,5+/day,Pass
Male,South,B.Tech,12th Pass,Hindi,3G/Moderate,Yes,10,7,21.9,80.7,4.7,5,5.85,68.6,69.5,4.0,4.0,3.0,2.0,4.0,38.0,3.0,3.0,3.0,1.0,3-5/day,Pass
Male,Central,B.E.,Below 10th,English,4G/Good,No,7,5,26.1,85.6,5.9,0,5.41,43.9,29.5,1.0,1.0,4.0,2.0,4.0,88.0,2.0,4.0,3.0,7.0,5+/day,Fail
Male,Northeast,B.Tech,Graduate,Regional,4G/Good,No,2,4,17.5,84.0,3.9,4,5.64,77.6,54.8,4.0,2.0,5.0,3.0,1.0,88.0,3.0,3.0,4.0,5.0,1-3/day,At-Risk
Female,East,B.Com,Below 10th,English,2G/Slow,No,4,8,15.2,82.3,8.4,2,6.71,62.7,53.7,3.0,2.0,5.0,3.0,4.0,38.0,3.0,3.0,2.0,1.0,5+/day,Pass
Other,West,M.Tech,12th Pass,Hindi,4G/Good,Yes,4,8,15.5,94.4,6.5,2,6.71,55.8,63.3,1.0,2.0,2.0,3.0,4.0,13.0,3.0,2.0,2.0,5.0,5+/day,Pass
Female,Central,B.Tech,Graduate,English,2G/Slow,No,1,4,21.0,100.0,9.2,3,6.95,76.2,36.6,2.0,5.0,2.0,5.0,5.0,63.0,2.0,2.0,3.0,3.0,3-5/day,Pass
Male,East,B.Tech,12th Pass,Hindi,4G/Good,No,8,7,20.3,94.0,5.0,0,6.27,66.7,43.8,3.0,3.0,3.0,2.0,4.0,88.0,3.0,3.0,3.0,3.0,5+/day,At-Risk
Female,South,BCA,Graduate,Regional,4G/Good,No,3,7,30.0,90.1,8.1,2,6.89,62.3,42.4,4.0,2.0,3.0,2.0,5.0,38.0,3.0,2.0,2.0,5.0,5+/day,Pass
Female,West,B.Tech,10th Pass,Regional,4G/Good,No,4,6,13.6,95.0,7.1,4,5.79,51.3,61.8,1.0,4.0,3.0,2.0,4.0,13.0,2.0,3.0,2.0,7.0,1-3/day,Pass
Female,North,B.E.,Post-Graduate,English,2G/Slow,Yes,2,5,16.4,90.4,5.3,4,6.58,56.6,56.1,3.0,5.0,3.0,2.0,3.0,88.0,2.0,3.0,2.0,3.0,1-3/day,Pass
Male,South,B.Tech,10th Pass,English,4G/Good,Yes,10,5,24.7,84.3,5.5,4,6.26,61.5,54.3,2.0,2.0,1.0,1.0,4.0,88.0,4.0,3.0,3.0,1.0,5+/day,Pass
Male,Northeast,B.Com,Below 10th,Regional,4G/Good,No,5,7,22.6,75.6,7.3,0,5.43,53.5,63.6,1.0,2.0,5.0,1.0,5.0,13.0,3.0,3.0,3.0,3.0,5+/day,At-Risk
Male,West,M.Tech,Graduate,Hindi,4G/Good,No,5,5,17.6,75.6,6.4,0,6.09,41.1,50.8,1.0,4.0,3.0,2.0,4.0,13.0,2.0,3.0,2.0,7.0,1-3/day,Pass
Male,South,BCA,Graduate,Hindi,4G/Good,Yes,3,4,16.6,82.5,5.5,2,7.6,64.5,78.1,3.0,2.0,4.0,1.0,3.0,63.0,3.0,3.0,4.0,1.0,5+/day,Pass
Male,North,B.E.,10th Pass,Hindi,4G/Good,Yes,8,8,14.5,86.1,9.1,3,6.64,70.1,56.6,2.0,3.0,4.0,2.0,2.0,38.0,3.0,4.0,2.0,1.0,5+/day,Pass
Male,South,B.Com,Post-Graduate,Hindi,No Access,No,1,6,11.7,96.3,6.6,3,7.76,62.4,78.5,3.0,1.0,2.0,3.0,2.0,38.0,3.0,2.0,1.0,1.0,3-5/day,Pass
Male,South,B.Com,12th Pass,Regional,2G/Slow,No,2,4,17.8,81.3,5.9,3,4.44,35.6,60.3,4.0,2.0,5.0,5.0,5.0,63.0,2.0,3.0,4.0,3.0,3-5/day,At-Risk
Female,North,B.Com,Post-Graduate,Hindi,3G/Moderate,Yes,1,4,22.1,78.4,4.9,1,7.25,73.4,63.8,4.0,5.0,4.0,2.0,3.0,38.0,1.0,4.0,2.0,3.0,1-3/day,Pass
Male,West,B.Tech,12th Pass,Hindi,4G/Good,No,6,4,20.6,85.9,5.7,5,6.16,78.2,79.1,4.0,3.0,4.0,2.0,5.0,13.0,2.0,2.0,2.0,1.0,5+/day,Pass
Male,South,B.Tech,12th Pass,Hindi,4G/Good,No,4,5,17.4,87.7,3.3,0,6.21,65.0,46.3,5.0,2.0,5.0,3.0,4.0,88.0,1.0,3.0,2.0,3.0,3-5/day,At-Risk
Female,South,BCA,12th Pass,Regional,4G/Good,No,10,8,20.2,75.6,6.5,0,6.05,38.4,48.4,2.0,1.0,3.0,4.0,2.0,38.0,2.0,3.0,1.0,5.0,5+/day,Pass
Female,South,B.E.,10th Pass,Hindi,4G/Good,No,1,6,11.3,74.0,7.6,2,4.5,45.6,14.0,5.0,4.0,5.0,2.0,4.0,38.0,3.0,3.0,3.0,5.0,5+/day,Fail
Female,Central,B.Tech,12th Pass,Hindi,5G/Excellent,No,7,7,22.0,90.3,8.7,5,7.05,76.2,61.5,3.0,2.0,5.0,3.0,4.0,38.0,3.0,3.0,2.0,1.0,5+/day,Pass
Other,South,B.Tech,12th Pass,Regional,4G/Good,Yes,9,4,8.0,81.1,5.9,4,4.62,35.0,30.1,3.0,4.0,3.0,5.0,5.0,63.0,3.0,2.0,3.0,3.0,3-5/day,Pass
Female,North,M.Tech,Below 10th,Hindi,3G/Moderate,No,5,4,19.8,96.8,7.2,0,5.01,65.8,68.5,5.0,1.0,5.0,3.0,3.0,63.0,4.0,1.0,4.0,1.0,3-5/day,At-Risk
Female,North,M.Tech,10th Pass,English,5G/Excellent,No,7,4,22.1,85.9,6.0,3,6.39,68.2,56.2,3.0,4.0,4.0,3.0,3.0,38.0,3.0,3.0,4.0,7.0,5+/day,Pass
Male,East,B.E.,10th Pass,Hindi,3G/Moderate,No,4,7,18.7,81.8,3.8,1,5.45,58.0,44.8,2.0,2.0,4.0,1.0,4.0,13.0,3.0,1.0,4.0,7.0,5+/day,At-Risk
Male,East,M.Tech,Graduate,Hindi,4G/Good,No,4,5,18.0,68.5,3.4,4,8.31,49.3,74.7,4.0,2.0,5.0,3.0,3.0,63.0,4.0,3.0,3.0,1.0,1-3/day,Fail
Male,South,BCA,12th Pass,English,3G/Moderate,Yes,4,5,10.6,82.7,6.3,4,6.7,75.9,69.3,2.0,2.0,2.0,1.0,4.0,88.0,4.0,3.0,4.0,5.0,3-5/day,Pass
Male,South,MCA,Graduate,Hindi,5G/Excellent,Yes,5,8,17.7,70.8,3.5,1,6.94,63.9,43.7,3.0,1.0,4.0,1.0,5.0,88.0,4.0,3.0,4.0,1.0,3-5/day,Fail
Male,North,B.E.,Post-Graduate,Hindi,4G/Good,No,8,5,31.9,67.2,6.1,1,6.4,50.6,51.3,4.0,3.0,4.0,1.0,4.0,13.0,1.0,2.0,2.0,1.0,3-5/day,At-Risk
Female,East,B.Tech,12th Pass,Hindi,3G/Moderate,Yes,4,5,17.5,100.0,5.9,0,6.63,54.5,69.7,2.0,4.0,4.0,5.0,4.0,13.0,4.0,3.0,3.0,1.0,5+/day,Pass
Female,East,B.E.,Post-Graduate,Regional,4G/Good,Yes,7,6,16.1,76.8,3.9,1,5.04,40.5,51.7,4.0,4.0,4.0,3.0,3.0,88.0,4.0,3.0,3.0,3.0,5+/day,At-Risk
Female,North,B.E.,10th Pass,Hindi,3G/Moderate,No,9,6,6.7,93.3,3.0,2,4.47,51.0,60.0,4.0,2.0,5.0,5.0,5.0,63.0,2.0,3.0,4.0,3.0,3-5/day,Fail
Male,North,BCA,10th Pass,Regional,5G/Excellent,No,6,5,20.6,69.3,5.4,4,4.14,45.4,47.5,3.0,2.0,4.0,1.0,3.0,63.0,3.0,3.0,3.0,5.0,Never,Fail
Female,North,B.Tech,12th Pass,English,4G/Good,No,4,6,21.1,74.1,8.7,4,5.79,50.2,45.3,4.0,1.0,4.0,4.0,4.0,38.0,3.0,4.0,4.0,1.0,5+/day,Fail
Female,North,B.Com,12th Pass,English,4G/Good,No,5,8,14.7,73.0,6.9,3,6.25,66.5,62.6,5.0,2.0,1.0,1.0,5.0,88.0,4.0,3.0,1.0,5.0,3-5/day,Fail
Male,East,B.Tech,Graduate,English,3G/Moderate,No,8,5,16.3,90.8,5.4,0,5.39,53.6,63.8,3.0,1.0,2.0,3.0,2.0,38.0,3.0,2.0,1.0,1.0,3-5/day,Pass
Female,North,B.Tech,12th Pass,Hindi,5G/Excellent,No,4,6,8.7,88.0,5.3,3,5.08,46.6,72.4,4.0,2.0,2.0,1.0,4.0,63.0,3.0,3.0,3.0,5.0,5+/day,At-Risk
Male,South,B.E.,10th Pass,English,5G/Excellent,No,4,7,18.9,66.7,7.0,0,5.64,27.0,60.0,4.0,2.0,3.0,2.0,5.0,38.0,3.0,2.0,2.0,5.0,5+/day,Fail
Male,North,B.E.,Graduate,English,4G/Good,Yes,7,6,21.5,65.6,6.6,0,7.17,88.6,61.1,5.0,4.0,1.0,3.0,5.0,63.0,1.0,3.0,3.0,1.0,3-5/day,At-Risk
Female,Central,B.E.,12th Pass,Hindi,5G/Excellent,No,6,6,2.2,88.4,7.5,5,5.4,82.7,43.9,3.0,4.0,3.0,5.0,5.0,63.0,3.0,2.0,3.0,3.0,3-5/day,Pass
Male,Northeast,MCA,10th Pass,English,2G/Slow,No,1,7,17.7,98.3,9.1,5,4.85,40.9,45.6,5.0,4.0,1.0,3.0,5.0,63.0,1.0,3.0,3.0,1.0,3-5/day,Pass
Male,North,B.E.,12th Pass,Hindi,5G/Excellent,No,9,8,30.1,97.7,8.1,0,6.99,50.0,56.4,1.0,2.0,2.0,3.0,4.0,13.0,3.0,2.0,2.0,5.0,5+/day,Pass
Female,South,BCA,Post-Graduate,Regional,4G/Good,No,5,7,19.1,73.3,8.1,2,6.92,59.1,39.6,5.0,1.0,4.0,4.0,5.0,88.0,3.0,2.0,4.0,3.0,3-5/day,Fail
Female,North,BCA,Graduate,Regional,5G/Excellent,No,10,8,21.4,77.4,6.3,1,7.1,63.4,53.5,2.0,2.0,5.0,3.0,5.0,38.0,4.0,2.0,3.0,3.0,5+/day,At-Risk
Male,East,B.Tech,12th Pass,English,4G/Good,No,2,7,25.4,88.3,3.1,5,7.39,66.0,76.5,3.0,1.0,4.0,3.0,5.0,63.0,3.0,4.0,4.0,7.0,3-5/day,At-Risk
Male,North,BCA,10th Pass,Hindi,3G/Moderate,No,5,8,22.0,89.1,3.3,1,3.87,49.9,20.3,4.0,2.0,5.0,2.0,3.0,63.0,3.0,2.0,3.0,3.0,3-5/day,Fail
Male,West,M.Tech,Below 10th,English,4G/Good,Yes,8,8,15.5,85.0,7.2,5,6.49,51.5,78.3,4.0,3.0,4.0,3.0,4.0,38.0,1.0,4.0,4.0,5.0,3-5/day,Pass
Female,East,B.Tech,12th Pass,Regional,2G/Slow,Yes,6,4,6.7,77.6,5.6,2,5.74,61.0,55.2,3.0,2.0,5.0,2.0,4.0,63.0,4.0,3.0,3.0,5.0,5+/day,At-Risk
Male,Central,B.E.,Graduate,Regional,4G/Good,Yes,8,4,36.9,87.7,8.9,3,8.37,62.7,46.0,4.0,2.0,4.0,2.0,3.0,63.0,3.0,4.0,2.0,7.0,5+/day,Pass
Male,North,B.Com,10th Pass,English,4G/Good,No,5,6,23.2,84.0,8.6,0,7.9,61.7,48.3,4.0,2.0,5.0,3.0,1.0,38.0,2.0,3.0,4.0,5.0,5+/day,Pass
Female,Northeast,B.E.,10th Pass,English,3G/Moderate,No,4,7,23.9,84.4,6.6,2,7.01,85.9,39.6,3.0,4.0,4.0,3.0,2.0,63.0,1.0,4.0,4.0,7.0,5+/day,Pass
Female,West,B.E.,Post-Graduate,English,5G/Excellent,No,10,8,25.3,92.7,5.7,3,6.56,90.2,56.9,3.0,2.0,4.0,1.0,3.0,63.0,3.0,3.0,3.0,5.0,Never,Pass
Male,North,B.Com,Graduate,English,5G/Excellent,No,3,4,25.8,95.3,5.1,1,7.87,63.3,64.9,4.0,3.0,4.0,5.0,3.0,38.0,2.0,2.0,4.0,7.0,3-5/day,Pass
Male,South,B.Tech,12th Pass,Hindi,5G/Excellent,No,2,6,23.6,86.2,8.9,4,6.64,54.6,67.8,5.0,2.0,2.0,3.0,3.0,63.0,4.0,3.0,3.0,5.0,3-5/day,Pass
Female,North,B.Tech,Below 10th,Hindi,4G/Good,No,9,6,18.2,85.6,6.7,0,4.17,49.2,23.5,4.0,2.0,5.0,2.0,2.0,38.0,4.0,1.0,3.0,1.0,5+/day,At-Risk
Male,South,M.Tech,Below 10th,English,4G/Good,Yes,1,6,15.8,80.1,5.4,0,6.08,29.6,66.9,3.0,1.0,4.0,2.0,2.0,38.0,3.0,1.0,4.0,7.0,3-5/day,Pass
Male,South,M.Tech,Below 10th,Hindi,4G/Good,No,10,4,23.1,83.6,6.3,0,5.97,78.5,45.7,3.0,4.0,2.0,4.0,4.0,88.0,1.0,4.0,3.0,1.0,5+/day,Pass
Female,East,B.E.,12th Pass,Regional,2G/Slow,No,2,5,19.0,91.1,6.1,5,5.08,28.8,44.7,3.0,3.0,3.0,3.0,3.0,88.0,2.0,2.0,2.0,7.0,5+/day,Pass
Male,South,B.E.,Below 10th,Hindi,5G/Excellent,Yes,6,6,18.8,87.9,9.1,1,6.54,47.8,64.6,4.0,2.0,5.0,2.0,2.0,38.0,4.0,1.0,3.0,1.0,5+/day,Pass
Female,Central,MCA,Graduate,English,5G/Excellent,Yes,6,5,24.9,75.5,6.8,0,7.38,58.7,62.7,3.0,3.0,3.0,1.0,3.0,13.0,4.0,3.0,3.0,3.0,5+/day,Pass
Male,North,BCA,Post-Graduate,Hindi,4G/Good,No,1,5,32.7,74.9,6.5,0,8.25,89.1,58.9,5.0,2.0,2.0,3.0,3.0,63.0,4.0,3.0,3.0,5.0,3-5/day,At-Risk
Male,Central,B.Tech,10th Pass,Hindi,5G/Excellent,No,8,5,11.4,74.5,4.4,5,5.74,70.9,61.9,4.0,2.0,3.0,3.0,4.0,63.0,2.0,4.0,3.0,3.0,5+/day,Fail
Male,North,B.Tech,12th Pass,Regional,4G/Good,No,4,6,21.4,95.8,7.2,5,6.85,61.9,52.8,3.0,4.0,3.0,5.0,5.0,63.0,3.0,2.0,3.0,3.0,3-5/day,Pass
Male,West,B.E.,Graduate,English,4G/Good,No,7,8,11.0,62.1,6.6,1,5.57,55.2,52.8,3.0,3.0,4.0,1.0,4.0,88.0,2.0,4.0,3.0,1.0,3-5/day,Fail
Male,South,M.Tech,Post-Graduate,English,5G/Excellent,No,10,5,19.4,65.7,7.3,5,7.4,57.4,50.1,5.0,4.0,4.0,1.0,4.0,63.0,4.0,3.0,2.0,1.0,5+/day,Fail
Male,North,M.Tech,Graduate,Hindi,4G/Good,Yes,9,4,6.2,74.6,6.6,5,4.91,67.5,62.5,4.0,2.0,5.0,3.0,5.0,88.0,4.0,1.0,3.0,7.0,5+/day,Fail
Female,Northeast,B.Com,Below 10th,Hindi,4G/Good,No,2,4,13.1,91.0,6.0,5,5.62,43.6,32.3,4.0,4.0,3.0,2.0,4.0,38.0,3.0,3.0,3.0,1.0,3-5/day,Pass
Other,South,M.Tech,10th Pass,Hindi,4G/Good,Yes,7,5,18.1,78.8,6.6,2,6.05,56.6,35.7,4.0,1.0,5.0,3.0,2.0,38.0,3.0,3.0,3.0,1.0,5+/day,Pass
Female,West,BCA,Graduate,English,4G/Good,No,1,5,25.5,72.1,5.3,5,7.55,61.5,54.0,4.0,2.0,2.0,3.0,5.0,0.0,2.0,2.0,3.0,3.0,5+/day,At-Risk
Female,East,B.E.,Graduate,Hindi,4G/Good,Yes,3,5,7.6,86.3,6.7,3,6.93,78.1,82.9,1.0,3.0,5.0,5.0,4.0,0.0,3.0,3.0,4.0,3.0,3-5/day,Pass
Male,East,MCA,Below 10th,English,4G/Good,No,4,4,21.0,86.9,8.4,4,4.95,49.4,53.3,3.0,3.0,4.0,3.0,2.0,38.0,1.0,2.0,4.0,7.0,5+/day,Pass
Female,East,BCA,12th Pass,English,4G/Good,No,3,7,17.7,91.4,7.8,3,5.45,34.5,51.7,2.0,2.0,4.0,4.0,5.0,38.0,4.0,3.0,3.0,7.0,5+/day,At-Risk
Male,West,B.E.,Graduate,Hindi,3G/Moderate,No,8,8,28.2,98.4,6.1,1,5.7,42.9,38.9,2.0,4.0,1.0,5.0,5.0,63.0,3.0,4.0,4.0,5.0,5+/day,Pass
Female,North,B.Tech,10th Pass,English,4G/Good,Yes,7,7,15.2,96.8,6.2,1,6.39,46.0,62.7,5.0,4.0,3.0,5.0,5.0,88.0,4.0,4.0,4.0,5.0,5+/day,At-Risk
Other,West,B.Com,Graduate,English,5G/Excellent,Yes,3,4,21.0,88.7,7.4,3,7.15,40.6,57.4,5.0,3.0,4.0,3.0,1.0,38.0,2.0,4.0,2.0,5.0,5+/day,Pass
Female,Central,B.E.,Below 10th,Hindi,No Access,Yes,7,4,16.9,81.0,7.1,5,3.26,36.3,30.4,2.0,1.0,3.0,4.0,2.0,38.0,2.0,3.0,1.0,5.0,5+/day,Pass
Other,North,B.E.,Graduate,Hindi,2G/Slow,Yes,2,6,11.2,87.2,6.5,1,5.64,66.6,69.3,4.0,3.0,4.0,4.0,5.0,88.0,4.0,4.0,4.0,3.0,5+/day,Pass
Female,North,BCA,12th Pass,English,2G/Slow,No,3,7,14.0,77.1,5.7,4,5.04,44.5,63.7,5.0,5.0,5.0,4.0,5.0,88.0,4.0,4.0,4.0,3.0,5+/day,At-Risk
Male,West,BCA,10th Pass,Hindi,5G/Excellent,No,7,5,12.7,92.7,5.2,0,4.51,39.8,23.8,4.0,2.0,4.0,3.0,4.0,38.0,3.0,3.0,4.0,5.0,3-5/day,Fail
Male,South,B.Tech,Graduate,English,4G/Good,No,10,5,5.8,76.0,5.1,2,5.23,37.3,64.3,4.0,2.0,4.0,4.0,1.0,63.0,3.0,3.0,3.0,3.0,1-3/day,Pass
Female,South,MCA,Graduate,English,5G/Excellent,No,5,4,28.8,72.9,6.3,4,7.31,76.0,56.6,4.0,4.0,3.0,1.0,3.0,63.0,3.0,4.0,3.0,3.0,5+/day,At-Risk
Male,North,B.Tech,Post-Graduate,Hindi,4G/Good,Yes,9,6,15.5,93.4,7.0,5,7.84,78.5,68.8,5.0,4.0,1.0,3.0,5.0,63.0,1.0,3.0,3.0,1.0,3-5/day,Pass
Female,East,B.Tech,10th Pass,English,4G/Good,No,8,7,21.3,64.7,3.9,1,5.68,53.4,26.2,4.0,4.0,3.0,4.0,5.0,38.0,3.0,2.0,1.0,3.0,5+/day,At-Risk
Other,North,B.E.,Graduate,Regional,4G/Good,No,6,6,10.3,74.8,7.6,2,4.68,48.7,56.9,5.0,2.0,3.0,2.0,4.0,88.0,4.0,3.0,2.0,7.0,5+/day,Fail
Male,East,BCA,12th Pass,English,3G/Moderate,No,4,8,18.3,89.2,4.9,5,6.2,37.5,62.9,3.0,5.0,5.0,1.0,5.0,38.0,3.0,3.0,4.0,7.0,3-5/day,At-Risk
Female,West,B.Com,12th Pass,Regional,4G/Good,No,3,6,21.5,81.0,5.5,3,6.47,57.2,48.8,5.0,4.0,3.0,1.0,4.0,13.0,3.0,3.0,3.0,7.0,5+/day,Pass
Female,South,MCA,Graduate,Regional,4G/Good,No,6,8,18.6,80.5,6.1,0,6.32,61.0,59.3,4.0,3.0,1.0,5.0,5.0,38.0,3.0,4.0,2.0,5.0,1-3/day,Pass
Female,East,B.Com,Below 10th,Regional,3G/Moderate,No,9,7,12.2,69.4,7.1,3,4.7,49.3,20.0,5.0,3.0,4.0,3.0,5.0,88.0,3.0,3.0,4.0,7.0,5+/day,Fail
Female,Central,B.Tech,10th Pass,English,4G/Good,No,5,5,23.7,70.4,8.8,2,6.51,58.2,46.1,4.0,2.0,5.0,2.0,2.0,38.0,4.0,1.0,3.0,1.0,5+/day,Fail
Female,West,B.Tech,12th Pass,Regional,2G/Slow,No,7,8,3.7,79.8,5.8,0,4.99,51.9,29.3,2.0,2.0,3.0,4.0,4.0,88.0,4.0,3.0,4.0,1.0,5+/day,At-Risk
Other,Northeast,BCA,10th Pass,Regional,3G/Moderate,No,7,5,7.0,64.0,8.1,3,4.86,58.1,50.3,3.0,1.0,4.0,5.0,2.0,88.0,3.0,3.0,4.0,3.0,5+/day,Fail
Female,South,B.Tech,Post-Graduate,English,3G/Moderate,Yes,7,6,17.2,81.9,5.9,2,6.12,57.2,50.2,5.0,2.0,2.0,3.0,3.0,63.0,4.0,3.0,3.0,5.0,3-5/day,Pass
Male,West,MCA,12th Pass,Hindi,4G/Good,No,9,6,1.2,95.6,8.5,0,3.6,33.7,40.9,3.0,3.0,4.0,1.0,2.0,63.0,3.0,3.0,4.0,3.0,5+/day,At-Risk
Male,North,BCA,12th Pass,English,3G/Moderate,Yes,2,7,12.5,94.6,6.4,1,5.57,64.0,37.6,3.0,3.0,4.0,2.0,5.0,88.0,2.0,3.0,3.0,7.0,5+/day,At-Risk
Female,North,B.Com,Graduate,Hindi,3G/Moderate,No,8,5,14.7,88.4,4.3,0,6.08,74.4,29.3,3.0,2.0,4.0,1.0,4.0,63.0,4.0,4.0,2.0,7.0,5+/day,Fail
Male,North,B.Tech,12th Pass,Hindi,2G/Slow,No,2,7,28.6,84.3,5.4,5,5.67,51.6,71.9,5.0,5.0,4.0,2.0,4.0,88.0,4.0,3.0,1.0,7.0,5+/day,Pass
Female,South,B.E.,12th Pass,English,4G/Good,No,1,8,13.4,81.0,6.5,2,6.09,62.0,35.3,3.0,4.0,5.0,3.0,4.0,63.0,2.0,4.0,3.0,3.0,3-5/day,Pass
Female,Northeast,B.E.,Below 10th,Regional,4G/Good,No,10,6,14.3,82.7,6.2,4,4.41,49.9,17.0,3.0,4.0,5.0,3.0,4.0,63.0,2.0,4.0,3.0,3.0,3-5/day,At-Risk
Male,South,B.Tech,10th Pass,English,5G/Excellent,No,6,6,5.1,71.8,5.0,2,5.98,47.7,69.3,3.0,2.0,5.0,3.0,4.0,38.0,3.0,3.0,2.0,1.0,5+/day,Fail
Female,West,BCA,Below 10th,Regional,5G/Excellent,Yes,2,6,18.5,75.2,4.5,4,5.72,62.6,54.2,3.0,3.0,4.0,2.0,5.0,88.0,2.0,3.0,3.0,7.0,5+/day,At-Risk
Female,West,B.E.,Graduate,English,3G/Moderate,No,5,6,18.1,63.9,7.7,3,7.45,51.1,80.5,4.0,2.0,5.0,3.0,1.0,63.0,4.0,4.0,4.0,7.0,5+/day,Fail
Male,East,B.E.,12th Pass,Hindi,2G/Slow,No,1,6,10.4,92.1,3.0,5,5.13,41.2,68.0,5.0,1.0,5.0,3.0,4.0,63.0,1.0,3.0,3.0,3.0,5+/day,At-Risk
Male,South,B.E.,10th Pass,English,3G/Moderate,No,7,8,24.4,80.8,7.3,1,7.26,63.6,36.5,4.0,3.0,5.0,2.0,4.0,38.0,3.0,3.0,3.0,5.0,5+/day,At-Risk
Male,East,B.Tech,12th Pass,English,5G/Excellent,Yes,1,8,23.9,100.0,4.9,0,7.19,76.6,61.4,5.0,3.0,4.0,3.0,5.0,88.0,3.0,3.0,4.0,7.0,5+/day,Pass
Male,South,B.E.,10th Pass,Hindi,4G/Good,No,8,7,14.1,75.6,9.3,2,5.27,60.0,55.4,2.0,2.0,4.0,2.0,3.0,63.0,1.0,2.0,4.0,5.0,5+/day,At-Risk
Female,North,B.Tech,Post-Graduate,English,No Access,No,5,4,4.5,81.9,3.5,1,4.42,45.5,49.9,3.0,4.0,4.0,2.0,5.0,63.0,2.0,3.0,3.0,3.0,5+/day,At-Risk
Male,Central,B.Tech,Below 10th,Hindi,2G/Slow,Yes,5,6,10.5,89.6,3.3,4,5.38,68.3,49.3,3.0,2.0,4.0,1.0,3.0,63.0,3.0,3.0,4.0,1.0,5+/day,At-Risk
Female,North,B.Tech,Graduate,Regional,4G/Good,No,3,6,28.7,86.5,5.9,4,6.75,51.4,87.4,4.0,2.0,4.0,3.0,3.0,13.0,4.0,4.0,4.0,3.0,3-5/day,Pass
Male,North,B.Tech,12th Pass,English,3G/Moderate,Yes,2,4,19.0,81.1,8.0,2,7.86,68.4,70.2,2.0,2.0,4.0,2.0,3.0,13.0,4.0,4.0,2.0,3.0,5+/day,Pass
Male,Northeast,B.E.,12th Pass,Regional,5G/Excellent,No,6,7,12.6,100.0,9.8,5,5.95,66.6,60.4,1.0,2.0,3.0,3.0,1.0,63.0,4.0,3.0,4.0,3.0,5+/day,Pass
Female,South,B.Tech,10th Pass,English,4G/Good,No,4,8,27.6,72.0,8.0,4,8.04,62.3,59.0,2.0,2.0,2.0,1.0,5.0,88.0,4.0,4.0,4.0,5.0,5+/day,Fail
Female,West,B.E.,Post-Graduate,English,4G/Good,No,10,6,16.7,88.9,6.7,1,4.96,53.8,24.3,3.0,4.0,4.0,3.0,5.0,38.0,2.0,2.0,3.0,7.0,5+/day,At-Risk
Male,South,BCA,10th Pass,English,4G/Good,No,4,7,18.1,77.3,5.0,1,6.24,68.3,68.4,5.0,2.0,3.0,2.0,3.0,63.0,4.0,3.0,3.0,7.0,5+/day,At-Risk
Male,South,BCA,12th Pass,Regional,3G/Moderate,Yes,6,4,34.7,80.5,5.4,1,8.14,53.0,67.0,4.0,2.0,5.0,4.0,1.0,88.0,2.0,3.0,4.0,1.0,3-5/day,Pass
Male,South,MCA,Post-Graduate,English,4G/Good,No,2,8,24.4,84.8,5.5,2,7.82,54.9,83.4,3.0,3.0,4.0,2.0,5.0,88.0,2.0,3.0,3.0,7.0,5+/day,Pass
Male,South,B.E.,Graduate,Regional,4G/Good,Yes,2,8,16.0,80.6,5.9,4,7.95,69.0,50.3,5.0,2.0,5.0,1.0,1.0,38.0,4.0,4.0,3.0,7.0,3-5/day,Pass
Female,South,B.E.,12th Pass,Regional,4G/Good,No,10,7,20.6,80.2,6.1,4,4.25,17.8,40.5,5.0,5.0,5.0,5.0,5.0,63.0,2.0,2.0,3.0,3.0,3-5/day,At-Risk
Male,West,MCA,Post-Graduate,English,4G/Good,Yes,10,5,21.9,65.4,6.8,3,5.14,41.9,38.8,2.0,2.0,3.0,3.0,4.0,38.0,3.0,3.0,3.0,3.0,5+/day,Fail
Male,East,B.E.,Graduate,Hindi,5G/Excellent,No,4,5,23.8,91.7,5.6,0,7.53,73.8,52.1,4.0,2.0,5.0,2.0,2.0,38.0,4.0,1.0,3.0,1.0,5+/day,Pass
Male,Central,BCA,10th Pass,Regional,2G/Slow,No,6,5,10.7,65.3,6.7,0,4.42,57.0,46.8,3.0,4.0,4.0,3.0,3.0,38.0,3.0,3.0,4.0,7.0,5+/day,Fail
Female,North,B.E.,12th Pass,English,4G/Good,No,2,4,29.4,97.4,7.1,4,6.62,66.6,23.5,5.0,2.0,5.0,3.0,4.0,88.0,1.0,3.0,2.0,3.0,3-5/day,Pass
Other,East,B.E.,10th Pass,English,3G/Moderate,No,7,5,28.0,80.9,4.9,5,5.75,34.6,54.8,4.0,2.0,3.0,3.0,4.0,63.0,2.0,4.0,3.0,3.0,5+/day,At-Risk
Male,East,MCA,10th Pass,English,4G/Good,Yes,8,7,11.5,92.0,4.6,4,5.23,39.7,54.8,5.0,5.0,3.0,1.0,3.0,13.0,2.0,3.0,4.0,5.0,3-5/day,Pass
Female,Central,B.Tech,Graduate,Regional,No Access,No,9,8,17.9,55.8,8.1,1,4.09,39.8,75.0,4.0,2.0,5.0,3.0,3.0,63.0,4.0,3.0,3.0,1.0,1-3/day,Fail
Male,North,B.Tech,12th Pass,Regional,4G/Good,No,6,7,18.5,81.6,6.7,2,5.52,56.0,46.0,4.0,3.0,4.0,4.0,4.0,88.0,3.0,3.0,4.0,3.0,5+/day,At-Risk
Male,East,B.Tech,Below 10th,English,2G/Slow,Yes,2,7,19.1,81.9,6.3,4,6.29,65.0,69.1,3.0,4.0,4.0,2.0,4.0,63.0,1.0,4.0,3.0,1.0,5+/day,Pass
Female,Northeast,B.E.,Graduate,English,2G/Slow,No,6,6,23.4,72.5,4.4,3,6.51,67.5,53.6,5.0,2.0,2.0,3.0,3.0,63.0,4.0,3.0,3.0,5.0,3-5/day,Fail
Female,North,B.Tech,10th Pass,Regional,4G/Good,No,8,4,15.7,91.3,7.7,3,5.93,63.1,64.7,2.0,2.0,4.0,2.0,3.0,63.0,1.0,2.0,4.0,5.0,5+/day,Pass
Female,Northeast,BCA,Post-Graduate,English,4G/Good,Yes,10,8,21.0,75.3,6.5,5,5.68,66.2,72.5,4.0,3.0,4.0,1.0,2.0,13.0,1.0,4.0,4.0,7.0,5+/day,Pass
Female,North,MCA,Post-Graduate,Hindi,5G/Excellent,Yes,1,6,22.4,72.5,8.7,4,9.43,80.5,44.4,1.0,2.0,4.0,4.0,4.0,88.0,4.0,4.0,4.0,5.0,3-5/day,At-Risk
Male,West,MCA,Post-Graduate,English,4G/Good,Yes,6,4,21.5,78.1,6.8,0,6.96,59.2,63.6,4.0,3.0,4.0,2.0,5.0,13.0,2.0,2.0,2.0,1.0,5+/day,Pass
Female,Central,B.E.,Graduate,Regional,4G/Good,Yes,1,8,21.3,92.3,6.1,2,7.46,61.8,84.5,4.0,2.0,4.0,2.0,5.0,63.0,2.0,3.0,3.0,5.0,5+/day,Pass
Male,West,B.Com,10th Pass,Regional,4G/Good,Yes,6,6,21.9,84.9,5.6,3,6.52,49.2,76.4,4.0,4.0,3.0,4.0,5.0,63.0,4.0,4.0,4.0,5.0,Never,Pass
Female,South,BCA,12th Pass,English,3G/Moderate,No,10,5,19.5,86.2,8.9,4,5.25,71.8,53.2,5.0,4.0,1.0,1.0,4.0,38.0,3.0,3.0,3.0,1.0,5+/day,Pass
Male,North,B.E.,10th Pass,English,No Access,Yes,4,7,4.6,90.2,8.0,4,5.03,55.2,60.6,3.0,3.0,3.0,1.0,3.0,13.0,4.0,3.0,3.0,3.0,5+/day,Pass
Female,Central,MCA,10th Pass,Hindi,3G/Moderate,Yes,3,5,10.9,79.7,6.8,1,4.23,36.0,40.3,3.0,2.0,3.0,2.0,4.0,88.0,4.0,1.0,1.0,1.0,1-3/day,At-Risk
Male,East,BCA,12th Pass,English,3G/Moderate,Yes,3,8,8.9,93.2,7.9,3,6.04,43.4,66.7,5.0,4.0,2.0,3.0,3.0,88.0,3.0,1.0,3.0,3.0,5+/day,Pass
Male,North,BCA,Below 10th,English,3G/Moderate,No,4,6,10.5,86.1,7.0,1,7.08,67.0,61.4,4.0,4.0,5.0,2.0,3.0,38.0,2.0,3.0,3.0,3.0,5+/day,Pass
Female,West,B.Tech,Post-Graduate,Hindi,5G/Excellent,No,3,6,11.1,91.0,3.8,2,6.67,68.6,52.2,4.0,2.0,4.0,1.0,4.0,63.0,3.0,1.0,4.0,3.0,5+/day,At-Risk
Male,East,B.E.,Post-Graduate,English,5G/Excellent,No,9,6,25.3,73.6,7.9,2,6.47,66.9,67.3,4.0,4.0,4.0,2.0,5.0,63.0,3.0,4.0,1.0,5.0,3-5/day,Fail
Male,North,M.Tech,10th Pass,English,5G/Excellent,No,4,7,27.3,83.0,7.6,5,7.89,80.1,58.1,5.0,2.0,5.0,5.0,5.0,88.0,4.0,3.0,3.0,3.0,5+/day,Pass
Male,North,B.E.,12th Pass,Regional,5G/Excellent,No,1,6,22.5,92.2,4.9,3,6.39,61.2,66.5,3.0,4.0,5.0,4.0,5.0,63.0,1.0,3.0,3.0,3.0,5+/day,Pass
Male,North,BCA,12th Pass,Hindi,4G/Good,Yes,4,4,11.0,100.0,7.4,1,7.03,72.9,71.0,1.0,3.0,4.0,3.0,4.0,38.0,2.0,3.0,3.0,3.0,1-3/day,Pass
Male,East,BCA,Graduate,English,3G/Moderate,Yes,1,4,11.5,93.3,5.2,5,8.18,71.2,82.6,5.0,5.0,3.0,1.0,3.0,13.0,2.0,3.0,4.0,5.0,3-5/day,Pass
Male,West,MCA,Graduate,Hindi,4G/Good,Yes,10,4,13.5,93.8,5.9,5,5.95,62.1,54.4,5.0,3.0,5.0,4.0,2.0,13.0,3.0,3.0,3.0,5.0,5+/day,Pass
Female,East,B.Tech,10th Pass,Regional,5G/Excellent,Yes,10,5,12.9,65.2,6.7,0,3.68,33.6,72.0,1.0,4.0,3.0,2.0,4.0,13.0,2.0,3.0,2.0,7.0,1-3/day,At-Risk
Male,Northeast,BCA,12th Pass,Hindi,4G/Good,Yes,3,8,27.2,78.8,6.6,1,6.53,52.5,42.9,2.0,2.0,3.0,4.0,4.0,88.0,4.0,3.0,4.0,1.0,5+/day,Pass
Female,Northeast,B.Tech,12th Pass,English,4G/Good,No,4,5,8.5,88.7,6.4,3,5.91,36.7,78.5,5.0,2.0,3.0,1.0,4.0,13.0,3.0,2.0,4.0,5.0,5+/day,At-Risk
Female,East,BCA,Post-Graduate,English,2G/Slow,Yes,4,5,20.2,67.2,4.1,3,6.83,59.5,76.7,5.0,2.0,4.0,3.0,4.0,63.0,4.0,3.0,3.0,5.0,5+/day,Fail
Male,North,BCA,10th Pass,Regional,4G/Good,No,9,7,9.1,86.8,6.6,1,4.96,46.5,59.9,5.0,4.0,3.0,2.0,4.0,88.0,1.0,3.0,3.0,3.0,5+/day,At-Risk
Female,West,B.Tech,Below 10th,Regional,4G/Good,No,6,5,21.5,78.1,9.0,4,4.34,33.7,60.1,2.0,2.0,3.0,2.0,3.0,63.0,3.0,3.0,2.0,7.0,5+/day,At-Risk
Male,South,BCA,Graduate,Hindi,4G/Good,No,3,7,15.3,78.6,6.9,4,6.59,66.5,53.1,3.0,3.0,3.0,1.0,3.0,13.0,4.0,3.0,3.0,3.0,5+/day,Pass
Female,East,B.E.,Graduate,English,5G/Excellent,Yes,7,4,10.1,82.8,6.2,0,6.13,58.8,17.9,4.0,2.0,4.0,3.0,2.0,63.0,1.0,4.0,4.0,3.0,5+/day,Pass
Male,West,B.Tech,Graduate,Hindi,2G/Slow,No,4,4,14.1,86.2,7.5,5,5.65,70.3,46.2,3.0,5.0,4.0,3.0,5.0,88.0,4.0,3.0,3.0,5.0,3-5/day,Pass
Male,South,B.E.,12th Pass,Regional,5G/Excellent,No,7,5,21.5,90.8,6.7,5,5.37,59.5,58.5,2.0,3.0,3.0,3.0,5.0,13.0,3.0,4.0,4.0,7.0,5+/day,Pass
Female,Central,B.Tech,Graduate,English,No Access,No,2,5,6.6,69.1,5.9,0,5.58,42.3,65.1,5.0,3.0,5.0,1.0,4.0,88.0,3.0,4.0,4.0,5.0,5+/day,Fail
Female,North,B.E.,12th Pass,English,5G/Excellent,No,7,4,13.6,93.3,7.9,0,6.26,77.4,77.7,5.0,2.0,5.0,3.0,4.0,88.0,1.0,3.0,2.0,3.0,3-5/day,At-Risk
Female,West,B.E.,Below 10th,Hindi,4G/Good,No,8,6,16.7,89.6,6.9,3,5.57,46.8,49.3,5.0,5.0,5.0,5.0,5.0,63.0,2.0,2.0,3.0,3.0,3-5/day,Pass
Male,North,BCA,12th Pass,Regional,4G/Good,Yes,7,4,8.4,79.0,7.1,3,6.17,47.9,36.2,3.0,4.0,5.0,4.0,5.0,88.0,2.0,4.0,3.0,5.0,5+/day,At-Risk
Female,Central,MCA,Below 10th,English,3G/Moderate,Yes,6,6,11.3,93.4,6.2,4,4.54,69.7,42.3,5.0,1.0,4.0,4.0,5.0,88.0,3.0,2.0,4.0,3.0,3-5/day,Fail
Male,North,BCA,10th Pass,Hindi,4G/Good,Yes,4,4,28.2,62.0,6.4,1,7.49,73.5,68.5,4.0,3.0,4.0,3.0,4.0,38.0,1.0,4.0,4.0,5.0,3-5/day,At-Risk
Male,North,B.Tech,Post-Graduate,Hindi,5G/Excellent,No,9,8,8.7,84.0,7.7,2,6.39,53.7,41.7,5.0,5.0,5.0,4.0,5.0,88.0,4.0,4.0,4.0,3.0,5+/day,At-Risk
Male,South,B.Com,10th Pass,Hindi,2G/Slow,Yes,1,7,14.3,75.3,5.7,1,6.07,69.7,82.5,4.0,2.0,2.0,1.0,4.0,63.0,3.0,3.0,3.0,5.0,5+/day,At-Risk
Female,South,BCA,Post-Graduate,Hindi,2G/Slow,Yes,5,7,21.4,69.5,10.0,5,7.46,75.6,71.2,5.0,2.0,4.0,3.0,4.0,63.0,4.0,3.0,3.0,5.0,5+/day,Fail
Male,North,B.Tech,10th Pass,Hindi,3G/Moderate,No,1,8,17.5,64.2,5.6,4,5.77,71.5,50.5,4.0,2.0,5.0,2.0,2.0,38.0,4.0,1.0,3.0,1.0,5+/day,At-Risk
Male,East,MCA,10th Pass,English,3G/Moderate,Yes,10,6,14.0,89.6,5.6,4,3.85,28.3,47.4,4.0,3.0,4.0,3.0,4.0,88.0,1.0,2.0,3.0,5.0,1-3/day,At-Risk
Female,South,B.Tech,12th Pass,English,2G/Slow,No,1,5,23.5,88.1,8.1,4,7.09,57.4,62.3,4.0,2.0,4.0,3.0,2.0,63.0,1.0,4.0,4.0,3.0,5+/day,Pass
Male,North,BCA,Graduate,Hindi,4G/Good,No,6,5,3.5,96.4,6.5,4,4.6,42.4,27.6,3.0,2.0,3.0,4.0,1.0,13.0,4.0,3.0,2.0,5.0,3-5/day,Pass
Male,South,B.E.,12th Pass,English,3G/Moderate,Yes,6,7,22.9,90.0,7.4,3,6.87,74.8,77.2,3.0,2.0,4.0,1.0,4.0,63.0,2.0,3.0,3.0,1.0,5+/day,Pass
Male,Northeast,B.E.,Graduate,Hindi,4G/Good,Yes,7,5,11.4,78.5,8.8,0,7.06,54.9,77.2,4.0,3.0,4.0,2.0,3.0,88.0,1.0,3.0,4.0,5.0,5+/day,At-Risk
Female,West,M.Tech,Below 10th,Hindi,5G/Excellent,No,10,6,0.1,100.0,7.1,0,4.11,22.1,29.3,1.0,3.0,5.0,5.0,4.0,0.0,3.0,3.0,4.0,3.0,3-5/day,Pass
Male,West,B.E.,Post-Graduate,English,4G/Good,No,9,5,33.1,94.2,7.0,1,8.42,46.7,83.7,3.0,2.0,4.0,1.0,3.0,63.0,3.0,3.0,3.0,5.0,Never,Pass
Male,West,B.Tech,10th Pass,Hindi,2G/Slow,No,6,4,18.3,68.2,5.7,1,4.48,38.6,21.0,5.0,2.0,5.0,1.0,1.0,38.0,4.0,4.0,3.0,7.0,3-5/day,Fail
Female,South,B.Com,Graduate,Hindi,4G/Good,Yes,2,8,23.4,80.4,5.2,5,8.18,78.0,64.9,3.0,2.0,4.0,1.0,4.0,63.0,2.0,3.0,3.0,1.0,5+/day,Pass
Female,North,B.Com,12th Pass,English,4G/Good,Yes,4,7,25.5,84.7,4.2,4,7.76,69.4,67.1,5.0,2.0,5.0,2.0,3.0,88.0,3.0,2.0,3.0,7.0,3-5/day,At-Risk
Male,South,BCA,Graduate,Hindi,3G/Moderate,Yes,9,5,11.5,78.8,5.4,4,5.28,56.5,60.4,5.0,3.0,4.0,3.0,1.0,88.0,3.0,2.0,2.0,7.0,5+/day,At-Risk
Female,Northeast,B.E.,Graduate,Regional,3G/Moderate,No,2,6,16.2,100.0,5.8,2,5.87,61.4,80.2,5.0,1.0,4.0,4.0,3.0,38.0,1.0,1.0,2.0,7.0,5+/day,Pass
Female,Central,B.Tech,10th Pass,English,5G/Excellent,Yes,7,5,17.8,78.5,5.4,0,5.29,42.6,73.3,3.0,3.0,3.0,1.0,1.0,63.0,3.0,4.0,4.0,7.0,3-5/day,At-Risk
Female,East,MCA,Post-Graduate,Hindi,4G/Good,Yes,4,8,13.1,77.4,6.1,4,7.01,63.0,61.2,5.0,3.0,3.0,4.0,5.0,38.0,2.0,4.0,3.0,7.0,5+/day,Pass
Male,North,B.Tech,10th Pass,English,2G/Slow,No,10,4,26.3,90.9,5.8,5,6.15,68.2,31.1,3.0,4.0,4.0,3.0,3.0,38.0,3.0,3.0,4.0,7.0,5+/day,Pass
Female,North,B.Tech,10th Pass,English,4G/Good,No,6,7,27.3,83.4,7.8,1,4.73,51.2,44.5,3.0,5.0,5.0,1.0,5.0,38.0,3.0,3.0,4.0,7.0,3-5/day,At-Risk
Female,South,B.E.,Graduate,English,3G/Moderate,Yes,1,7,17.1,79.3,4.5,1,7.87,61.4,70.5,3.0,4.0,4.0,1.0,3.0,88.0,1.0,3.0,4.0,3.0,1-3/day,Pass
Male,East,B.Tech,Below 10th,Regional,5G/Excellent,No,8,6,21.5,100.0,8.0,1,4.74,46.7,59.9,3.0,4.0,5.0,4.0,5.0,88.0,2.0,4.0,3.0,5.0,5+/day,At-Risk
Male,North,B.Tech,10th Pass,English,5G/Excellent,No,6,4,24.0,100.0,7.5,2,7.54,58.3,90.1,4.0,3.0,5.0,1.0,2.0,38.0,3.0,3.0,3.0,7.0,5+/day,Pass
Male,Central,B.E.,12th Pass,English,3G/Moderate,No,7,5,20.0,65.1,5.1,4,4.39,51.6,34.1,4.0,3.0,4.0,4.0,4.0,88.0,3.0,3.0,4.0,3.0,5+/day,Fail
Male,South,B.Tech,Graduate,Hindi,4G/Good,No,6,5,14.0,100.0,4.6,4,6.2,63.1,57.8,4.0,1.0,5.0,2.0,4.0,88.0,3.0,4.0,4.0,5.0,5+/day,Fail
Female,Central,B.Tech,Below 10th,English,4G/Good,No,7,6,0.6,79.9,7.3,5,2.77,45.0,44.6,5.0,4.0,4.0,4.0,4.0,38.0,3.0,1.0,3.0,7.0,5+/day,At-Risk
Male,West,B.Tech,12th Pass,English,4G/Good,No,5,4,18.7,95.6,7.3,4,5.97,57.0,38.4,5.0,4.0,3.0,2.0,4.0,88.0,1.0,3.0,3.0,3.0,5+/day,Pass
Male,West,B.Tech,Graduate,English,3G/Moderate,No,3,6,23.6,100.0,5.3,5,8.14,48.9,74.3,3.0,2.0,5.0,1.0,5.0,88.0,3.0,3.0,3.0,7.0,3-5/day,At-Risk
Female,East,BCA,Graduate,English,4G/Good,No,6,8,11.4,91.7,4.5,2,6.23,70.6,59.0,4.0,3.0,4.0,2.0,3.0,88.0,1.0,2.0,3.0,5.0,5+/day,Pass
Male,West,MCA,Post-Graduate,Hindi,3G/Moderate,No,10,8,19.2,100.0,5.9,4,6.02,54.0,77.5,4.0,2.0,5.0,3.0,1.0,88.0,3.0,3.0,4.0,5.0,1-3/day,At-Risk
Other,West,B.E.,Graduate,English,4G/Good,No,9,5,21.1,92.2,3.0,5,5.88,60.1,36.8,3.0,4.0,5.0,4.0,5.0,63.0,1.0,3.0,3.0,3.0,5+/day,Pass
Male,West,B.E.,Graduate,English,4G/Good,No,6,8,21.2,89.5,7.3,0,6.82,61.7,60.2,4.0,2.0,5.0,2.0,3.0,63.0,3.0,2.0,3.0,3.0,3-5/day,Pass
Male,East,B.Tech,12th Pass,Regional,4G/Good,Yes,9,6,18.9,94.1,5.6,4,7.21,65.8,72.0,5.0,1.0,5.0,3.0,4.0,63.0,1.0,3.0,3.0,3.0,5+/day,At-Risk
Male,Central,B.Tech,Below 10th,Regional,4G/Good,Yes,2,7,11.0,67.1,6.8,4,5.46,55.1,51.6,3.0,3.0,4.0,1.0,4.0,63.0,3.0,1.0,4.0,7.0,1-3/day,Fail
Male,West,B.Tech,Graduate,Regional,4G/Good,No,1,8,26.4,79.5,9.2,1,7.47,44.8,46.3,4.0,3.0,4.0,1.0,2.0,13.0,1.0,4.0,4.0,7.0,5+/day,Pass
Male,West,B.E.,Post-Graduate,Regional,4G/Good,No,4,6,17.7,69.1,5.9,4,7.02,60.0,54.6,4.0,5.0,4.0,2.0,4.0,63.0,4.0,2.0,2.0,5.0,5+/day,Fail
Female,Northeast,BCA,Graduate,Hindi,4G/Good,No,5,7,14.2,79.9,7.5,3,5.53,58.8,56.1,2.0,4.0,4.0,2.0,3.0,38.0,2.0,3.0,4.0,3.0,5+/day,Pass
Female,North,BCA,Below 10th,Hindi,2G/Slow,No,10,7,6.5,87.4,6.1,2,3.0,38.5,73.5,3.0,4.0,4.0,2.0,4.0,13.0,2.0,3.0,4.0,7.0,5+/day,At-Risk
Male,North,B.E.,12th Pass,Hindi,3G/Moderate,Yes,7,8,20.8,80.2,5.8,1,5.93,52.3,38.0,3.0,1.0,4.0,5.0,2.0,88.0,3.0,3.0,4.0,3.0,5+/day,Pass
Female,East,B.Tech,12th Pass,Regional,3G/Moderate,No,8,4,35.2,80.3,8.8,2,6.3,53.0,56.7,2.0,3.0,4.0,3.0,4.0,88.0,2.0,3.0,4.0,5.0,5+/day,At-Risk
Female,East,MCA,Graduate,Hindi,2G/Slow,No,1,8,16.4,65.7,5.7,3,4.77,45.7,51.5,5.0,1.0,5.0,2.0,3.0,63.0,4.0,3.0,3.0,7.0,5+/day,Fail
Female,Northeast,B.E.,Graduate,English,4G/Good,Yes,6,8,14.6,75.7,7.3,1,4.96,48.0,60.9,3.0,5.0,3.0,2.0,3.0,88.0,2.0,3.0,2.0,3.0,1-3/day,Pass
Male,South,BCA,12th Pass,Regional,4G/Good,Yes,1,4,17.9,100.0,7.0,5,7.13,80.9,50.2,4.0,2.0,3.0,5.0,5.0,13.0,3.0,4.0,3.0,7.0,5+/day,Pass
Male,East,B.E.,10th Pass,Regional,2G/Slow,Yes,8,8,17.5,75.3,7.1,5,5.3,45.0,55.8,5.0,1.0,4.0,3.0,5.0,88.0,4.0,2.0,3.0,5.0,5+/day,Fail
Male,East,BCA,Post-Graduate,Regional,5G/Excellent,Yes,1,6,15.4,77.9,7.4,5,7.98,95.1,99.8,3.0,3.0,1.0,1.0,1.0,88.0,4.0,3.0,3.0,5.0,1-3/day,Pass
Female,North,B.Com,Graduate,English,4G/Good,Yes,4,4,32.5,84.8,7.3,1,7.68,70.0,49.0,2.0,1.0,2.0,2.0,5.0,63.0,4.0,4.0,3.0,1.0,3-5/day,Pass
Female,East,B.Com,10th Pass,English,4G/Good,No,3,6,18.3,86.5,5.7,3,7.75,81.8,68.5,5.0,4.0,4.0,1.0,4.0,63.0,4.0,3.0,2.0,1.0,5+/day,Pass
Male,Northeast,B.E.,10th Pass,English,3G/Moderate,No,2,7,8.9,80.4,5.9,3,3.7,49.5,52.8,5.0,4.0,4.0,4.0,4.0,38.0,3.0,1.0,3.0,7.0,5+/day,At-Risk
Male,North,B.E.,Post-Graduate,Hindi,3G/Moderate,No,8,4,9.8,65.2,6.9,0,5.68,56.4,54.9,3.0,1.0,3.0,4.0,4.0,63.0,3.0,3.0,3.0,5.0,5+/day,Fail
Female,East,B.Tech,Graduate,English,4G/Good,No,6,7,26.0,88.5,3.7,1,6.79,64.9,62.7,3.0,1.0,4.0,4.0,5.0,63.0,3.0,4.0,3.0,3.0,5+/day,At-Risk
Female,East,B.Com,12th Pass,English,5G/Excellent,No,4,5,20.0,100.0,7.0,2,7.0,74.5,71.3,2.0,1.0,3.0,4.0,2.0,38.0,2.0,3.0,1.0,5.0,5+/day,Pass
Other,North,B.E.,Below 10th,English,3G/Moderate,Yes,3,5,15.5,100.0,5.6,4,5.53,71.4,54.2,5.0,3.0,4.0,4.0,4.0,88.0,3.0,3.0,3.0,3.0,5+/day,Pass
Female,North,B.Tech,Below 10th,English,4G/Good,Yes,6,6,15.0,73.4,8.1,3,5.87,48.0,65.5,4.0,2.0,1.0,3.0,5.0,38.0,4.0,3.0,4.0,7.0,5+/day,Fail
Male,Central,B.E.,10th Pass,Hindi,5G/Excellent,Yes,6,7,22.9,86.8,3.6,0,6.0,46.1,51.2,4.0,3.0,5.0,2.0,4.0,38.0,3.0,3.0,3.0,5.0,5+/day,At-Risk
Female,South,B.Tech,12th Pass,Regional,4G/Good,No,5,7,12.5,100.0,7.2,3,6.67,59.9,66.2,5.0,3.0,5.0,2.0,4.0,88.0,3.0,3.0,3.0,5.0,5+/day,At-Risk
Female,North,B.E.,12th Pass,English,4G/Good,No,3,4,17.0,82.0,6.9,5,5.86,52.9,46.1,4.0,4.0,4.0,2.0,5.0,63.0,3.0,4.0,1.0,5.0,3-5/day,Pass
Male,North,BCA,12th Pass,Hindi,4G/Good,Yes,10,5,23.1,85.1,6.7,2,5.6,61.5,50.6,5.0,4.0,2.0,3.0,3.0,88.0,3.0,1.0,3.0,3.0,5+/day,Pass
Female,West,B.Tech,Graduate,English,5G/Excellent,No,9,6,12.8,64.1,8.5,4,5.95,57.4,55.2,1.0,4.0,3.0,2.0,4.0,13.0,2.0,3.0,2.0,7.0,1-3/day,At-Risk
Female,East,B.Tech,Below 10th,English,4G/Good,No,6,6,26.9,94.5,6.5,4,6.07,55.6,46.0,5.0,1.0,5.0,1.0,5.0,38.0,1.0,3.0,2.0,3.0,5+/day,At-Risk
Male,West,B.Com,Below 10th,Hindi,5G/Excellent,No,5,4,6.5,85.3,6.9,3,4.41,33.3,24.3,4.0,4.0,2.0,4.0,4.0,13.0,1.0,1.0,1.0,3.0,5+/day,Pass
Female,North,MCA,10th Pass,Hindi,4G/Good,No,7,4,18.3,71.3,4.7,4,3.47,48.6,23.4,4.0,3.0,4.0,3.0,5.0,88.0,4.0,4.0,2.0,7.0,5+/day,Fail
Female,Central,MCA,10th Pass,Regional,5G/Excellent,Yes,1,6,18.5,90.3,6.7,5,8.0,78.9,64.7,2.0,3.0,3.0,3.0,5.0,13.0,3.0,4.0,4.0,7.0,5+/day,Pass
Female,South,B.E.,Below 10th,Hindi,5G/Excellent,Yes,7,4,3.1,93.7,6.1,5,5.22,45.7,66.2,4.0,5.0,4.0,2.0,3.0,38.0,1.0,4.0,2.0,3.0,1-3/day,Pass
Male,South,MCA,12th Pass,Regional,4G/Good,No,1,7,12.8,73.7,6.1,4,6.91,57.8,66.5,4.0,2.0,4.0,3.0,4.0,38.0,3.0,3.0,4.0,5.0,3-5/day,Fail
Male,South,B.E.,Graduate,English,4G/Good,No,9,6,22.2,62.1,4.1,2,5.8,64.7,68.7,3.0,3.0,3.0,1.0,1.0,63.0,3.0,4.0,4.0,7.0,3-5/day,Fail
Female,South,B.Tech,Graduate,English,4G/Good,No,6,8,13.0,83.7,9.1,5,7.09,67.1,71.3,2.0,2.0,5.0,3.0,5.0,38.0,4.0,2.0,3.0,3.0,5+/day,Pass
Male,Northeast,B.Tech,Graduate,English,4G/Good,Yes,7,5,16.1,90.3,5.1,3,7.72,63.5,80.0,3.0,4.0,4.0,2.0,4.0,63.0,1.0,4.0,3.0,1.0,5+/day,Pass
Female,Central,B.Tech,Graduate,Regional,5G/Excellent,No,7,5,15.2,85.2,6.1,0,6.39,74.4,52.3,4.0,3.0,4.0,4.0,2.0,38.0,2.0,3.0,4.0,5.0,Never,Pass
Female,South,B.Tech,Graduate,English,No Access,No,1,8,24.8,95.9,4.3,5,7.88,55.4,68.2,4.0,3.0,4.0,4.0,5.0,88.0,4.0,4.0,4.0,3.0,5+/day,Pass
Male,Northeast,B.Com,10th Pass,English,4G/Good,Yes,2,8,20.4,61.5,4.3,0,7.74,78.7,63.6,2.0,1.0,2.0,2.0,5.0,63.0,4.0,4.0,3.0,1.0,3-5/day,Fail
Male,West,B.Tech,Post-Graduate,Hindi,4G/Good,Yes,10,7,14.8,69.8,4.4,1,5.14,80.1,50.4,4.0,2.0,4.0,1.0,4.0,63.0,3.0,1.0,4.0,3.0,5+/day,Fail
Male,Central,B.E.,10th Pass,English,4G/Good,No,3,6,13.0,84.7,8.8,2,5.88,33.0,34.9,4.0,4.0,5.0,2.0,5.0,63.0,3.0,3.0,4.0,7.0,5+/day,Fail
Male,North,B.E.,10th Pass,English,4G/Good,Yes,8,4,24.1,63.3,4.1,3,7.03,49.6,69.3,3.0,2.0,5.0,3.0,4.0,38.0,3.0,3.0,2.0,1.0,5+/day,Fail
Female,East,B.Tech,10th Pass,English,No Access,Yes,9,5,19.0,72.9,5.6,4,4.39,65.9,44.9,4.0,4.0,2.0,4.0,4.0,13.0,1.0,1.0,1.0,3.0,5+/day,Pass
Female,South,BCA,Post-Graduate,English,4G/Good,Yes,8,8,25.1,75.7,5.9,2,7.01,65.1,78.3,4.0,2.0,3.0,3.0,4.0,88.0,3.0,4.0,4.0,1.0,5+/day,Pass
Female,Northeast,B.Tech,Post-Graduate,Hindi,5G/Excellent,No,6,6,22.3,94.2,5.4,3,6.43,62.6,41.1,2.0,4.0,5.0,4.0,5.0,13.0,3.0,2.0,3.0,1.0,5+/day,Pass
Female,North,MCA,Graduate,Hindi,5G/Excellent,No,2,4,0.0,97.7,5.2,3,5.56,61.4,20.5,4.0,3.0,4.0,4.0,5.0,88.0,4.0,4.0,4.0,3.0,5+/day,At-Risk
Male,East,B.Tech,12th Pass,English,3G/Moderate,Yes,2,5,25.5,90.7,5.9,2,7.92,52.0,72.2,2.0,3.0,2.0,3.0,1.0,13.0,1.0,3.0,1.0,1.0,1-3/day,Pass
Female,South,BCA,12th Pass,English,4G/Good,No,10,6,18.9,100.0,4.6,5,5.45,64.6,39.9,5.0,5.0,4.0,2.0,4.0,88.0,4.0,3.0,1.0,7.0,5+/day,At-Risk
Female,South,BCA,Post-Graduate,Regional,5G/Excellent,No,7,5,19.7,98.8,7.9,2,5.94,43.7,61.0,3.0,4.0,2.0,3.0,4.0,38.0,2.0,1.0,3.0,3.0,5+/day,Pass
Female,West,M.Tech,Graduate,Hindi,4G/Good,Yes,9,7,4.0,91.5,8.8,2,6.26,68.8,65.7,5.0,2.0,3.0,2.0,5.0,88.0,4.0,4.0,2.0,5.0,5+/day,At-Risk
Female,Northeast,MCA,Post-Graduate,Hindi,4G/Good,No,6,5,14.6,91.1,8.4,1,5.69,30.5,76.1,3.0,3.0,5.0,3.0,4.0,38.0,3.0,4.0,4.0,3.0,5+/day,At-Risk
Male,East,BCA,10th Pass,Hindi,No Access,No,1,7,18.4,75.0,3.6,4,5.92,62.1,66.0,4.0,2.0,5.0,3.0,1.0,88.0,3.0,3.0,4.0,5.0,1-3/day,At-Risk
Female,Northeast,B.E.,10th Pass,English,4G/Good,No,9,7,9.0,65.3,3.5,2,3.77,43.5,53.8,3.0,2.0,4.0,2.0,2.0,13.0,3.0,3.0,3.0,1.0,5+/day,Fail
Male,South,B.E.,Graduate,Regional,4G/Good,No,7,7,27.3,73.4,4.1,1,6.49,65.3,23.2,5.0,4.0,2.0,3.0,3.0,88.0,3.0,1.0,3.0,3.0,5+/day,Fail
Male,East,MCA,Below 10th,Hindi,4G/Good,No,3,4,23.2,92.1,7.3,0,5.91,75.6,45.0,2.0,2.0,2.0,1.0,4.0,88.0,4.0,3.0,4.0,5.0,3-5/day,At-Risk
Male,South,M.Tech,Post-Graduate,English,4G/Good,Yes,2,4,15.2,78.2,5.7,5,6.08,54.9,66.6,3.0,4.0,4.0,2.0,5.0,63.0,2.0,3.0,3.0,3.0,5+/day,Pass
Other,North,B.Tech,12th Pass,English,4G/Good,Yes,3,7,30.7,89.3,10.1,1,8.83,97.3,71.1,5.0,2.0,4.0,2.0,4.0,38.0,3.0,3.0,2.0,1.0,5+/day,Pass
Female,East,B.E.,Post-Graduate,English,5G/Excellent,No,2,6,20.6,60.1,6.5,5,8.43,56.8,90.0,4.0,5.0,4.0,2.0,4.0,63.0,4.0,2.0,2.0,5.0,5+/day,At-Risk
Female,West,MCA,10th Pass,English,4G/Good,No,10,7,27.6,88.3,8.1,4,5.95,82.9,53.4,4.0,2.0,5.0,3.0,3.0,63.0,4.0,3.0,3.0,1.0,1-3/day,Pass
Female,East,B.E.,Graduate,Regional,4G/Good,No,2,6,12.3,71.7,8.1,0,6.62,53.6,53.5,4.0,3.0,4.0,2.0,5.0,13.0,2.0,2.0,2.0,1.0,5+/day,At-Risk
Female,West,B.Tech,12th Pass,Regional,5G/Excellent,Yes,4,5,21.3,73.3,5.0,2,6.78,70.8,52.4,3.0,3.0,3.0,3.0,3.0,88.0,2.0,2.0,2.0,7.0,5+/day,At-Risk
Female,East,B.E.,12th Pass,English,5G/Excellent,Yes,6,4,27.4,100.0,5.2,2,7.44,74.7,50.2,3.0,2.0,5.0,2.0,4.0,63.0,4.0,3.0,3.0,5.0,5+/day,Pass
Male,North,BCA,12th Pass,English,5G/Excellent,No,3,6,26.3,100.0,8.8,2,8.63,71.4,73.8,4.0,5.0,4.0,2.0,4.0,63.0,4.0,2.0,2.0,5.0,5+/day,Pass
Male,North,B.Com,Post-Graduate,Regional,4G/Good,Yes,9,6,25.1,69.1,3.9,2,7.19,77.9,65.8,4.0,3.0,4.0,4.0,4.0,38.0,1.0,2.0,2.0,1.0,5+/day,At-Risk
Male,East,B.E.,Graduate,English,4G/Good,Yes,5,6,26.7,79.2,6.3,0,7.34,70.2,34.6,4.0,5.0,4.0,2.0,4.0,63.0,4.0,2.0,2.0,5.0,5+/day,Pass
Female,South,B.Tech,10th Pass,Hindi,3G/Moderate,No,5,8,28.7,80.5,7.5,1,5.7,61.7,47.2,4.0,2.0,2.0,4.0,3.0,13.0,3.0,2.0,3.0,3.0,5+/day,Pass
Female,North,B.Tech,Post-Graduate,Hindi,3G/Moderate,No,7,4,1.8,90.8,7.2,5,6.72,55.4,66.2,4.0,3.0,4.0,4.0,4.0,38.0,1.0,2.0,2.0,1.0,5+/day,Pass
Male,South,B.Tech,10th Pass,Hindi,4G/Good,No,9,8,15.0,76.4,5.9,5,5.08,57.3,51.1,3.0,2.0,4.0,1.0,3.0,63.0,3.0,3.0,3.0,5.0,Never,At-Risk
Male,East,BCA,10th Pass,Hindi,4G/Good,Yes,1,5,5.8,72.3,5.8,5,6.61,52.4,60.0,5.0,2.0,5.0,2.0,3.0,88.0,3.0,2.0,3.0,7.0,3-5/day,Fail
Female,South,B.E.,Below 10th,Hindi,3G/Moderate,Yes,9,6,5.9,85.5,4.6,1,3.5,34.3,32.0,5.0,3.0,5.0,4.0,2.0,13.0,3.0,3.0,3.0,5.0,5+/day,At-Risk
Male,West,B.Tech,Graduate,Regional,5G/Excellent,No,2,4,14.4,83.0,5.1,3,4.6,35.7,37.9,4.0,4.0,3.0,4.0,5.0,63.0,4.0,4.0,4.0,5.0,Never,At-Risk
Female,West,BCA,10th Pass,English,4G/Good,No,3,4,15.0,92.4,8.9,1,5.58,64.1,47.4,4.0,1.0,5.0,5.0,2.0,88.0,2.0,4.0,3.0,1.0,5+/day,Pass
Other,South,BCA,10th Pass,Regional,4G/Good,No,5,4,27.5,73.8,6.8,1,6.45,59.6,63.5,2.0,2.0,1.0,4.0,5.0,88.0,4.0,3.0,2.0,7.0,3-5/day,Fail
Male,West,B.Tech,Post-Graduate,English,4G/Good,No,10,6,9.7,79.5,5.6,5,4.9,38.2,14.9,5.0,3.0,5.0,3.0,4.0,88.0,3.0,4.0,3.0,5.0,5+/day,Fail
Male,West,B.Tech,Graduate,English,2G/Slow,No,4,7,19.3,91.3,7.4,1,5.49,65.2,41.1,3.0,3.0,4.0,2.0,5.0,63.0,3.0,4.0,3.0,1.0,5+/day,At-Risk
Female,West,B.Com,Below 10th,English,5G/Excellent,Yes,5,7,29.2,81.3,5.8,1,7.29,41.9,100.0,3.0,5.0,5.0,1.0,5.0,38.0,3.0,3.0,4.0,7.0,3-5/day,Pass
Female,East,B.E.,Graduate,Hindi,3G/Moderate,Yes,10,7,16.9,61.9,4.9,5,5.35,43.8,77.3,4.0,3.0,4.0,4.0,4.0,88.0,3.0,3.0,4.0,3.0,5+/day,Fail
Female,North,MCA,Post-Graduate,English,4G/Good,Yes,5,8,31.7,100.0,5.6,5,8.86,72.4,91.4,2.0,2.0,5.0,3.0,5.0,38.0,4.0,2.0,3.0,3.0,5+/day,Pass
Female,West,B.E.,Below 10th,Regional,4G/Good,No,5,6,4.9,81.0,4.4,1,4.14,36.3,48.1,1.0,4.0,5.0,2.0,4.0,88.0,3.0,3.0,4.0,5.0,5+/day,Fail
Male,South,MCA,Graduate,Hindi,4G/Good,Yes,10,5,12.1,81.2,8.9,0,6.79,74.7,40.9,4.0,5.0,4.0,3.0,5.0,88.0,3.0,3.0,4.0,7.0,5+/day,At-Risk
Male,Central,MCA,12th Pass,English,4G/Good,Yes,10,8,28.8,100.0,7.4,4,7.39,79.1,59.3,4.0,1.0,3.0,2.0,4.0,38.0,4.0,3.0,3.0,3.0,5+/day,Pass
Female,Northeast,BCA,Graduate,Hindi,3G/Moderate,No,10,4,13.3,100.0,7.4,4,4.17,51.9,39.8,4.0,2.0,4.0,4.0,1.0,63.0,3.0,3.0,3.0,3.0,1-3/day,Pass
Female,East,M.Tech,12th Pass,Regional,3G/Moderate,Yes,5,7,16.3,93.4,5.7,3,7.76,53.9,58.5,4.0,5.0,3.0,4.0,4.0,38.0,3.0,2.0,3.0,3.0,5+/day,Pass
Male,South,B.Com,Graduate,Hindi,4G/Good,Yes,2,4,29.7,69.0,6.4,1,9.34,74.7,64.8,4.0,4.0,4.0,4.0,4.0,88.0,4.0,4.0,4.0,5.0,5+/day,At-Risk
Female,North,BCA,Below 10th,English,4G/Good,No,1,8,22.7,98.5,5.8,2,6.55,63.4,57.2,5.0,3.0,4.0,3.0,5.0,88.0,3.0,3.0,4.0,7.0,5+/day,At-Risk
Female,South,B.Tech,Graduate,Regional,4G/Good,No,10,7,6.5,60.7,4.4,4,5.05,59.7,35.2,2.0,1.0,2.0,2.0,5.0,63.0,4.0,4.0,3.0,1.0,3-5/day,Fail
Male,East,B.E.,Below 10th,Hindi,3G/Moderate,No,8,6,22.3,83.6,7.9,5,6.77,59.6,48.4,4.0,3.0,3.0,1.0,1.0,63.0,4.0,3.0,3.0,5.0,5+/day,At-Risk
Male,South,MCA,12th Pass,English,2G/Slow,No,3,7,13.1,76.4,7.7,2,5.95,60.1,48.5,5.0,4.0,3.0,5.0,5.0,88.0,4.0,4.0,4.0,5.0,5+/day,At-Risk
Female,East,BCA,10th Pass,English,4G/Good,Yes,7,7,14.5,73.6,7.1,3,5.91,64.9,52.2,2.0,3.0,4.0,3.0,3.0,63.0,3.0,3.0,1.0,1.0,3-5/day,At-Risk
Male,North,B.Tech,Graduate,Hindi,4G/Good,No,8,7,17.3,84.8,6.5,2,5.93,67.7,60.9,3.0,2.0,3.0,2.0,4.0,88.0,4.0,1.0,1.0,1.0,1-3/day,Pass
Male,Central,B.Tech,10th Pass,Regional,2G/Slow,No,6,8,14.0,89.4,5.2,1,3.59,44.9,27.1,3.0,2.0,5.0,1.0,4.0,63.0,1.0,3.0,2.0,3.0,1-3/day,Fail
Male,North,BCA,12th Pass,English,4G/Good,Yes,6,7,21.4,91.4,7.0,1,7.76,64.4,60.4,4.0,2.0,5.0,3.0,1.0,38.0,2.0,3.0,4.0,5.0,5+/day,Pass
Female,Central,B.Tech,12th Pass,English,3G/Moderate,No,3,8,11.9,81.0,5.0,0,6.17,56.5,49.3,5.0,4.0,5.0,2.0,4.0,38.0,3.0,3.0,3.0,5.0,5+/day,At-Risk
Female,Central,B.E.,Graduate,Regional,4G/Good,Yes,9,4,20.1,79.5,5.2,1,5.53,48.1,62.1,2.0,3.0,3.0,3.0,5.0,13.0,3.0,4.0,4.0,7.0,5+/day,Pass
Female,East,BCA,12th Pass,English,3G/Moderate,Yes,3,6,23.3,92.2,5.1,4,6.13,68.2,57.6,4.0,3.0,4.0,1.0,4.0,63.0,3.0,3.0,4.0,5.0,3-5/day,At-Risk
Male,West,BCA,Graduate,Regional,5G/Excellent,No,5,7,17.5,92.5,5.5,1,4.97,48.1,12.7,4.0,4.0,2.0,4.0,4.0,13.0,1.0,1.0,1.0,3.0,5+/day,Pass
Female,South,B.Tech,Below 10th,English,3G/Moderate,Yes,6,8,18.5,83.7,5.4,1,5.42,77.6,33.9,2.0,3.0,4.0,3.0,3.0,63.0,3.0,3.0,1.0,1.0,3-5/day,Pass
Female,West,B.Tech,10th Pass,Hindi,4G/Good,Yes,1,7,18.6,71.6,7.6,2,7.06,61.4,65.0,4.0,4.0,5.0,1.0,5.0,38.0,1.0,3.0,4.0,5.0,3-5/day,Fail
Female,South,B.Tech,12th Pass,English,5G/Excellent,Yes,9,7,18.9,61.7,5.0,3,6.55,47.7,44.1,5.0,4.0,2.0,3.0,3.0,88.0,3.0,1.0,3.0,3.0,5+/day,At-Risk
Female,South,B.Tech,Post-Graduate,Regional,3G/Moderate,Yes,7,7,17.3,89.9,6.5,1,7.51,99.3,36.7,4.0,3.0,4.0,3.0,4.0,38.0,1.0,4.0,4.0,5.0,3-5/day,Pass
Male,East,BCA,Below 10th,Hindi,4G/Good,No,1,5,16.9,93.7,7.4,4,6.75,74.1,54.1,4.0,2.0,4.0,2.0,5.0,63.0,2.0,3.0,3.0,5.0,5+/day,At-Risk
Female,East,B.E.,Below 10th,Regional,3G/Moderate,No,6,6,17.1,79.6,8.3,3,5.95,43.5,42.8,4.0,2.0,3.0,3.0,3.0,63.0,3.0,4.0,4.0,1.0,1-3/day,At-Risk
Male,East,B.Tech,10th Pass,Hindi,2G/Slow,No,7,6,19.3,86.5,7.1,1,5.28,39.5,66.4,3.0,4.0,3.0,4.0,4.0,38.0,3.0,2.0,2.0,3.0,5+/day,Pass
Female,South,B.Tech,12th Pass,English,4G/Good,No,5,8,15.0,97.8,3.6,3,6.03,82.7,68.8,2.0,2.0,4.0,4.0,5.0,38.0,4.0,3.0,3.0,7.0,5+/day,Pass
Male,South,B.Tech,10th Pass,English,5G/Excellent,No,5,4,17.0,100.0,6.2,4,6.46,48.7,58.3,5.0,3.0,4.0,3.0,5.0,88.0,3.0,3.0,4.0,7.0,5+/day,At-Risk
Male,North,B.Com,Graduate,Hindi,4G/Good,Yes,7,4,24.9,77.3,7.6,2,6.2,58.1,53.0,5.0,4.0,3.0,1.0,4.0,13.0,3.0,3.0,3.0,7.0,5+/day,Pass
Male,North,B.E.,Below 10th,Hindi,4G/Good,Yes,3,4,32.0,80.9,5.0,2,7.94,76.6,82.7,4.0,2.0,3.0,3.0,4.0,88.0,3.0,4.0,4.0,1.0,5+/day,Pass
Female,South,M.Tech,10th Pass,Regional,4G/Good,Yes,3,7,35.2,87.5,8.5,0,7.49,81.3,58.2,5.0,3.0,3.0,2.0,3.0,13.0,3.0,4.0,4.0,1.0,5+/day,Pass
Male,North,MCA,10th Pass,English,4G/Good,No,1,8,18.9,67.4,8.5,4,5.97,81.5,63.8,4.0,3.0,4.0,2.0,3.0,88.0,1.0,2.0,3.0,5.0,5+/day,At-Risk
Female,North,B.E.,12th Pass,Hindi,4G/Good,No,8,7,10.8,56.3,7.3,5,4.5,55.4,48.5,4.0,3.0,3.0,1.0,1.0,63.0,4.0,3.0,3.0,5.0,5+/day,Fail
Male,Northeast,BCA,Graduate,Regional,3G/Moderate,No,2,5,16.3,66.0,7.9,1,6.98,86.4,64.6,3.0,1.0,4.0,5.0,2.0,88.0,3.0,3.0,4.0,3.0,5+/day,At-Risk
Male,North,B.Tech,Below 10th,English,4G/Good,No,3,8,19.0,78.7,8.3,5,5.55,67.6,67.0,2.0,2.0,4.0,4.0,5.0,38.0,4.0,3.0,3.0,7.0,5+/day,Pass
Female,West,BCA,Post-Graduate,Regional,4G/Good,No,7,8,25.6,73.3,6.6,5,6.26,72.7,41.7,3.0,4.0,5.0,3.0,4.0,63.0,2.0,4.0,3.0,3.0,3-5/day,At-Risk
Male,South,B.Tech,10th Pass,English,5G/Excellent,Yes,10,8,13.0,72.2,7.8,1,5.61,62.5,69.1,5.0,3.0,4.0,2.0,2.0,63.0,3.0,3.0,1.0,3.0,5+/day,Fail
Male,Northeast,MCA,Graduate,Hindi,3G/Moderate,No,10,5,17.1,82.6,4.8,0,4.23,36.6,42.6,5.0,3.0,5.0,3.0,4.0,88.0,3.0,4.0,3.0,5.0,5+/day,Fail
Female,East,B.Tech,12th Pass,English,4G/Good,No,8,8,10.9,81.8,7.6,4,6.0,79.4,56.1,2.0,1.0,2.0,2.0,5.0,63.0,4.0,4.0,3.0,1.0,3-5/day,At-Risk
Male,South,MCA,10th Pass,English,3G/Moderate,No,9,5,29.7,72.9,7.1,3,4.48,42.5,44.0,5.0,3.0,5.0,3.0,4.0,88.0,3.0,4.0,3.0,5.0,5+/day,Fail
Male,East,B.Tech,Graduate,English,3G/Moderate,Yes,8,4,21.8,62.6,10.2,3,7.79,80.8,53.8,2.0,2.0,3.0,2.0,3.0,63.0,3.0,3.0,2.0,7.0,5+/day,At-Risk
Male,South,M.Tech,Graduate,Regional,4G/Good,No,7,8,15.5,86.9,5.9,5,5.85,33.8,77.9,4.0,2.0,4.0,3.0,4.0,38.0,3.0,3.0,4.0,5.0,3-5/day,At-Risk
Female,East,B.Tech,10th Pass,Regional,4G/Good,No,10,7,18.4,94.6,8.4,2,5.38,61.0,29.8,5.0,3.0,4.0,2.0,5.0,13.0,1.0,4.0,1.0,7.0,5+/day,At-Risk
Female,North,BCA,12th Pass,English,4G/Good,Yes,1,6,8.6,74.6,7.9,3,7.65,86.1,63.6,2.0,2.0,3.0,2.0,3.0,63.0,3.0,3.0,2.0,7.0,5+/day,At-Risk
Female,Central,B.E.,10th Pass,Regional,3G/Moderate,No,1,5,21.2,77.4,6.3,3,6.74,48.6,71.2,2.0,2.0,3.0,2.0,3.0,63.0,3.0,3.0,2.0,7.0,5+/day,Pass
Female,South,B.E.,Graduate,Hindi,5G/Excellent,Yes,8,4,20.7,91.8,3.8,5,6.16,63.9,54.9,3.0,3.0,3.0,1.0,3.0,13.0,4.0,3.0,3.0,3.0,5+/day,Pass
Male,South,BCA,10th Pass,Regional,2G/Slow,Yes,7,4,5.6,94.6,5.9,5,3.0,14.6,69.7,3.0,4.0,5.0,4.0,5.0,88.0,2.0,4.0,3.0,5.0,5+/day,At-Risk
Male,West,B.Com,Graduate,English,4G/Good,No,2,6,12.9,76.5,6.3,4,6.81,63.2,51.8,5.0,3.0,5.0,2.0,4.0,88.0,3.0,3.0,3.0,5.0,5+/day,At-Risk
Female,South,B.Tech,10th Pass,English,4G/Good,Yes,9,8,15.9,80.8,7.9,5,5.9,70.6,36.2,3.0,2.0,4.0,1.0,4.0,63.0,2.0,3.0,3.0,1.0,5+/day,At-Risk
Male,Northeast,B.Com,Below 10th,Hindi,4G/Good,No,10,7,16.0,99.7,6.9,4,4.3,39.0,29.7,5.0,4.0,3.0,1.0,4.0,13.0,3.0,3.0,3.0,7.0,5+/day,At-Risk
Male,South,BCA,10th Pass,English,5G/Excellent,No,7,6,14.5,92.5,6.6,0,5.86,61.9,60.6,4.0,2.0,2.0,1.0,4.0,63.0,3.0,3.0,3.0,5.0,5+/day,At-Risk
Male,West,MCA,10th Pass,Hindi,4G/Good,No,9,8,18.9,68.3,7.7,5,5.28,56.9,76.1,3.0,2.0,4.0,1.0,4.0,63.0,2.0,3.0,3.0,1.0,5+/day,Fail
Male,North,B.E.,12th Pass,English,3G/Moderate,No,1,8,27.8,61.4,7.7,5,6.74,55.7,67.4,4.0,4.0,5.0,1.0,4.0,38.0,2.0,3.0,4.0,1.0,5+/day,At-Risk
Other,Northeast,B.E.,10th Pass,English,4G/Good,Yes,3,5,21.4,78.7,8.0,4,6.96,58.2,43.2,5.0,2.0,1.0,1.0,5.0,88.0,4.0,3.0,1.0,5.0,3-5/day,At-Risk
Male,West,M.Tech,Graduate,English,4G/Good,No,10,7,26.2,70.4,5.2,0,7.04,72.0,51.5,4.0,5.0,4.0,2.0,5.0,38.0,2.0,2.0,4.0,5.0,5+/day,Fail
Male,North,B.E.,10th Pass,Regional,No Access,No,2,7,20.6,87.6,8.0,0,6.71,72.6,77.7,2.0,3.0,2.0,3.0,1.0,13.0,1.0,3.0,1.0,1.0,1-3/day,Pass
Male,North,B.E.,Graduate,English,5G/Excellent,No,6,5,15.8,90.6,8.5,1,5.99,38.7,44.6,5.0,3.0,4.0,3.0,5.0,88.0,3.0,3.0,4.0,7.0,5+/day,Fail
Other,South,B.Tech,12th Pass,English,2G/Slow,No,10,8,16.8,85.1,10.5,3,6.08,85.0,44.4,3.0,3.0,4.0,4.0,5.0,13.0,4.0,3.0,3.0,3.0,5+/day,Pass
Male,Central,B.Tech,Post-Graduate,Hindi,4G/Good,No,4,8,23.6,72.3,7.2,4,6.51,56.0,86.7,3.0,2.0,3.0,2.0,4.0,88.0,4.0,1.0,1.0,1.0,1-3/day,At-Risk
Male,South,BCA,Post-Graduate,Hindi,4G/Good,No,2,7,21.8,66.8,8.1,0,6.22,66.2,39.9,5.0,1.0,5.0,1.0,5.0,38.0,1.0,3.0,2.0,3.0,5+/day,Fail
Female,South,BCA,Graduate,Hindi,5G/Excellent,No,2,7,27.3,89.9,7.2,3,8.0,78.0,75.6,1.0,1.0,4.0,2.0,4.0,88.0,2.0,4.0,3.0,7.0,5+/day,Pass
Female,North,BCA,Graduate,Regional,4G/Good,No,6,7,18.0,91.9,7.4,5,5.33,54.7,46.0,4.0,2.0,5.0,3.0,1.0,38.0,2.0,3.0,4.0,5.0,5+/day,Pass
Male,South,B.Tech,10th Pass,English,4G/Good,No,9,7,8.2,95.3,8.1,4,3.93,37.1,52.6,4.0,4.0,5.0,2.0,5.0,13.0,3.0,2.0,4.0,5.0,5+/day,At-Risk
Male,East,B.E.,Graduate,English,3G/Moderate,Yes,6,8,16.6,78.5,4.1,5,6.17,52.4,77.1,5.0,5.0,3.0,1.0,3.0,13.0,2.0,3.0,4.0,5.0,3-5/day,Pass
Male,Central,B.E.,Post-Graduate,Regional,4G/Good,No,4,7,7.6,80.9,6.9,3,5.12,46.6,61.2,4.0,3.0,4.0,1.0,4.0,38.0,2.0,3.0,4.0,7.0,3-5/day,At-Risk
Male,East,B.E.,Below 10th,Regional,3G/Moderate,No,9,8,17.1,91.7,7.0,0,4.74,41.3,19.9,3.0,4.0,3.0,5.0,5.0,63.0,3.0,2.0,3.0,3.0,3-5/day,At-Risk
Male,Northeast,M.Tech,12th Pass,Hindi,5G/Excellent,No,2,5,9.8,82.1,5.6,3,5.83,33.6,70.1,2.0,4.0,5.0,1.0,2.0,63.0,3.0,3.0,3.0,5.0,5+/day,Pass
Male,East,MCA,10th Pass,English,3G/Moderate,Yes,6,4,17.3,75.1,4.2,5,6.29,68.0,75.1,4.0,3.0,4.0,4.0,5.0,88.0,4.0,4.0,4.0,3.0,5+/day,At-Risk
Male,North,B.Tech,12th Pass,English,3G/Moderate,No,7,5,19.0,71.9,5.8,2,4.3,35.5,46.1,5.0,2.0,4.0,3.0,4.0,63.0,4.0,3.0,3.0,5.0,5+/day,Fail
Male,South,M.Tech,12th Pass,English,4G/Good,No,3,5,17.2,90.6,7.0,3,6.56,94.3,64.2,2.0,2.0,4.0,1.0,4.0,13.0,3.0,1.0,4.0,7.0,5+/day,Pass
Female,East,B.E.,12th Pass,Hindi,4G/Good,Yes,4,6,16.1,78.5,6.2,5,5.08,58.1,40.6,5.0,4.0,4.0,4.0,4.0,38.0,3.0,1.0,3.0,7.0,5+/day,Pass
Female,Central,BCA,12th Pass,English,4G/Good,No,7,5,15.3,75.5,6.9,2,5.63,54.9,48.6,4.0,2.0,4.0,1.0,2.0,13.0,3.0,2.0,3.0,5.0,5+/day,At-Risk
Female,Northeast,B.Tech,Post-Graduate,English,3G/Moderate,No,9,6,25.9,87.4,5.1,5,6.72,69.6,42.1,4.0,1.0,5.0,2.0,4.0,88.0,3.0,4.0,4.0,5.0,5+/day,Fail
Male,North,BCA,12th Pass,English,2G/Slow,No,5,6,20.0,73.5,6.7,4,5.27,39.0,59.6,5.0,1.0,5.0,2.0,3.0,63.0,4.0,3.0,3.0,7.0,5+/day,Fail
Male,North,B.Tech,Graduate,Hindi,3G/Moderate,Yes,2,6,7.4,75.1,7.0,5,6.03,81.1,54.1,3.0,3.0,3.0,1.0,1.0,63.0,3.0,4.0,4.0,7.0,3-5/day,Pass
Female,North,B.E.,10th Pass,English,4G/Good,No,8,5,18.9,82.5,4.6,0,4.52,43.3,49.1,4.0,4.0,3.0,4.0,5.0,63.0,4.0,4.0,4.0,5.0,Never,At-Risk
Male,Central,B.Tech,12th Pass,Hindi,4G/Good,Yes,9,4,28.6,76.4,4.4,3,7.27,83.2,68.3,3.0,2.0,5.0,1.0,5.0,88.0,3.0,3.0,3.0,7.0,3-5/day,At-Risk
Male,Northeast,B.Tech,12th Pass,Hindi,4G/Good,No,2,6,14.8,99.0,7.7,3,6.96,70.4,46.7,3.0,5.0,4.0,3.0,5.0,88.0,4.0,3.0,3.0,5.0,3-5/day,Pass
Female,West,B.Tech,10th Pass,English,4G/Good,Yes,10,7,15.3,88.4,6.7,5,6.45,82.5,60.3,3.0,4.0,4.0,2.0,4.0,13.0,2.0,3.0,4.0,7.0,5+/day,Pass
Female,South,B.Tech,10th Pass,Hindi,4G/Good,No,10,7,22.4,83.5,5.0,5,5.86,59.8,36.3,4.0,2.0,3.0,5.0,5.0,13.0,3.0,4.0,3.0,7.0,5+/day,At-Risk
Female,East,B.Tech,12th Pass,English,5G/Excellent,Yes,1,8,12.0,98.9,5.9,3,7.59,58.9,35.1,2.0,2.0,2.0,1.0,4.0,88.0,4.0,3.0,4.0,5.0,3-5/day,Pass
Male,South,BCA,12th Pass,English,3G/Moderate,No,4,7,9.7,83.0,7.2,0,7.21,72.2,75.9,4.0,1.0,3.0,2.0,3.0,88.0,3.0,3.0,3.0,7.0,3-5/day,At-Risk
Male,South,B.Tech,12th Pass,Hindi,4G/Good,No,1,7,7.0,95.0,5.1,5,6.68,64.0,26.6,5.0,3.0,4.0,5.0,3.0,63.0,4.0,4.0,4.0,5.0,3-5/day,Pass
Female,East,BCA,10th Pass,Hindi,4G/Good,No,1,6,22.8,70.1,8.8,3,6.16,62.3,32.5,4.0,2.0,5.0,2.0,2.0,38.0,4.0,1.0,3.0,1.0,5+/day,Fail
Male,North,B.Tech,10th Pass,Hindi,3G/Moderate,Yes,5,5,24.1,74.4,7.3,4,5.29,56.3,28.0,3.0,4.0,4.0,3.0,5.0,38.0,2.0,2.0,3.0,7.0,5+/day,At-Risk
Female,North,B.Com,12th Pass,Hindi,4G/Good,Yes,7,7,13.9,70.5,7.7,4,4.22,29.2,41.0,4.0,1.0,5.0,4.0,5.0,38.0,3.0,1.0,2.0,7.0,5+/day,Fail
Female,Central,B.Com,Below 10th,Regional,4G/Good,No,3,5,9.9,88.1,6.8,4,5.01,58.7,44.8,2.0,2.0,4.0,4.0,5.0,38.0,4.0,3.0,3.0,7.0,5+/day,At-Risk
Female,West,B.Tech,10th Pass,English,3G/Moderate,Yes,7,4,24.1,63.5,7.4,4,6.81,41.5,44.8,3.0,2.0,3.0,2.0,4.0,88.0,4.0,1.0,1.0,1.0,1-3/day,Fail
Male,South,BCA,Below 10th,Hindi,4G/Good,Yes,5,7,17.1,85.8,9.7,1,6.98,71.0,70.5,1.0,2.0,4.0,4.0,4.0,88.0,4.0,4.0,4.0,5.0,3-5/day,Pass
Male,East,B.Tech,Below 10th,Hindi,4G/Good,No,10,4,4.0,76.1,5.8,1,3.62,46.8,41.0,3.0,4.0,2.0,4.0,4.0,88.0,1.0,4.0,3.0,1.0,5+/day,At-Risk
Female,South,B.Com,10th Pass,English,3G/Moderate,No,8,4,20.6,83.6,5.9,4,4.88,62.4,57.6,4.0,3.0,3.0,1.0,1.0,63.0,4.0,3.0,3.0,5.0,5+/day,At-Risk
Female,West,B.E.,Below 10th,English,4G/Good,Yes,7,8,20.0,81.8,9.7,3,5.25,52.0,57.2,3.0,3.0,4.0,1.0,4.0,88.0,2.0,4.0,3.0,1.0,3-5/day,At-Risk
Female,West,B.Tech,10th Pass,Hindi,4G/Good,No,1,5,27.7,88.7,8.5,4,7.31,48.8,81.1,4.0,3.0,4.0,4.0,5.0,88.0,4.0,4.0,4.0,3.0,5+/day,Pass
Male,West,B.Tech,Graduate,English,2G/Slow,No,1,5,23.9,100.0,6.2,1,7.28,64.0,36.7,2.0,2.0,2.0,1.0,4.0,88.0,4.0,3.0,4.0,5.0,3-5/day,At-Risk
Male,West,B.Tech,Below 10th,English,2G/Slow,Yes,7,8,24.3,100.0,5.3,1,4.08,42.4,33.9,4.0,1.0,5.0,2.0,4.0,38.0,1.0,3.0,2.0,7.0,5+/day,Fail
Female,North,B.E.,12th Pass,Hindi,4G/Good,No,6,6,11.9,91.8,5.9,0,5.53,65.0,61.3,4.0,2.0,4.0,3.0,2.0,63.0,1.0,4.0,4.0,3.0,5+/day,Pass
Female,South,BCA,Post-Graduate,Regional,4G/Good,Yes,9,8,8.5,77.9,9.6,0,6.48,80.3,29.8,5.0,3.0,5.0,4.0,2.0,13.0,3.0,3.0,3.0,5.0,5+/day,Pass
Female,South,B.E.,Graduate,Regional,5G/Excellent,Yes,8,8,21.6,84.3,6.6,3,6.68,77.6,52.3,5.0,2.0,2.0,3.0,3.0,63.0,4.0,3.0,3.0,5.0,3-5/day,Pass
Male,South,B.E.,10th Pass,English,2G/Slow,Yes,6,8,18.1,77.2,8.1,0,5.86,53.3,30.0,5.0,4.0,3.0,2.0,4.0,88.0,1.0,3.0,3.0,3.0,5+/day,At-Risk
Female,West,B.Tech,Post-Graduate,Hindi,2G/Slow,Yes,6,4,22.5,73.2,6.9,2,6.8,54.7,66.6,3.0,2.0,5.0,3.0,4.0,38.0,3.0,3.0,2.0,1.0,5+/day,At-Risk
Female,South,B.Tech,10th Pass,English,2G/Slow,No,9,5,18.9,58.6,7.0,2,4.98,66.2,64.4,4.0,5.0,4.0,2.0,3.0,38.0,1.0,4.0,2.0,3.0,1-3/day,Fail
Female,North,B.Tech,Below 10th,English,4G/Good,Yes,4,6,28.1,79.3,7.4,5,6.62,50.7,53.4,2.0,2.0,1.0,4.0,5.0,88.0,4.0,3.0,2.0,7.0,3-5/day,Pass
Male,South,MCA,Post-Graduate,Regional,4G/Good,No,9,7,15.0,85.3,6.3,0,6.48,49.8,52.4,3.0,2.0,5.0,1.0,4.0,63.0,1.0,3.0,2.0,3.0,1-3/day,At-Risk
Male,Central,B.Tech,Graduate,English,4G/Good,No,8,7,18.3,89.3,6.1,2,6.44,68.9,78.1,3.0,4.0,4.0,3.0,5.0,38.0,2.0,2.0,3.0,7.0,5+/day,Pass
Female,North,BCA,12th Pass,English,4G/Good,No,3,7,13.6,83.4,8.9,5,6.32,47.1,53.9,4.0,2.0,4.0,1.0,2.0,88.0,4.0,3.0,3.0,7.0,1-3/day,At-Risk
Male,East,B.Tech,Graduate,Regional,4G/Good,No,4,6,11.9,73.7,6.2,1,5.84,50.3,47.5,4.0,2.0,4.0,2.0,3.0,63.0,3.0,4.0,2.0,7.0,5+/day,Fail
Male,South,B.Tech,Graduate,Regional,5G/Excellent,No,7,7,27.3,76.0,7.3,4,6.2,61.4,69.8,4.0,3.0,4.0,1.0,2.0,13.0,1.0,4.0,4.0,7.0,5+/day,Pass
Female,North,BCA,10th Pass,Regional,2G/Slow,Yes,3,6,17.2,93.1,8.1,4,7.15,72.8,74.4,5.0,4.0,3.0,5.0,5.0,88.0,4.0,4.0,4.0,5.0,5+/day,Pass
Male,East,B.E.,10th Pass,Regional,2G/Slow,No,3,7,35.3,61.5,7.4,2,7.15,71.1,69.0,3.0,2.0,4.0,2.0,2.0,13.0,3.0,3.0,3.0,1.0,5+/day,At-Risk
Female,West,B.E.,12th Pass,Hindi,3G/Moderate,No,8,7,8.6,75.9,7.6,1,4.75,44.7,46.1,4.0,2.0,5.0,3.0,3.0,63.0,4.0,3.0,3.0,1.0,1-3/day,At-Risk
Male,East,BCA,Post-Graduate,English,No Access,Yes,5,6,18.7,82.3,4.1,1,6.44,51.1,73.4,3.0,4.0,2.0,3.0,4.0,38.0,2.0,1.0,3.0,3.0,5+/day,Pass
Female,Northeast,B.E.,Below 10th,Hindi,5G/Excellent,No,5,5,19.1,77.1,6.9,0,6.91,45.8,61.5,3.0,1.0,4.0,3.0,5.0,63.0,3.0,4.0,4.0,7.0,3-5/day,Fail
Other,South,B.Tech,Graduate,English,3G/Moderate,No,8,6,26.7,63.8,8.4,5,6.73,62.8,56.2,5.0,1.0,4.0,4.0,5.0,88.0,3.0,2.0,4.0,3.0,3-5/day,Fail
Male,North,BCA,Below 10th,English,4G/Good,Yes,6,6,11.8,93.2,9.9,5,4.98,45.6,50.1,3.0,2.0,5.0,3.0,4.0,38.0,3.0,3.0,2.0,1.0,5+/day,Pass
Male,Central,BCA,12th Pass,Regional,3G/Moderate,No,5,8,13.8,96.0,8.3,1,5.91,79.8,65.4,3.0,2.0,5.0,3.0,4.0,38.0,3.0,3.0,2.0,1.0,5+/day,Pass
Male,South,B.Tech,12th Pass,Hindi,3G/Moderate,Yes,1,4,8.1,70.2,6.9,1,4.98,39.7,55.9,4.0,1.0,3.0,2.0,4.0,38.0,4.0,3.0,3.0,3.0,5+/day,Fail
Male,East,B.E.,Graduate,English,3G/Moderate,Yes,5,4,28.3,43.5,7.4,1,6.23,60.2,73.7,4.0,2.0,4.0,3.0,4.0,63.0,3.0,4.0,3.0,3.0,5+/day,Fail
Female,West,B.Tech,Below 10th,English,3G/Moderate,No,8,5,5.9,100.0,7.6,5,4.63,37.1,49.0,4.0,1.0,5.0,4.0,5.0,38.0,3.0,1.0,2.0,7.0,5+/day,At-Risk
Female,South,B.Tech,12th Pass,English,4G/Good,No,9,5,18.8,77.0,3.4,4,5.56,36.8,42.1,4.0,3.0,5.0,2.0,4.0,38.0,3.0,3.0,3.0,5.0,5+/day,At-Risk
Male,West,BCA,12th Pass,Regional,5G/Excellent,Yes,6,5,35.5,70.3,4.8,2,7.84,72.0,63.4,4.0,1.0,3.0,2.0,4.0,38.0,4.0,3.0,3.0,3.0,5+/day,Fail
Male,North,M.Tech,Below 10th,Hindi,4G/Good,No,10,4,26.0,80.7,6.7,0,7.01,48.0,54.5,2.0,3.0,3.0,2.0,1.0,63.0,1.0,4.0,3.0,7.0,3-5/day,Pass
Male,South,M.Tech,Below 10th,Hindi,4G/Good,No,3,5,26.6,85.8,6.4,0,6.69,63.3,55.4,3.0,3.0,4.0,1.0,5.0,63.0,3.0,2.0,4.0,3.0,5+/day,At-Risk
Female,North,B.Tech,Graduate,Hindi,No Access,No,8,5,30.0,74.5,5.9,0,5.73,49.0,50.2,4.0,2.0,2.0,1.0,4.0,88.0,3.0,3.0,2.0,5.0,5+/day,Fail
Male,Northeast,B.E.,12th Pass,Hindi,5G/Excellent,Yes,5,6,19.2,83.6,7.1,3,6.94,51.3,67.8,5.0,4.0,4.0,1.0,4.0,63.0,4.0,3.0,2.0,1.0,5+/day,Pass
Female,North,BCA,10th Pass,Regional,No Access,No,2,6,19.2,80.6,7.3,2,4.37,47.7,44.2,3.0,3.0,3.0,2.0,4.0,88.0,3.0,3.0,3.0,3.0,5+/day,At-Risk
Female,West,B.Tech,12th Pass,Hindi,5G/Excellent,No,1,4,18.0,73.7,4.2,4,5.74,61.0,55.6,5.0,1.0,4.0,4.0,5.0,88.0,3.0,2.0,4.0,3.0,3-5/day,Fail
Female,Central,MCA,Post-Graduate,Regional,4G/Good,No,8,6,17.5,62.4,4.4,5,4.5,63.9,45.5,4.0,3.0,4.0,2.0,3.0,88.0,1.0,2.0,3.0,5.0,5+/day,Fail
Male,East,BCA,Below 10th,Regional,3G/Moderate,No,2,5,13.7,98.0,5.9,2,5.25,35.7,52.5,5.0,4.0,4.0,4.0,4.0,38.0,3.0,1.0,3.0,7.0,5+/day,At-Risk
Female,East,B.Com,12th Pass,Regional,4G/Good,No,3,6,27.7,88.8,7.3,0,6.33,65.7,60.1,4.0,3.0,4.0,1.0,4.0,13.0,1.0,2.0,2.0,1.0,3-5/day,Pass
Male,South,B.Tech,Below 10th,Hindi,5G/Excellent,Yes,9,8,14.3,72.8,6.2,4,4.97,35.7,56.5,5.0,5.0,4.0,2.0,4.0,88.0,4.0,3.0,1.0,7.0,5+/day,Fail
Male,South,B.Tech,Below 10th,Regional,3G/Moderate,No,1,6,16.0,86.9,5.7,2,6.03,68.9,72.7,2.0,2.0,4.0,4.0,5.0,38.0,4.0,3.0,3.0,7.0,5+/day,Pass
Female,East,MCA,10th Pass,English,3G/Moderate,Yes,8,4,8.7,71.6,8.6,5,5.6,56.9,69.7,3.0,4.0,4.0,2.0,4.0,63.0,1.0,4.0,3.0,1.0,5+/day,At-Risk
Female,East,BCA,12th Pass,Regional,2G/Slow,Yes,2,5,23.8,81.5,7.5,1,6.09,68.4,50.5,4.0,2.0,3.0,2.0,5.0,88.0,2.0,3.0,3.0,7.0,3-5/day,At-Risk
Male,Central,M.Tech,Graduate,Regional,4G/Good,Yes,8,5,29.1,89.1,6.2,2,6.31,56.0,34.1,4.0,4.0,5.0,2.0,3.0,38.0,2.0,3.0,3.0,3.0,5+/day,Pass
Male,Central,B.Tech,10th Pass,Regional,2G/Slow,No,2,4,2.4,87.6,9.2,5,3.39,53.7,12.3,4.0,4.0,5.0,2.0,3.0,38.0,2.0,3.0,3.0,3.0,5+/day,At-Risk
Male,Northeast,BCA,12th Pass,Regional,4G/Good,Yes,7,6,28.8,77.1,6.7,1,6.51,48.4,63.4,4.0,1.0,5.0,2.0,4.0,38.0,1.0,3.0,2.0,7.0,5+/day,At-Risk
Male,Central,BCA,12th Pass,English,5G/Excellent,Yes,3,5,23.2,91.8,7.9,0,7.65,70.0,62.3,4.0,5.0,4.0,3.0,5.0,88.0,3.0,3.0,4.0,7.0,5+/day,Pass
Male,South,B.Tech,10th Pass,English,5G/Excellent,Yes,4,5,26.9,82.1,5.1,1,6.84,72.5,82.9,4.0,2.0,3.0,3.0,4.0,88.0,3.0,4.0,4.0,1.0,5+/day,Pass
Male,West,B.E.,12th Pass,English,2G/Slow,Yes,1,8,20.6,75.7,4.4,3,5.26,63.1,65.9,4.0,1.0,5.0,2.0,4.0,88.0,3.0,4.0,4.0,5.0,5+/day,Fail
Male,Central,BCA,Graduate,Regional,4G/Good,No,10,4,22.2,100.0,5.3,4,5.83,42.9,30.8,2.0,2.0,5.0,3.0,5.0,38.0,4.0,2.0,3.0,3.0,5+/day,At-Risk
Female,South,B.Tech,Graduate,English,2G/Slow,No,1,6,20.3,68.5,7.3,1,6.87,59.3,63.2,3.0,4.0,4.0,2.0,4.0,13.0,2.0,3.0,4.0,7.0,5+/day,At-Risk
Female,Central,B.Tech,Graduate,Hindi,4G/Good,Yes,10,6,11.0,86.8,6.3,4,4.99,40.4,36.8,4.0,3.0,4.0,3.0,3.0,88.0,3.0,4.0,4.0,5.0,5+/day,At-Risk
Female,South,BCA,10th Pass,Hindi,5G/Excellent,Yes,8,5,17.2,99.0,6.2,5,5.2,54.9,56.2,2.0,3.0,4.0,3.0,4.0,88.0,2.0,3.0,4.0,5.0,5+/day,Pass
Male,East,B.E.,Graduate,Hindi,4G/Good,No,8,7,14.6,61.6,6.9,1,6.73,67.9,75.3,5.0,1.0,4.0,3.0,5.0,63.0,3.0,4.0,3.0,3.0,5+/day,Fail
Female,West,M.Tech,10th Pass,Regional,5G/Excellent,No,2,8,25.6,100.0,6.7,5,7.0,65.3,34.2,5.0,1.0,3.0,5.0,5.0,38.0,4.0,3.0,3.0,1.0,5+/day,Pass
Female,Central,B.Tech,Graduate,Hindi,5G/Excellent,No,4,8,16.1,100.0,8.3,0,6.0,49.4,62.6,3.0,4.0,4.0,1.0,3.0,88.0,1.0,3.0,4.0,3.0,1-3/day,Pass
Female,North,B.Tech,Post-Graduate,Regional,3G/Moderate,Yes,2,8,21.4,76.4,5.7,2,7.7,79.4,99.0,5.0,2.0,4.0,3.0,4.0,63.0,4.0,3.0,3.0,5.0,5+/day,Pass
Female,West,B.Com,Below 10th,Hindi,4G/Good,No,8,5,10.4,85.5,4.4,5,3.66,31.7,35.8,3.0,2.0,3.0,2.0,4.0,63.0,4.0,3.0,3.0,5.0,5+/day,Fail
Female,East,B.Com,12th Pass,Regional,No Access,No,7,4,30.9,73.2,9.0,1,5.65,36.3,59.4,4.0,2.0,5.0,3.0,3.0,63.0,4.0,3.0,3.0,1.0,1-3/day,Fail
Female,South,B.Tech,12th Pass,English,4G/Good,No,7,4,19.8,72.1,5.8,0,6.2,50.8,48.1,3.0,4.0,4.0,1.0,3.0,88.0,1.0,3.0,4.0,3.0,1-3/day,Fail
Male,West,MCA,Graduate,English,3G/Moderate,Yes,10,8,8.5,68.4,8.3,1,5.4,44.8,45.8,4.0,1.0,4.0,2.0,4.0,38.0,3.0,4.0,3.0,1.0,5+/day,Fail
Female,East,B.Tech,10th Pass,Regional,5G/Excellent,Yes,3,7,25.1,100.0,7.1,3,7.39,59.3,60.0,5.0,3.0,5.0,4.0,2.0,13.0,3.0,3.0,3.0,5.0,5+/day,Pass
Female,West,B.Tech,Post-Graduate,Hindi,4G/Good,No,5,7,19.8,79.2,8.7,4,6.46,63.1,54.7,3.0,4.0,4.0,3.0,2.0,63.0,1.0,4.0,4.0,7.0,5+/day,Pass
Female,South,B.Tech,12th Pass,Hindi,4G/Good,Yes,1,6,23.5,65.4,5.6,1,6.89,53.1,52.3,4.0,2.0,4.0,3.0,4.0,38.0,3.0,3.0,4.0,5.0,3-5/day,Fail
Female,East,B.Tech,10th Pass,Hindi,4G/Good,Yes,10,7,40.0,94.5,7.8,0,8.48,84.2,81.1,2.0,3.0,3.0,3.0,5.0,13.0,3.0,4.0,4.0,7.0,5+/day,Pass
Male,East,MCA,Below 10th,English,4G/Good,No,4,8,26.0,90.1,6.1,0,5.65,56.0,28.6,2.0,2.0,2.0,1.0,4.0,88.0,4.0,3.0,4.0,5.0,3-5/day,At-Risk
Male,South,BCA,Graduate,Hindi,4G/Good,No,4,6,25.7,86.5,5.5,2,6.53,57.3,81.9,1.0,4.0,5.0,2.0,4.0,88.0,3.0,3.0,4.0,5.0,5+/day,Pass
Female,North,B.Com,Below 10th,English,3G/Moderate,No,1,8,15.5,74.1,9.0,4,4.77,54.3,44.8,5.0,5.0,4.0,2.0,4.0,88.0,4.0,3.0,1.0,7.0,5+/day,Fail
Female,Central,BCA,Below 10th,Hindi,4G/Good,No,7,4,18.8,77.2,5.4,5,6.2,47.3,64.4,5.0,2.0,3.0,2.0,5.0,88.0,4.0,4.0,2.0,5.0,5+/day,Fail
Female,East,B.E.,12th Pass,Hindi,4G/Good,No,5,8,15.5,100.0,5.3,2,5.84,55.9,44.4,5.0,4.0,4.0,4.0,4.0,38.0,3.0,1.0,3.0,7.0,5+/day,Pass
Male,West,BCA,12th Pass,Hindi,4G/Good,No,1,6,8.8,86.6,4.8,4,6.09,49.7,62.2,3.0,1.0,3.0,1.0,2.0,88.0,1.0,4.0,3.0,3.0,5+/day,At-Risk
Male,South,B.Com,Graduate,Hindi,No Access,No,5,8,15.0,75.7,5.8,4,6.55,58.1,77.6,5.0,4.0,4.0,1.0,4.0,63.0,4.0,3.0,2.0,1.0,5+/day,At-Risk
Female,South,BCA,10th Pass,Regional,3G/Moderate,No,8,5,25.9,90.9,6.7,1,4.97,46.7,77.0,3.0,4.0,2.0,3.0,4.0,38.0,2.0,1.0,3.0,3.0,5+/day,Pass
Female,South,MCA,Graduate,Hindi,5G/Excellent,No,10,6,20.7,92.1,6.3,2,4.86,40.9,64.3,3.0,4.0,3.0,5.0,5.0,63.0,3.0,2.0,3.0,3.0,3-5/day,Pass
Female,South,B.Com,Post-Graduate,Regional,3G/Moderate,Yes,8,7,9.8,100.0,7.1,2,6.69,51.5,66.5,4.0,1.0,5.0,4.0,5.0,38.0,3.0,1.0,2.0,7.0,5+/day,At-Risk
Male,East,B.Tech,10th Pass,Hindi,4G/Good,No,2,4,17.2,82.8,4.1,2,6.28,58.3,63.3,4.0,4.0,4.0,3.0,3.0,88.0,4.0,3.0,3.0,3.0,5+/day,At-Risk
Female,East,BCA,Graduate,Hindi,3G/Moderate,Yes,1,7,12.5,90.8,6.4,0,8.4,73.2,57.4,2.0,2.0,3.0,3.0,4.0,38.0,3.0,3.0,3.0,3.0,5+/day,Pass
Male,East,M.Tech,Post-Graduate,English,2G/Slow,No,2,8,21.3,88.4,4.4,3,7.03,78.4,37.2,5.0,2.0,2.0,3.0,3.0,63.0,4.0,3.0,3.0,5.0,3-5/day,Pass
Female,North,B.Com,Graduate,English,3G/Moderate,Yes,6,7,13.2,73.4,5.8,1,7.09,68.9,54.7,3.0,2.0,5.0,1.0,5.0,88.0,3.0,3.0,3.0,7.0,3-5/day,Fail
Male,East,B.Tech,Graduate,Hindi,4G/Good,No,5,6,14.1,65.6,6.1,5,5.95,29.7,64.0,4.0,2.0,2.0,4.0,3.0,13.0,3.0,2.0,3.0,3.0,5+/day,At-Risk
Male,North,B.E.,10th Pass,English,5G/Excellent,Yes,4,5,9.0,89.5,6.5,2,5.69,43.3,63.3,4.0,2.0,2.0,4.0,3.0,13.0,3.0,2.0,3.0,3.0,5+/day,Pass
Female,North,BCA,12th Pass,Regional,3G/Moderate,No,8,7,29.7,90.3,7.0,4,4.75,47.9,8.9,4.0,2.0,4.0,2.0,3.0,63.0,3.0,3.0,3.0,7.0,3-5/day,Fail
Female,Central,B.Tech,12th Pass,Hindi,3G/Moderate,Yes,5,8,17.6,52.8,4.6,5,6.24,60.3,36.5,4.0,2.0,3.0,3.0,3.0,63.0,3.0,4.0,4.0,1.0,1-3/day,Fail
Male,East,BCA,Graduate,Regional,4G/Good,No,4,7,17.2,88.4,5.8,5,5.32,48.2,47.1,3.0,2.0,1.0,1.0,4.0,13.0,4.0,3.0,3.0,3.0,1-3/day,Pass
Female,West,B.Tech,Post-Graduate,Regional,4G/Good,No,8,7,20.3,81.1,9.9,4,6.77,57.0,49.6,3.0,2.0,5.0,3.0,4.0,38.0,3.0,3.0,2.0,1.0,5+/day,Pass
Male,South,B.Tech,Below 10th,English,5G/Excellent,Yes,1,6,20.8,87.2,6.4,1,7.34,66.2,49.5,4.0,2.0,3.0,3.0,3.0,63.0,3.0,4.0,4.0,1.0,1-3/day,Pass
Male,Central,B.E.,Below 10th,English,4G/Good,Yes,9,8,13.2,76.2,6.2,0,4.97,64.7,62.4,2.0,3.0,3.0,2.0,1.0,63.0,1.0,4.0,3.0,7.0,3-5/day,Pass
Male,West,B.E.,Below 10th,Hindi,4G/Good,No,2,8,19.7,99.5,3.6,2,5.77,67.4,51.7,5.0,2.0,5.0,1.0,1.0,38.0,4.0,4.0,3.0,7.0,3-5/day,At-Risk
Male,West,B.E.,Graduate,English,4G/Good,No,8,5,18.6,94.4,6.8,3,5.67,55.7,66.3,4.0,2.0,3.0,3.0,4.0,88.0,3.0,4.0,4.0,1.0,5+/day,At-Risk
Male,South,B.E.,Below 10th,English,4G/Good,Yes,9,6,25.2,65.3,4.1,0,5.97,60.4,28.1,4.0,2.0,5.0,3.0,1.0,63.0,4.0,4.0,4.0,7.0,5+/day,Fail
Male,Central,B.Tech,12th Pass,Regional,4G/Good,Yes,10,6,23.3,70.2,3.0,1,5.07,39.4,47.4,4.0,3.0,5.0,2.0,4.0,38.0,3.0,3.0,3.0,5.0,5+/day,Fail
Male,Northeast,B.Tech,10th Pass,Regional,3G/Moderate,No,8,4,17.9,82.7,7.2,2,4.66,38.1,37.3,5.0,1.0,5.0,2.0,2.0,38.0,3.0,1.0,3.0,5.0,5+/day,Fail
Female,Northeast,B.Tech,12th Pass,Regional,2G/Slow,Yes,9,5,18.2,74.6,7.2,1,5.95,46.0,57.2,1.0,2.0,5.0,3.0,3.0,38.0,3.0,4.0,3.0,1.0,3-5/day,At-Risk
Male,North,B.Tech,10th Pass,Hindi,5G/Excellent,No,4,5,16.5,95.0,4.1,1,6.44,59.0,19.7,2.0,1.0,4.0,4.0,4.0,38.0,3.0,3.0,2.0,5.0,5+/day,At-Risk
Female,South,BCA,Graduate,English,5G/Excellent,No,2,8,18.8,69.9,4.4,1,6.4,35.0,87.1,4.0,3.0,2.0,3.0,3.0,88.0,4.0,2.0,4.0,5.0,3-5/day,Fail
Male,South,MCA,12th Pass,Hindi,No Access,Yes,3,8,17.8,94.9,5.3,1,5.45,52.6,45.9,1.0,4.0,2.0,3.0,4.0,63.0,2.0,3.0,4.0,7.0,5+/day,Pass
Female,South,B.Tech,Post-Graduate,Hindi,5G/Excellent,No,8,5,19.1,52.9,9.4,3,5.58,60.4,58.8,2.0,2.0,4.0,2.0,3.0,13.0,4.0,4.0,2.0,3.0,5+/day,Fail
Male,Northeast,B.Tech,12th Pass,Hindi,4G/Good,No,5,6,7.7,77.1,6.9,1,4.29,55.7,59.9,5.0,4.0,1.0,2.0,5.0,63.0,3.0,3.0,2.0,5.0,1-3/day,At-Risk
Male,North,BCA,Below 10th,English,4G/Good,No,4,4,13.5,98.7,7.4,4,6.08,55.8,75.3,5.0,3.0,4.0,3.0,1.0,38.0,2.0,4.0,2.0,5.0,5+/day,Pass
Male,North,B.Tech,10th Pass,Regional,No Access,No,3,8,28.1,81.3,8.3,1,4.43,25.8,38.8,3.0,2.0,5.0,1.0,4.0,63.0,1.0,3.0,2.0,3.0,1-3/day,At-Risk
Male,South,B.Com,Post-Graduate,Regional,4G/Good,No,3,4,13.4,82.3,8.8,3,7.1,54.9,78.6,4.0,2.0,2.0,1.0,4.0,63.0,3.0,3.0,3.0,5.0,5+/day,Pass
Male,North,BCA,Graduate,Hindi,3G/Moderate,No,10,5,17.0,91.3,6.7,1,6.74,68.7,76.0,4.0,4.0,5.0,1.0,4.0,38.0,2.0,3.0,4.0,1.0,5+/day,Pass
Female,North,B.Tech,Below 10th,Regional,4G/Good,No,10,6,19.5,88.3,7.2,2,5.69,32.7,50.0,3.0,1.0,4.0,5.0,2.0,88.0,3.0,3.0,4.0,3.0,5+/day,At-Risk
Female,West,B.Tech,Graduate,English,No Access,Yes,7,4,16.8,80.7,6.5,0,4.88,47.4,52.3,5.0,5.0,5.0,4.0,5.0,88.0,4.0,4.0,4.0,3.0,5+/day,At-Risk
Female,East,B.E.,12th Pass,English,4G/Good,Yes,8,7,14.0,97.8,3.5,3,7.69,68.6,51.3,2.0,2.0,1.0,4.0,5.0,88.0,4.0,3.0,2.0,7.0,3-5/day,Pass
Female,North,B.Tech,10th Pass,Regional,No Access,No,5,5,24.4,83.6,6.9,5,5.72,66.2,48.1,4.0,1.0,3.0,2.0,3.0,88.0,3.0,3.0,3.0,7.0,3-5/day,At-Risk
Male,South,B.Tech,10th Pass,Regional,3G/Moderate,No,8,6,10.7,88.5,5.7,5,3.69,37.5,47.2,4.0,3.0,3.0,1.0,1.0,63.0,4.0,3.0,3.0,5.0,5+/day,At-Risk
Male,South,B.Tech,Graduate,Hindi,3G/Moderate,Yes,9,5,3.6,93.3,3.0,2,3.96,37.6,64.4,4.0,2.0,1.0,2.0,5.0,88.0,1.0,4.0,2.0,1.0,5+/day,At-Risk
Male,North,MCA,Below 10th,English,3G/Moderate,No,4,5,27.0,52.8,5.3,3,4.92,21.4,46.6,4.0,5.0,4.0,2.0,5.0,38.0,2.0,2.0,4.0,5.0,5+/day,Fail
Male,West,B.E.,10th Pass,Regional,4G/Good,No,2,4,9.0,73.4,5.8,0,5.29,59.8,45.9,2.0,2.0,4.0,1.0,4.0,13.0,3.0,1.0,4.0,7.0,5+/day,Fail
Male,West,B.Tech,10th Pass,English,3G/Moderate,Yes,5,4,23.1,74.9,7.9,4,7.18,50.7,62.6,4.0,1.0,3.0,2.0,3.0,88.0,3.0,3.0,3.0,7.0,3-5/day,Fail
Female,West,BCA,10th Pass,Hindi,5G/Excellent,Yes,2,7,15.3,89.9,6.3,0,6.33,46.6,36.4,3.0,3.0,5.0,3.0,4.0,38.0,3.0,4.0,4.0,3.0,5+/day,Pass
Male,West,B.E.,12th Pass,English,4G/Good,Yes,10,8,28.5,100.0,5.4,4,6.49,63.1,41.8,5.0,3.0,4.0,3.0,5.0,88.0,3.0,3.0,4.0,7.0,5+/day,At-Risk
Male,North,B.E.,Below 10th,Regional,4G/Good,No,2,7,16.3,59.6,4.5,1,5.37,33.9,44.5,4.0,2.0,4.0,1.0,2.0,88.0,4.0,3.0,3.0,7.0,1-3/day,Fail
Female,Central,B.Tech,10th Pass,Hindi,3G/Moderate,No,6,6,14.2,77.0,6.2,2,4.41,59.4,31.8,4.0,1.0,3.0,2.0,4.0,38.0,4.0,3.0,3.0,3.0,5+/day,Fail
Female,Northeast,BCA,Post-Graduate,Regional,4G/Good,Yes,10,6,24.2,95.1,6.7,3,6.31,72.5,30.9,1.0,2.0,5.0,1.0,5.0,13.0,3.0,3.0,3.0,3.0,5+/day,Pass
Male,Central,B.Com,10th Pass,English,2G/Slow,No,10,5,26.7,61.1,7.3,4,5.63,46.7,54.2,4.0,4.0,5.0,2.0,3.0,38.0,2.0,3.0,3.0,3.0,5+/day,Fail
Female,North,B.Tech,10th Pass,English,4G/Good,No,1,4,29.3,86.6,7.7,5,7.48,66.3,94.2,4.0,2.0,2.0,1.0,4.0,88.0,3.0,3.0,2.0,5.0,5+/day,Pass
Female,Central,B.Tech,12th Pass,Regional,3G/Moderate,No,2,5,0.4,87.5,4.4,3,5.82,32.9,55.2,4.0,2.0,2.0,3.0,5.0,0.0,2.0,2.0,3.0,3.0,5+/day,Pass
Male,Northeast,B.Tech,12th Pass,English,4G/Good,Yes,5,8,4.1,88.5,6.9,0,5.63,45.4,20.1,2.0,2.0,2.0,1.0,5.0,88.0,4.0,4.0,4.0,5.0,5+/day,Fail
Male,Northeast,B.Tech,Graduate,Hindi,4G/Good,No,10,5,10.4,68.5,6.2,1,3.72,50.1,53.3,3.0,2.0,4.0,1.0,4.0,63.0,2.0,3.0,3.0,1.0,5+/day,Fail
Male,North,B.E.,10th Pass,English,5G/Excellent,Yes,5,6,10.2,81.5,6.1,0,7.67,79.6,73.7,5.0,1.0,4.0,2.0,1.0,63.0,1.0,2.0,3.0,5.0,1-3/day,Pass
Female,West,MCA,Graduate,Regional,3G/Moderate,Yes,10,6,14.5,67.6,6.8,4,5.67,46.5,63.2,3.0,4.0,3.0,4.0,4.0,38.0,3.0,2.0,2.0,3.0,5+/day,At-Risk
Female,Central,B.Com,Graduate,English,No Access,Yes,3,7,18.4,95.3,9.1,2,6.96,59.0,45.5,3.0,2.0,4.0,1.0,4.0,63.0,2.0,3.0,3.0,1.0,5+/day,At-Risk
Male,West,B.Tech,Graduate,English,4G/Good,Yes,5,5,19.3,69.2,6.1,4,7.05,61.4,70.3,4.0,2.0,2.0,2.0,4.0,38.0,2.0,3.0,2.0,7.0,5+/day,At-Risk
Male,East,B.E.,Below 10th,Hindi,5G/Excellent,No,9,4,21.9,82.4,6.7,4,4.57,20.4,58.0,4.0,1.0,5.0,1.0,4.0,63.0,4.0,3.0,4.0,3.0,3-5/day,Fail
Female,Central,BCA,Below 10th,English,4G/Good,No,2,8,13.1,100.0,5.0,5,5.7,49.6,58.5,4.0,2.0,5.0,4.0,1.0,88.0,2.0,3.0,4.0,1.0,3-5/day,Pass
Male,South,B.E.,12th Pass,English,2G/Slow,No,6,8,17.4,95.5,4.8,0,4.91,49.6,51.4,5.0,2.0,1.0,1.0,5.0,88.0,4.0,3.0,1.0,5.0,3-5/day,Fail
Male,East,B.E.,Graduate,Hindi,4G/Good,Yes,8,4,17.6,60.8,4.8,4,6.9,83.3,60.4,4.0,5.0,4.0,2.0,4.0,63.0,4.0,2.0,2.0,5.0,5+/day,At-Risk
Female,East,B.Tech,12th Pass,Hindi,5G/Excellent,No,3,8,18.1,78.4,4.1,2,6.54,76.3,82.8,2.0,4.0,5.0,4.0,5.0,13.0,3.0,2.0,3.0,1.0,5+/day,Pass
Female,Central,B.E.,10th Pass,English,No Access,No,2,4,14.5,82.8,5.5,1,5.07,66.1,47.9,5.0,4.0,5.0,2.0,4.0,38.0,3.0,3.0,3.0,5.0,5+/day,At-Risk
Female,North,B.E.,Below 10th,Hindi,3G/Moderate,Yes,1,4,19.5,79.7,9.1,0,6.34,77.0,72.9,2.0,3.0,4.0,3.0,4.0,88.0,2.0,3.0,4.0,5.0,5+/day,Pass
Female,East,MCA,Graduate,Regional,5G/Excellent,Yes,1,7,10.7,86.7,5.3,4,6.76,74.1,67.7,3.0,1.0,2.0,3.0,2.0,38.0,3.0,2.0,1.0,1.0,3-5/day,Pass
Female,West,MCA,Graduate,English,5G/Excellent,No,4,5,30.0,89.4,6.0,3,6.25,51.8,74.6,4.0,2.0,4.0,1.0,4.0,88.0,2.0,4.0,3.0,5.0,5+/day,At-Risk
Male,West,B.Tech,10th Pass,Hindi,4G/Good,Yes,6,6,11.8,100.0,4.4,1,6.49,52.3,79.6,3.0,4.0,4.0,2.0,4.0,13.0,2.0,3.0,4.0,7.0,5+/day,Pass
Female,East,B.Tech,Below 10th,Hindi,5G/Excellent,No,7,6,20.8,76.4,6.2,0,5.02,48.9,59.2,5.0,3.0,5.0,4.0,2.0,13.0,3.0,3.0,3.0,5.0,5+/day,Pass
Male,Central,B.Com,12th Pass,English,2G/Slow,No,8,5,15.7,90.9,4.9,2,4.53,32.1,51.6,3.0,2.0,3.0,2.0,1.0,63.0,2.0,4.0,2.0,7.0,3-5/day,At-Risk
Female,Central,B.E.,12th Pass,English,4G/Good,Yes,8,8,14.6,79.8,6.0,2,7.28,84.5,89.9,4.0,1.0,5.0,2.0,4.0,88.0,3.0,4.0,4.0,5.0,5+/day,At-Risk
Male,North,M.Tech,Graduate,Hindi,4G/Good,No,10,4,7.4,100.0,6.0,1,5.8,53.2,59.6,4.0,2.0,2.0,2.0,4.0,38.0,2.0,3.0,2.0,7.0,5+/day,At-Risk
Female,South,B.Tech,Graduate,Regional,4G/Good,Yes,1,6,14.2,86.7,6.3,2,6.23,65.2,65.7,5.0,3.0,5.0,2.0,4.0,88.0,3.0,3.0,3.0,5.0,5+/day,At-Risk
Male,North,B.E.,12th Pass,English,4G/Good,Yes,8,7,16.3,82.5,8.2,0,7.19,80.8,86.8,4.0,2.0,2.0,1.0,4.0,63.0,3.0,3.0,3.0,5.0,5+/day,Pass
Male,South,B.E.,Below 10th,Regional,5G/Excellent,Yes,10,8,13.9,78.9,9.2,0,3.71,52.4,51.6,5.0,3.0,5.0,1.0,4.0,88.0,3.0,4.0,4.0,5.0,5+/day,Fail
Male,East,M.Tech,Graduate,Hindi,4G/Good,No,1,7,22.7,71.6,9.2,5,6.72,57.7,32.1,4.0,1.0,5.0,5.0,2.0,88.0,2.0,4.0,3.0,1.0,5+/day,At-Risk
Male,Central,B.Tech,Post-Graduate,English,No Access,Yes,3,6,29.7,92.4,6.7,0,7.67,43.3,31.5,4.0,3.0,4.0,2.0,3.0,88.0,1.0,2.0,3.0,5.0,5+/day,Pass
Female,Northeast,B.Tech,Post-Graduate,Hindi,4G/Good,No,5,5,17.5,72.2,6.8,5,5.99,62.7,33.6,1.0,4.0,2.0,3.0,4.0,63.0,2.0,3.0,4.0,7.0,5+/day,At-Risk
Female,North,B.E.,Graduate,Regional,4G/Good,Yes,10,5,21.6,59.6,6.6,4,5.28,57.5,38.0,4.0,4.0,3.0,1.0,3.0,63.0,3.0,4.0,3.0,3.0,5+/day,Fail
Male,North,M.Tech,10th Pass,English,3G/Moderate,Yes,10,7,26.7,70.5,7.7,2,6.48,68.2,56.9,3.0,2.0,4.0,3.0,4.0,88.0,3.0,3.0,3.0,5.0,5+/day,Fail
Male,East,B.Com,Graduate,Hindi,5G/Excellent,Yes,8,8,10.5,83.8,5.5,4,5.85,49.3,60.1,5.0,1.0,5.0,3.0,4.0,63.0,1.0,3.0,3.0,3.0,5+/day,At-Risk
Male,East,B.Com,Graduate,Hindi,3G/Moderate,No,8,6,30.4,67.3,5.0,2,6.48,43.6,42.4,2.0,4.0,4.0,2.0,3.0,38.0,2.0,3.0,4.0,3.0,5+/day,At-Risk
Male,South,B.Com,Graduate,English,No Access,No,6,4,8.8,72.3,3.5,5,5.01,39.3,56.3,5.0,2.0,3.0,2.0,5.0,88.0,4.0,4.0,2.0,5.0,5+/day,Fail
Male,Central,B.Tech,10th Pass,English,4G/Good,No,4,5,18.0,59.3,7.8,2,6.9,71.3,47.9,3.0,3.0,3.0,1.0,3.0,13.0,4.0,3.0,3.0,3.0,5+/day,Fail
Female,Central,B.Tech,Post-Graduate,English,4G/Good,Yes,4,7,22.7,72.1,6.8,2,7.91,81.7,80.6,2.0,4.0,4.0,2.0,3.0,38.0,2.0,3.0,4.0,3.0,5+/day,Pass
Male,South,B.Tech,12th Pass,English,3G/Moderate,Yes,8,6,28.8,100.0,5.3,3,6.91,77.7,77.3,1.0,4.0,3.0,2.0,4.0,13.0,2.0,3.0,2.0,7.0,1-3/day,Pass
Male,Central,B.Tech,Below 10th,English,4G/Good,No,3,8,17.9,74.4,8.9,4,6.26,65.4,71.2,4.0,3.0,4.0,3.0,3.0,88.0,3.0,4.0,4.0,5.0,5+/day,Fail
Male,South,MCA,Below 10th,Regional,4G/Good,Yes,8,4,18.7,80.7,5.5,1,3.74,32.1,37.9,3.0,2.0,3.0,2.0,1.0,63.0,2.0,4.0,2.0,7.0,3-5/day,At-Risk
Male,West,M.Tech,12th Pass,Regional,3G/Moderate,Yes,4,4,29.4,100.0,8.8,4,8.9,80.1,100.0,2.0,3.0,4.0,2.0,2.0,38.0,3.0,4.0,2.0,1.0,5+/day,Pass
Male,East,B.Tech,12th Pass,English,2G/Slow,Yes,10,5,7.5,86.0,5.2,5,5.03,39.5,33.2,4.0,2.0,3.0,2.0,5.0,88.0,2.0,3.0,3.0,7.0,3-5/day,Fail
Female,North,BCA,Below 10th,English,4G/Good,No,9,4,11.0,85.5,6.8,2,7.14,60.7,53.4,5.0,2.0,2.0,3.0,3.0,63.0,4.0,3.0,3.0,5.0,3-5/day,At-Risk
Male,Central,B.Com,Graduate,English,4G/Good,No,2,6,9.4,70.5,7.2,1,6.58,68.1,70.8,5.0,5.0,5.0,4.0,5.0,88.0,4.0,4.0,4.0,3.0,5+/day,Fail
Male,South,B.E.,Graduate,English,5G/Excellent,Yes,10,5,10.4,84.7,5.7,1,6.15,48.7,56.5,2.0,4.0,4.0,5.0,4.0,13.0,4.0,3.0,3.0,1.0,5+/day,Pass
Male,West,B.Tech,Graduate,English,4G/Good,No,1,5,11.5,100.0,4.6,1,5.63,53.9,75.7,4.0,3.0,4.0,5.0,3.0,38.0,2.0,2.0,4.0,7.0,3-5/day,Pass
Male,South,B.E.,10th Pass,English,3G/Moderate,No,4,5,26.6,67.5,6.5,3,5.63,72.6,22.0,5.0,1.0,5.0,3.0,4.0,63.0,1.0,3.0,3.0,3.0,5+/day,Fail
Male,North,B.E.,Graduate,Regional,3G/Moderate,Yes,9,6,28.6,79.8,5.3,0,6.38,89.3,59.4,3.0,1.0,4.0,1.0,5.0,88.0,4.0,3.0,4.0,1.0,3-5/day,At-Risk
Female,North,BCA,Below 10th,English,2G/Slow,Yes,7,7,20.7,67.9,4.1,2,4.69,57.5,31.2,1.0,2.0,5.0,1.0,5.0,13.0,3.0,3.0,3.0,3.0,5+/day,Fail
Female,East,B.E.,10th Pass,Hindi,4G/Good,No,9,4,24.9,100.0,3.8,2,7.05,46.8,58.0,4.0,2.0,4.0,2.0,3.0,63.0,3.0,3.0,3.0,7.0,3-5/day,At-Risk
Female,West,B.Tech,10th Pass,English,4G/Good,No,9,4,23.7,67.8,6.8,4,5.81,62.4,54.6,3.0,1.0,4.0,4.0,5.0,63.0,3.0,4.0,3.0,3.0,5+/day,Fail
Male,South,B.Com,Graduate,English,4G/Good,Yes,10,7,18.0,73.6,3.0,1,6.04,53.9,53.5,3.0,4.0,4.0,1.0,3.0,88.0,1.0,3.0,4.0,3.0,1-3/day,Fail
Male,West,B.E.,10th Pass,Regional,3G/Moderate,No,9,5,24.5,68.1,6.1,3,5.41,47.1,39.3,5.0,1.0,4.0,2.0,1.0,88.0,3.0,2.0,3.0,5.0,5+/day,Fail
Female,West,B.E.,Below 10th,English,3G/Moderate,No,9,8,23.3,65.4,7.6,1,4.75,39.2,51.1,3.0,5.0,3.0,2.0,3.0,88.0,2.0,3.0,2.0,3.0,1-3/day,Fail
Female,West,B.Com,10th Pass,Regional,2G/Slow,No,7,6,22.5,83.1,4.2,4,5.5,40.8,72.2,5.0,2.0,5.0,5.0,5.0,88.0,4.0,3.0,3.0,3.0,5+/day,Fail
Female,East,B.Tech,12th Pass,English,3G/Moderate,Yes,8,5,18.6,77.8,4.5,0,5.0,57.5,43.6,3.0,4.0,2.0,3.0,4.0,38.0,2.0,1.0,3.0,3.0,5+/day,Pass
Male,Central,B.Tech,Post-Graduate,Hindi,4G/Good,Yes,2,5,19.3,86.2,7.0,2,8.78,86.5,99.2,4.0,1.0,1.0,4.0,5.0,88.0,1.0,3.0,3.0,1.0,5+/day,Pass
Male,East,MCA,Post-Graduate,Regional,5G/Excellent,No,9,5,16.8,89.5,3.0,1,5.61,63.3,64.4,4.0,5.0,4.0,3.0,5.0,88.0,3.0,3.0,4.0,7.0,5+/day,At-Risk
Male,South,B.Tech,10th Pass,English,4G/Good,No,2,4,5.7,61.8,6.4,2,5.79,46.6,51.6,3.0,3.0,4.0,1.0,5.0,63.0,3.0,2.0,4.0,3.0,5+/day,Fail
Female,North,MCA,10th Pass,English,4G/Good,Yes,8,4,17.6,85.6,5.8,4,5.46,47.9,46.4,5.0,2.0,3.0,2.0,3.0,63.0,4.0,3.0,3.0,7.0,5+/day,At-Risk
Female,South,B.Tech,10th Pass,Regional,3G/Moderate,No,2,8,18.4,71.0,8.7,5,6.71,87.4,67.3,2.0,3.0,3.0,3.0,5.0,13.0,3.0,4.0,4.0,7.0,5+/day,At-Risk
Female,North,B.Tech,Graduate,English,2G/Slow,No,8,6,11.7,83.7,8.9,0,4.28,32.9,37.5,3.0,5.0,5.0,1.0,5.0,38.0,3.0,3.0,4.0,7.0,3-5/day,Fail
Male,West,B.E.,Below 10th,Hindi,3G/Moderate,No,3,5,14.6,86.0,7.0,3,5.04,51.2,60.6,5.0,1.0,5.0,3.0,4.0,63.0,1.0,3.0,3.0,3.0,5+/day,At-Risk
Female,North,B.Tech,Below 10th,English,3G/Moderate,Yes,2,4,22.9,78.9,5.4,0,7.08,53.0,55.8,4.0,3.0,5.0,1.0,2.0,13.0,4.0,3.0,3.0,5.0,5+/day,Pass
Male,South,MCA,12th Pass,English,4G/Good,No,6,7,24.1,97.8,6.6,5,6.37,58.9,47.6,5.0,3.0,5.0,2.0,4.0,88.0,3.0,3.0,3.0,5.0,5+/day,At-Risk
Male,West,BCA,10th Pass,English,3G/Moderate,No,6,4,6.4,64.8,7.8,3,3.82,31.1,41.7,5.0,2.0,3.0,2.0,4.0,88.0,4.0,3.0,2.0,7.0,5+/day,Fail
Male,South,B.Com,Below 10th,Regional,5G/Excellent,Yes,1,5,13.1,68.5,7.5,1,6.25,55.2,79.6,4.0,3.0,4.0,2.0,3.0,88.0,1.0,2.0,3.0,5.0,5+/day,Fail
Female,North,MCA,10th Pass,English,5G/Excellent,Yes,7,5,23.6,84.9,3.0,5,5.85,65.4,38.3,5.0,4.0,5.0,2.0,4.0,38.0,3.0,3.0,3.0,5.0,5+/day,At-Risk
Male,North,B.Tech,10th Pass,English,3G/Moderate,Yes,1,4,9.1,100.0,4.3,0,6.05,50.2,37.2,4.0,3.0,4.0,3.0,3.0,88.0,3.0,4.0,4.0,5.0,5+/day,At-Risk
Male,West,MCA,12th Pass,Hindi,4G/Good,No,4,7,17.1,70.7,7.6,1,6.98,71.7,52.6,4.0,3.0,4.0,2.0,3.0,88.0,1.0,3.0,4.0,5.0,5+/day,Fail
Female,North,BCA,Post-Graduate,English,4G/Good,Yes,6,7,9.3,81.2,4.6,0,5.73,39.9,35.5,4.0,3.0,4.0,4.0,4.0,88.0,3.0,3.0,4.0,3.0,5+/day,At-Risk
Male,South,BCA,Below 10th,English,3G/Moderate,No,8,5,11.8,96.3,7.0,1,3.89,49.2,50.6,1.0,2.0,5.0,1.0,5.0,13.0,3.0,3.0,3.0,3.0,5+/day,At-Risk
Male,East,MCA,10th Pass,English,5G/Excellent,No,8,4,20.5,93.0,7.7,4,4.97,33.7,47.6,3.0,3.0,4.0,3.0,2.0,38.0,1.0,2.0,4.0,7.0,5+/day,Pass
Male,West,BCA,Post-Graduate,Hindi,3G/Moderate,No,10,6,22.4,89.4,7.4,4,5.48,47.9,57.2,4.0,2.0,4.0,3.0,2.0,63.0,1.0,4.0,4.0,3.0,5+/day,Pass
Male,West,B.E.,Graduate,Hindi,4G/Good,No,7,6,25.3,73.4,7.2,3,6.44,63.4,63.4,4.0,4.0,5.0,1.0,5.0,38.0,1.0,3.0,4.0,5.0,3-5/day,Fail
Female,Northeast,BCA,10th Pass,English,3G/Moderate,No,5,5,37.6,81.7,5.8,0,6.73,72.9,53.7,3.0,3.0,3.0,1.0,3.0,13.0,4.0,3.0,3.0,3.0,5+/day,Pass
Male,North,B.Tech,Graduate,English,4G/Good,Yes,6,7,16.7,82.4,4.4,5,8.17,68.5,57.2,4.0,1.0,5.0,2.0,4.0,63.0,3.0,3.0,3.0,3.0,3-5/day,At-Risk
Male,South,B.Tech,Below 10th,Hindi,4G/Good,No,8,6,17.0,94.5,9.2,0,3.85,39.7,64.9,5.0,4.0,3.0,5.0,5.0,88.0,4.0,4.0,4.0,5.0,5+/day,At-Risk
Female,South,BCA,Graduate,Regional,5G/Excellent,Yes,3,4,27.0,80.4,3.6,5,6.26,47.1,62.0,2.0,3.0,4.0,3.0,3.0,63.0,3.0,3.0,1.0,1.0,3-5/day,Pass
Female,North,B.Tech,Post-Graduate,English,2G/Slow,Yes,6,8,25.9,98.3,6.7,3,6.78,69.3,34.8,3.0,1.0,4.0,2.0,2.0,38.0,3.0,1.0,4.0,7.0,3-5/day,Pass
Female,South,B.Tech,12th Pass,English,2G/Slow,Yes,4,8,21.8,81.3,5.6,5,5.94,72.3,54.7,2.0,2.0,1.0,4.0,5.0,88.0,4.0,3.0,2.0,7.0,3-5/day,Pass
Male,South,B.Tech,12th Pass,English,4G/Good,No,3,7,15.3,83.7,8.5,1,5.43,38.5,38.6,5.0,2.0,4.0,1.0,2.0,38.0,4.0,3.0,3.0,1.0,1-3/day,At-Risk
Male,East,BCA,10th Pass,Hindi,2G/Slow,Yes,3,8,23.2,80.5,6.5,0,6.25,50.8,63.1,3.0,4.0,4.0,2.0,5.0,63.0,2.0,3.0,3.0,3.0,5+/day,Pass
Female,West,B.E.,12th Pass,Regional,4G/Good,No,4,4,13.9,79.9,5.2,3,7.04,65.6,75.9,4.0,3.0,4.0,1.0,4.0,13.0,1.0,2.0,2.0,1.0,3-5/day,Pass
Female,South,MCA,12th Pass,English,4G/Good,No,6,5,13.4,81.1,5.8,3,6.13,79.6,47.0,1.0,4.0,2.0,3.0,4.0,63.0,2.0,3.0,4.0,7.0,5+/day,Pass
Female,West,B.E.,Graduate,English,5G/Excellent,Yes,1,5,19.9,82.4,7.8,0,7.21,73.2,73.6,4.0,2.0,5.0,4.0,1.0,88.0,2.0,3.0,4.0,1.0,3-5/day,Pass
Female,South,B.E.,Below 10th,English,4G/Good,No,2,4,32.5,62.5,8.1,2,6.76,51.9,77.1,5.0,1.0,5.0,2.0,3.0,63.0,4.0,3.0,3.0,7.0,5+/day,Fail
Female,South,B.E.,12th Pass,English,5G/Excellent,No,4,5,16.0,78.6,7.5,5,6.2,45.8,60.8,4.0,2.0,1.0,2.0,5.0,88.0,1.0,4.0,2.0,1.0,5+/day,Pass
Male,East,BCA,12th Pass,English,4G/Good,Yes,10,4,18.4,100.0,6.7,1,6.58,65.4,49.4,4.0,2.0,5.0,3.0,1.0,38.0,2.0,3.0,4.0,5.0,5+/day,Pass
Male,North,B.E.,10th Pass,Regional,5G/Excellent,No,9,4,7.0,60.2,5.0,2,3.86,34.5,64.5,3.0,3.0,4.0,3.0,2.0,38.0,1.0,2.0,4.0,7.0,5+/day,Fail
Female,North,B.Com,10th Pass,English,3G/Moderate,No,8,8,11.7,79.1,5.4,2,4.69,35.3,69.6,2.0,1.0,2.0,2.0,5.0,63.0,4.0,4.0,3.0,1.0,3-5/day,Fail
Male,South,B.Com,10th Pass,Regional,4G/Good,Yes,10,8,20.5,75.3,7.2,5,7.28,50.2,63.1,4.0,4.0,3.0,1.0,3.0,63.0,3.0,4.0,3.0,3.0,5+/day,Pass
Male,Central,MCA,Graduate,English,5G/Excellent,Yes,8,7,21.4,85.9,8.0,1,6.44,72.9,59.1,4.0,3.0,4.0,4.0,4.0,63.0,4.0,4.0,4.0,3.0,1-3/day,Pass
Female,West,B.Com,12th Pass,Regional,4G/Good,No,7,8,31.6,88.1,4.3,4,6.09,48.5,60.4,5.0,1.0,4.0,3.0,5.0,88.0,4.0,2.0,3.0,5.0,5+/day,Fail
Female,North,B.E.,Graduate,Hindi,5G/Excellent,No,6,5,10.7,83.8,3.9,0,6.83,37.1,55.3,5.0,1.0,3.0,5.0,5.0,38.0,4.0,3.0,3.0,1.0,5+/day,At-Risk
Male,Northeast,B.E.,10th Pass,English,No Access,No,7,8,19.0,57.9,6.2,5,4.08,28.5,41.5,4.0,2.0,3.0,3.0,3.0,63.0,3.0,4.0,4.0,1.0,1-3/day,Fail
Male,West,BCA,Post-Graduate,Regional,5G/Excellent,Yes,6,4,14.8,57.7,6.8,3,6.39,56.9,49.1,4.0,2.0,5.0,3.0,1.0,38.0,2.0,3.0,4.0,5.0,5+/day,Fail
Male,East,BCA,Graduate,English,4G/Good,No,3,8,20.0,50.0,6.7,0,7.57,72.8,82.4,3.0,1.0,4.0,1.0,5.0,88.0,4.0,3.0,4.0,1.0,3-5/day,Fail
Female,Northeast,M.Tech,10th Pass,Hindi,3G/Moderate,Yes,6,5,14.3,80.4,7.3,2,5.77,61.7,31.6,4.0,2.0,5.0,3.0,5.0,88.0,4.0,1.0,3.0,7.0,5+/day,Fail
Female,South,BCA,Below 10th,Regional,No Access,No,7,7,5.9,62.3,5.7,5,2.19,31.0,26.2,3.0,1.0,4.0,4.0,5.0,63.0,3.0,4.0,3.0,3.0,5+/day,Fail
Male,North,B.Com,10th Pass,English,3G/Moderate,No,6,6,22.5,53.8,8.3,4,6.31,69.5,71.8,4.0,3.0,4.0,3.0,3.0,88.0,3.0,4.0,4.0,5.0,5+/day,Fail
Male,East,B.Tech,Post-Graduate,Hindi,5G/Excellent,No,2,4,12.8,71.0,8.8,4,5.13,64.8,51.0,3.0,4.0,5.0,4.0,5.0,88.0,2.0,4.0,3.0,5.0,5+/day,Fail
Female,East,MCA,10th Pass,Regional,4G/Good,Yes,6,5,16.4,73.8,7.3,0,7.5,76.9,49.5,3.0,4.0,4.0,3.0,3.0,38.0,3.0,3.0,4.0,7.0,5+/day,At-Risk
Male,East,BCA,10th Pass,Regional,5G/Excellent,No,2,5,18.5,81.0,5.7,5,4.92,68.9,42.3,4.0,1.0,4.0,2.0,4.0,38.0,3.0,4.0,3.0,1.0,5+/day,At-Risk
Female,East,BCA,10th Pass,Hindi,4G/Good,Yes,1,6,17.8,82.1,3.0,2,6.53,69.7,79.5,2.0,4.0,1.0,5.0,5.0,63.0,3.0,4.0,4.0,5.0,5+/day,Pass
Female,Central,B.Tech,Graduate,English,5G/Excellent,Yes,10,7,0.0,82.7,5.5,1,5.41,24.6,69.2,1.0,3.0,5.0,5.0,4.0,0.0,3.0,3.0,4.0,3.0,3-5/day,Pass
Male,Central,MCA,10th Pass,Hindi,4G/Good,No,10,4,6.9,91.8,6.7,3,2.16,39.7,30.5,3.0,2.0,4.0,1.0,4.0,63.0,4.0,4.0,2.0,7.0,5+/day,Fail
Female,Northeast,B.Com,10th Pass,Hindi,3G/Moderate,No,10,7,16.1,78.5,7.4,4,4.01,42.9,28.5,4.0,1.0,3.0,2.0,4.0,38.0,4.0,3.0,3.0,3.0,5+/day,Fail
Male,Northeast,B.Tech,12th Pass,Hindi,3G/Moderate,No,5,6,34.1,91.0,6.0,3,7.96,75.1,80.7,4.0,2.0,4.0,2.0,5.0,63.0,2.0,3.0,3.0,5.0,5+/day,Pass
Male,Central,BCA,12th Pass,Regional,5G/Excellent,No,4,4,11.5,77.8,6.3,2,6.2,62.4,49.4,3.0,2.0,4.0,1.0,4.0,63.0,2.0,3.0,3.0,1.0,5+/day,At-Risk
Female,North,B.E.,12th Pass,English,3G/Moderate,Yes,9,8,15.4,77.2,9.0,0,7.16,78.8,92.9,5.0,2.0,3.0,2.0,3.0,63.0,4.0,3.0,3.0,7.0,5+/day,At-Risk
Male,South,B.Com,12th Pass,English,3G/Moderate,No,9,7,27.4,75.1,4.8,2,5.71,48.2,43.8,5.0,5.0,3.0,1.0,3.0,13.0,2.0,3.0,4.0,5.0,3-5/day,Pass
Other,East,B.E.,Graduate,Hindi,No Access,No,9,8,22.9,81.6,4.0,4,5.75,51.3,61.1,3.0,3.0,1.0,1.0,1.0,88.0,4.0,3.0,3.0,5.0,1-3/day,At-Risk
Female,Northeast,B.Tech,Graduate,Regional,3G/Moderate,Yes,3,4,21.0,89.9,3.0,0,6.93,60.5,80.3,2.0,5.0,2.0,5.0,5.0,63.0,2.0,2.0,3.0,3.0,3-5/day,Pass
Male,East,B.E.,Graduate,Hindi,5G/Excellent,No,10,6,18.8,89.7,7.9,3,5.79,63.1,60.2,4.0,2.0,3.0,3.0,4.0,63.0,2.0,4.0,3.0,3.0,5+/day,Pass
Male,West,BCA,Below 10th,Regional,4G/Good,No,3,8,4.7,89.3,4.5,4,5.08,62.9,53.5,3.0,2.0,3.0,4.0,1.0,13.0,4.0,3.0,2.0,5.0,3-5/day,Pass
Male,North,B.Tech,Graduate,Regional,4G/Good,No,3,8,6.9,85.7,6.0,0,5.95,46.5,37.7,4.0,2.0,3.0,2.0,5.0,88.0,2.0,3.0,3.0,7.0,3-5/day,Fail
Male,South,BCA,Below 10th,Regional,5G/Excellent,No,10,5,11.6,68.2,7.7,0,4.42,62.2,52.1,4.0,2.0,4.0,2.0,3.0,63.0,3.0,4.0,2.0,7.0,5+/day,Fail
Male,West,B.Com,Below 10th,Regional,4G/Good,Yes,5,4,15.2,100.0,8.8,3,5.46,68.0,57.4,2.0,3.0,4.0,3.0,3.0,63.0,3.0,3.0,1.0,1.0,3-5/day,Pass
Male,North,M.Tech,Post-Graduate,Regional,5G/Excellent,Yes,6,6,26.4,66.0,6.6,5,7.99,66.4,68.1,3.0,2.0,4.0,2.0,2.0,13.0,3.0,3.0,3.0,1.0,5+/day,Pass
Male,South,B.Tech,Graduate,Regional,3G/Moderate,Yes,6,5,18.2,83.5,5.0,2,4.58,40.4,37.2,2.0,2.0,3.0,2.0,3.0,63.0,3.0,3.0,2.0,7.0,5+/day,At-Risk
Female,South,B.Com,12th Pass,Hindi,5G/Excellent,Yes,3,7,13.5,100.0,7.0,5,6.74,75.4,58.2,4.0,1.0,4.0,2.0,4.0,38.0,3.0,4.0,3.0,1.0,5+/day,Pass
Female,South,BCA,Graduate,English,2G/Slow,No,2,6,16.0,92.6,4.9,5,4.83,48.7,58.5,4.0,1.0,3.0,3.0,5.0,38.0,2.0,2.0,3.0,1.0,3-5/day,At-Risk
Female,West,B.Tech,Post-Graduate,English,4G/Good,Yes,6,5,27.6,73.6,6.4,5,9.36,67.4,74.8,2.0,5.0,2.0,5.0,5.0,63.0,2.0,2.0,3.0,3.0,3-5/day,Pass
Male,South,B.Tech,12th Pass,English,4G/Good,No,4,7,18.9,96.6,4.4,5,9.58,79.3,85.3,3.0,2.0,5.0,3.0,4.0,38.0,3.0,3.0,2.0,1.0,5+/day,Pass
Male,East,B.Tech,12th Pass,English,3G/Moderate,Yes,9,6,22.7,84.3,5.2,2,7.85,50.9,71.0,4.0,1.0,3.0,3.0,5.0,38.0,2.0,2.0,3.0,1.0,3-5/day,Pass
Female,North,MCA,Graduate,English,4G/Good,No,2,5,14.6,72.2,9.9,5,7.6,59.1,59.2,1.0,1.0,4.0,2.0,4.0,88.0,2.0,4.0,3.0,7.0,5+/day,Fail
Male,Northeast,B.Tech,10th Pass,Regional,3G/Moderate,Yes,4,6,4.5,84.6,8.1,2,4.37,60.4,48.5,1.0,2.0,2.0,3.0,4.0,13.0,3.0,2.0,2.0,5.0,5+/day,Pass
Male,South,B.Tech,10th Pass,Hindi,2G/Slow,No,2,8,22.6,77.6,5.5,4,4.97,72.7,41.9,4.0,3.0,4.0,3.0,4.0,88.0,1.0,2.0,3.0,5.0,1-3/day,At-Risk
Female,West,MCA,Graduate,English,4G/Good,Yes,5,5,20.3,79.4,5.8,0,7.05,62.7,51.9,4.0,3.0,4.0,4.0,2.0,38.0,2.0,3.0,4.0,5.0,Never,Pass
Female,West,BCA,10th Pass,Regional,5G/Excellent,Yes,3,8,24.8,82.5,7.6,1,6.8,61.1,70.3,4.0,2.0,5.0,3.0,1.0,63.0,4.0,4.0,4.0,7.0,5+/day,Pass
Female,North,MCA,Below 10th,Hindi,4G/Good,No,4,5,18.6,90.4,5.9,1,4.77,58.1,53.3,3.0,4.0,4.0,2.0,5.0,63.0,3.0,4.0,4.0,5.0,3-5/day,At-Risk
Male,Central,BCA,10th Pass,English,4G/Good,No,9,8,34.9,92.8,8.3,3,6.38,76.3,56.8,4.0,4.0,3.0,1.0,3.0,63.0,3.0,4.0,3.0,3.0,5+/day,Pass
Female,East,B.Tech,10th Pass,Regional,No Access,No,10,4,11.4,73.3,4.1,0,1.58,15.0,39.1,3.0,2.0,3.0,2.0,1.0,63.0,2.0,4.0,2.0,7.0,3-5/day,Fail
Female,South,M.Tech,Post-Graduate,English,2G/Slow,No,5,8,10.4,86.3,6.4,4,5.28,43.6,43.1,3.0,2.0,4.0,2.0,2.0,13.0,3.0,3.0,3.0,1.0,5+/day,Pass
Female,North,B.Tech,Graduate,Hindi,4G/Good,No,9,4,16.7,78.8,5.3,0,4.76,58.7,39.0,3.0,3.0,3.0,1.0,3.0,13.0,4.0,3.0,3.0,3.0,5+/day,At-Risk
Female,Central,BCA,12th Pass,English,5G/Excellent,No,5,6,15.9,91.2,6.9,3,6.45,55.5,38.7,2.0,2.0,3.0,2.0,3.0,63.0,3.0,3.0,2.0,7.0,5+/day,Pass
Female,West,BCA,Post-Graduate,Hindi,5G/Excellent,No,10,7,16.6,69.7,6.7,1,4.47,42.6,32.2,2.0,2.0,4.0,4.0,5.0,38.0,4.0,3.0,3.0,7.0,5+/day,Fail
Male,North,B.Tech,Post-Graduate,Regional,3G/Moderate,Yes,9,7,17.3,81.8,6.5,4,5.76,28.4,52.2,4.0,3.0,2.0,3.0,3.0,88.0,4.0,2.0,4.0,5.0,3-5/day,At-Risk
Male,South,B.Com,12th Pass,English,4G/Good,No,8,7,15.8,60.1,7.1,5,5.23,59.4,78.5,4.0,3.0,4.0,2.0,5.0,13.0,2.0,2.0,2.0,1.0,5+/day,At-Risk
Female,Northeast,B.E.,Post-Graduate,Regional,4G/Good,No,1,4,14.2,90.5,6.9,5,6.61,58.6,42.4,5.0,3.0,5.0,1.0,4.0,88.0,3.0,4.0,4.0,5.0,5+/day,At-Risk
Female,West,B.Tech,12th Pass,English,4G/Good,No,3,7,11.1,100.0,4.8,1,6.45,77.4,31.0,5.0,3.0,5.0,2.0,4.0,88.0,3.0,3.0,3.0,5.0,5+/day,At-Risk
Female,West,B.Com,10th Pass,Hindi,4G/Good,No,5,7,21.9,100.0,6.3,2,6.07,50.8,52.6,3.0,4.0,4.0,3.0,5.0,38.0,2.0,2.0,3.0,7.0,5+/day,Pass
Male,South,BCA,10th Pass,Regional,4G/Good,Yes,3,8,26.3,92.1,6.3,3,7.44,78.1,66.2,5.0,4.0,4.0,4.0,4.0,38.0,3.0,1.0,3.0,7.0,5+/day,Pass
Male,West,BCA,Graduate,Regional,No Access,No,10,7,40.0,88.9,6.4,1,4.74,51.0,35.9,5.0,3.0,4.0,5.0,3.0,63.0,4.0,4.0,4.0,5.0,3-5/day,At-Risk
Female,South,B.E.,12th Pass,English,5G/Excellent,No,1,4,20.6,100.0,9.8,4,6.97,53.6,77.6,4.0,2.0,5.0,3.0,1.0,88.0,3.0,3.0,4.0,5.0,1-3/day,Pass
Female,North,MCA,Graduate,English,2G/Slow,No,2,8,25.9,75.3,6.5,0,6.28,54.4,46.1,3.0,3.0,4.0,2.0,5.0,88.0,2.0,3.0,3.0,7.0,5+/day,At-Risk
Female,West,B.Tech,Graduate,Hindi,4G/Good,No,2,4,19.5,79.0,9.0,3,8.25,69.5,65.9,5.0,3.0,4.0,3.0,5.0,88.0,3.0,3.0,4.0,7.0,5+/day,At-Risk
Female,Central,B.Tech,Below 10th,English,5G/Excellent,Yes,4,5,22.9,99.0,3.6,1,7.73,65.3,67.4,5.0,3.0,5.0,3.0,4.0,88.0,3.0,4.0,3.0,5.0,5+/day,At-Risk
Female,South,B.E.,Below 10th,Hindi,4G/Good,Yes,6,7,17.5,80.3,5.6,2,4.1,47.3,63.9,3.0,3.0,4.0,4.0,5.0,13.0,4.0,3.0,3.0,3.0,5+/day,Pass
Female,South,B.Tech,12th Pass,Regional,2G/Slow,No,2,4,16.0,70.9,6.1,1,5.81,71.5,66.5,3.0,2.0,4.0,1.0,3.0,63.0,3.0,3.0,3.0,5.0,Never,Fail
Female,West,BCA,10th Pass,Hindi,3G/Moderate,Yes,6,4,16.3,63.8,8.8,5,5.91,43.9,60.6,5.0,4.0,4.0,1.0,4.0,63.0,4.0,3.0,2.0,1.0,5+/day,Fail
Female,East,B.E.,12th Pass,English,4G/Good,No,1,8,31.3,71.9,3.2,4,7.62,69.9,69.3,3.0,5.0,3.0,2.0,3.0,88.0,2.0,3.0,2.0,3.0,1-3/day,At-Risk
Female,Northeast,B.Tech,12th Pass,Hindi,2G/Slow,No,8,5,30.5,100.0,8.0,2,5.0,44.0,59.6,5.0,4.0,3.0,2.0,4.0,88.0,1.0,3.0,3.0,3.0,5+/day,At-Risk
Male,West,B.Tech,12th Pass,Regional,4G/Good,Yes,3,5,12.1,80.8,7.3,5,8.65,69.0,99.2,3.0,4.0,4.0,2.0,4.0,13.0,2.0,3.0,4.0,7.0,5+/day,Pass
Male,North,BCA,10th Pass,Hindi,3G/Moderate,Yes,8,7,21.5,72.9,7.3,2,5.25,61.6,27.0,5.0,4.0,4.0,1.0,4.0,63.0,4.0,3.0,2.0,1.0,5+/day,Fail
Female,Central,MCA,12th Pass,Hindi,5G/Excellent,No,3,6,16.2,80.9,6.2,3,5.86,68.7,41.1,5.0,1.0,4.0,2.0,1.0,63.0,1.0,2.0,3.0,5.0,1-3/day,Pass
Male,West,B.E.,Graduate,English,2G/Slow,Yes,1,6,30.6,85.9,6.7,4,9.68,72.1,64.5,5.0,2.0,3.0,1.0,4.0,13.0,3.0,2.0,4.0,5.0,5+/day,Pass
Male,Northeast,BCA,Post-Graduate,English,4G/Good,Yes,4,8,9.7,59.7,6.4,4,5.93,58.7,81.0,4.0,2.0,5.0,3.0,1.0,88.0,3.0,3.0,4.0,5.0,1-3/day,Fail
Male,West,B.Tech,Graduate,English,4G/Good,No,3,7,26.0,71.3,5.5,2,6.65,55.9,37.4,5.0,2.0,3.0,2.0,4.0,88.0,4.0,3.0,2.0,7.0,5+/day,Fail
Male,Northeast,BCA,12th Pass,Hindi,4G/Good,No,8,8,18.7,64.1,7.8,0,5.63,46.3,34.6,4.0,1.0,1.0,4.0,5.0,88.0,1.0,3.0,3.0,1.0,5+/day,Fail
Male,North,B.Tech,10th Pass,English,3G/Moderate,No,1,7,5.0,99.6,6.6,0,5.66,61.0,53.0,2.0,2.0,1.0,1.0,4.0,88.0,4.0,3.0,3.0,1.0,5+/day,Pass
Male,South,B.E.,Graduate,Hindi,4G/Good,No,9,5,31.5,80.6,5.3,3,6.46,69.7,77.0,5.0,3.0,4.0,2.0,2.0,63.0,3.0,3.0,1.0,3.0,5+/day,Pass
Female,Northeast,BCA,Post-Graduate,Hindi,4G/Good,No,9,6,5.9,79.9,7.1,3,3.54,54.2,55.4,2.0,2.0,3.0,3.0,4.0,38.0,3.0,3.0,3.0,3.0,5+/day,At-Risk
Male,North,B.Com,10th Pass,Hindi,2G/Slow,No,6,4,10.9,79.8,6.2,3,4.0,59.0,40.1,2.0,1.0,5.0,2.0,4.0,38.0,4.0,4.0,4.0,3.0,3-5/day,Fail
Male,North,B.E.,10th Pass,English,5G/Excellent,No,5,6,9.3,68.6,5.8,3,5.44,64.0,42.8,5.0,5.0,5.0,4.0,5.0,88.0,4.0,4.0,4.0,3.0,5+/day,Fail
Male,West,MCA,Below 10th,Regional,5G/Excellent,No,5,7,27.1,88.2,4.0,2,5.19,41.2,55.4,4.0,2.0,3.0,1.0,5.0,38.0,2.0,4.0,3.0,1.0,3-5/day,At-Risk
Female,Northeast,BCA,Graduate,Hindi,2G/Slow,No,6,6,13.7,100.0,5.7,3,3.93,65.0,24.1,4.0,3.0,4.0,1.0,4.0,38.0,2.0,3.0,4.0,7.0,3-5/day,At-Risk
Male,North,B.Com,12th Pass,English,4G/Good,Yes,7,4,9.9,74.6,5.6,5,5.59,41.0,84.0,5.0,2.0,4.0,1.0,4.0,63.0,4.0,1.0,4.0,1.0,3-5/day,Fail
Female,Northeast,B.E.,Below 10th,English,4G/Good,No,8,5,22.3,92.7,7.0,0,4.86,59.6,54.3,4.0,5.0,4.0,2.0,3.0,38.0,1.0,4.0,2.0,3.0,1-3/day,Pass
Female,West,B.Tech,Graduate,Hindi,No Access,Yes,3,5,10.2,80.7,5.9,1,5.71,58.6,82.7,5.0,1.0,4.0,3.0,5.0,88.0,4.0,2.0,3.0,5.0,5+/day,Fail
Female,East,M.Tech,12th Pass,English,3G/Moderate,Yes,10,7,21.3,72.8,10.5,5,6.45,74.4,54.1,4.0,2.0,3.0,5.0,5.0,13.0,3.0,4.0,3.0,7.0,5+/day,Fail
Male,Northeast,B.Tech,10th Pass,English,5G/Excellent,No,1,6,20.6,92.9,4.2,5,6.93,78.0,57.7,3.0,2.0,4.0,1.0,3.0,63.0,3.0,3.0,3.0,5.0,Never,Pass
Female,South,B.Tech,10th Pass,English,4G/Good,Yes,5,7,19.8,62.5,4.6,0,5.39,42.4,57.1,2.0,2.0,3.0,2.0,3.0,63.0,3.0,3.0,2.0,7.0,5+/day,Fail
Male,North,B.Tech,10th Pass,English,5G/Excellent,Yes,1,6,4.4,64.9,5.7,3,5.45,55.6,50.6,2.0,2.0,4.0,2.0,3.0,13.0,4.0,4.0,2.0,3.0,5+/day,At-Risk
Female,South,MCA,12th Pass,Regional,4G/Good,Yes,2,8,26.1,100.0,7.0,2,6.57,56.4,56.7,4.0,2.0,3.0,5.0,5.0,13.0,3.0,4.0,3.0,7.0,5+/day,Pass
Female,East,B.Tech,10th Pass,Hindi,No Access,No,8,7,28.3,77.2,6.0,4,4.39,23.4,26.0,1.0,3.0,4.0,3.0,4.0,38.0,2.0,3.0,3.0,3.0,1-3/day,At-Risk
Male,East,M.Tech,12th Pass,Hindi,2G/Slow,No,3,6,24.6,96.3,5.6,1,5.88,48.0,53.3,5.0,2.0,4.0,1.0,2.0,38.0,4.0,3.0,3.0,1.0,1-3/day,At-Risk
Male,Northeast,B.E.,Graduate,Regional,4G/Good,No,10,8,23.3,80.6,4.7,1,3.96,36.6,21.0,2.0,2.0,4.0,2.0,3.0,13.0,4.0,4.0,2.0,3.0,5+/day,At-Risk
Male,West,B.Tech,Graduate,Hindi,4G/Good,No,4,7,16.8,51.5,7.1,5,7.43,82.2,53.5,3.0,4.0,4.0,2.0,5.0,63.0,2.0,3.0,3.0,3.0,5+/day,Fail
Female,East,B.E.,10th Pass,Hindi,2G/Slow,No,6,5,30.1,90.2,10.6,3,6.35,60.0,52.0,5.0,4.0,5.0,2.0,4.0,38.0,3.0,3.0,3.0,5.0,5+/day,At-Risk
Male,West,B.Tech,12th Pass,English,4G/Good,No,8,8,8.3,86.4,4.9,3,4.51,63.7,33.9,4.0,1.0,5.0,1.0,4.0,63.0,4.0,3.0,4.0,3.0,3-5/day,Fail
Female,North,BCA,Graduate,Hindi,5G/Excellent,Yes,1,7,2.1,73.0,7.4,1,6.06,69.2,53.9,5.0,5.0,5.0,4.0,5.0,88.0,4.0,4.0,4.0,3.0,5+/day,Fail
Male,North,BCA,Below 10th,English,4G/Good,No,2,4,26.7,95.2,8.9,5,6.9,67.4,58.3,4.0,1.0,3.0,2.0,3.0,88.0,3.0,3.0,3.0,7.0,3-5/day,At-Risk
Female,Northeast,B.E.,Below 10th,English,3G/Moderate,Yes,6,5,5.7,93.2,6.7,2,4.78,43.6,85.5,5.0,4.0,2.0,3.0,3.0,88.0,3.0,1.0,3.0,3.0,5+/day,Pass
Female,North,B.Tech,12th Pass,English,3G/Moderate,Yes,8,8,25.7,72.9,7.0,1,6.07,53.5,68.5,4.0,3.0,5.0,1.0,2.0,38.0,3.0,3.0,3.0,7.0,5+/day,Fail
Female,North,BCA,12th Pass,English,5G/Excellent,No,8,6,8.1,95.0,6.4,5,6.13,50.8,59.6,4.0,2.0,1.0,2.0,5.0,88.0,1.0,4.0,2.0,1.0,5+/day,At-Risk
Female,West,MCA,10th Pass,English,5G/Excellent,No,3,4,22.5,84.6,9.2,2,6.74,78.5,42.6,5.0,5.0,5.0,5.0,5.0,63.0,2.0,2.0,3.0,3.0,3-5/day,Pass
Male,South,BCA,Graduate,English,3G/Moderate,No,4,6,12.8,82.8,7.7,0,6.05,46.7,44.4,5.0,5.0,3.0,1.0,3.0,13.0,2.0,3.0,4.0,5.0,3-5/day,Pass
Male,Northeast,MCA,12th Pass,Regional,5G/Excellent,Yes,10,4,20.8,73.2,8.2,3,6.52,58.5,37.6,3.0,2.0,3.0,2.0,1.0,63.0,2.0,4.0,2.0,7.0,3-5/day,At-Risk
Female,South,B.Tech,Post-Graduate,English,3G/Moderate,Yes,4,7,27.9,71.0,6.3,5,9.57,79.9,83.7,4.0,1.0,4.0,4.0,4.0,38.0,3.0,4.0,4.0,1.0,5+/day,At-Risk
Male,North,M.Tech,10th Pass,Regional,3G/Moderate,Yes,4,7,12.1,99.0,7.5,2,6.33,86.4,47.9,3.0,2.0,3.0,2.0,1.0,63.0,2.0,4.0,2.0,7.0,3-5/day,Pass
Male,South,B.Tech,Graduate,Hindi,3G/Moderate,No,2,6,29.6,86.6,6.4,1,7.66,82.3,72.6,4.0,3.0,4.0,3.0,5.0,88.0,4.0,4.0,2.0,7.0,5+/day,Pass
Male,East,B.Tech,Below 10th,Hindi,2G/Slow,No,6,6,18.1,93.3,7.7,0,3.79,39.3,51.5,1.0,2.0,5.0,1.0,5.0,13.0,3.0,3.0,3.0,3.0,5+/day,At-Risk
Male,South,MCA,12th Pass,English,5G/Excellent,No,8,6,18.8,76.2,5.9,1,5.58,44.5,47.6,3.0,3.0,4.0,2.0,5.0,88.0,2.0,3.0,3.0,7.0,5+/day,At-Risk
Male,East,B.Com,12th Pass,Regional,4G/Good,No,9,8,26.3,88.0,8.3,5,7.07,54.2,54.7,1.0,2.0,5.0,2.0,5.0,38.0,3.0,4.0,3.0,7.0,5+/day,At-Risk
Female,Northeast,BCA,10th Pass,English,3G/Moderate,No,1,5,27.2,77.8,7.3,0,4.8,63.6,47.7,3.0,2.0,4.0,2.0,2.0,13.0,3.0,3.0,3.0,1.0,5+/day,Pass
Male,Central,B.Tech,Graduate,Hindi,5G/Excellent,Yes,1,6,17.5,90.0,5.8,4,6.24,53.2,45.9,5.0,1.0,5.0,2.0,3.0,63.0,4.0,3.0,3.0,7.0,5+/day,At-Risk
Female,South,B.Tech,Below 10th,Hindi,5G/Excellent,No,9,7,7.3,65.2,7.8,0,6.03,53.6,41.6,4.0,5.0,4.0,2.0,3.0,38.0,1.0,4.0,2.0,3.0,1-3/day,At-Risk
Male,South,B.E.,12th Pass,English,2G/Slow,No,4,7,18.4,65.4,6.0,5,4.74,56.6,24.9,5.0,3.0,5.0,2.0,4.0,88.0,3.0,3.0,3.0,5.0,5+/day,Fail
Female,East,M.Tech,10th Pass,English,4G/Good,No,7,6,7.5,68.7,4.6,2,5.21,50.8,30.2,4.0,2.0,5.0,3.0,1.0,38.0,1.0,3.0,3.0,3.0,3-5/day,Fail
Male,Central,B.Tech,Graduate,English,4G/Good,Yes,2,6,17.4,81.9,6.1,4,7.64,60.8,66.4,4.0,2.0,4.0,1.0,2.0,88.0,4.0,3.0,3.0,7.0,1-3/day,Pass
Female,Central,MCA,Below 10th,Regional,4G/Good,No,10,7,15.5,55.4,6.1,5,4.0,45.0,49.6,3.0,3.0,3.0,1.0,1.0,63.0,3.0,4.0,4.0,7.0,3-5/day,Fail
Female,North,B.Tech,Graduate,Regional,4G/Good,Yes,1,8,7.9,87.5,4.8,0,7.22,76.0,61.8,5.0,2.0,4.0,3.0,4.0,63.0,4.0,3.0,3.0,5.0,5+/day,Pass
Male,West,MCA,Graduate,Regional,3G/Moderate,No,7,4,11.8,89.4,7.2,0,5.8,45.1,43.3,4.0,4.0,4.0,2.0,5.0,63.0,3.0,4.0,1.0,5.0,3-5/day,At-Risk
Female,South,B.Com,Graduate,English,3G/Moderate,No,6,7,26.9,61.0,7.1,2,6.66,53.8,72.0,4.0,4.0,2.0,4.0,4.0,13.0,1.0,1.0,1.0,3.0,5+/day,Pass
Other,North,B.E.,10th Pass,English,5G/Excellent,Yes,3,4,15.7,77.1,6.5,3,6.43,76.2,85.1,5.0,4.0,3.0,2.0,4.0,88.0,1.0,3.0,3.0,3.0,5+/day,Pass
Female,North,B.E.,12th Pass,English,5G/Excellent,Yes,10,6,14.8,100.0,7.7,3,5.41,53.6,53.1,3.0,2.0,4.0,1.0,4.0,63.0,2.0,3.0,3.0,1.0,5+/day,At-Risk
Female,South,MCA,Below 10th,Regional,3G/Moderate,No,4,5,21.8,76.7,6.0,5,4.43,37.1,42.7,5.0,3.0,3.0,2.0,3.0,13.0,3.0,4.0,4.0,1.0,5+/day,At-Risk
Male,East,B.E.,Graduate,English,No Access,No,1,6,29.5,69.9,4.3,5,6.02,46.7,60.8,4.0,2.0,4.0,1.0,2.0,88.0,4.0,3.0,3.0,7.0,1-3/day,Fail
Female,North,BCA,Graduate,English,5G/Excellent,No,7,6,13.9,77.5,5.5,3,5.21,66.0,23.6,5.0,1.0,5.0,2.0,3.0,63.0,4.0,3.0,3.0,7.0,5+/day,Fail
Male,West,BCA,12th Pass,Regional,4G/Good,No,9,6,26.2,96.1,5.3,4,5.91,48.7,65.5,5.0,3.0,3.0,4.0,5.0,38.0,2.0,4.0,3.0,7.0,5+/day,Pass
Male,South,B.Tech,Graduate,Hindi,3G/Moderate,No,1,7,18.0,68.2,6.0,5,6.65,74.6,46.3,5.0,4.0,4.0,4.0,4.0,38.0,3.0,1.0,3.0,7.0,5+/day,At-Risk
Other,East,MCA,Below 10th,Hindi,3G/Moderate,Yes,2,7,31.5,88.6,6.7,3,6.0,62.4,72.3,5.0,3.0,4.0,2.0,5.0,13.0,1.0,4.0,1.0,7.0,5+/day,Pass
Male,South,B.Tech,12th Pass,English,4G/Good,No,2,5,25.5,87.1,9.5,4,6.76,56.3,41.2,5.0,4.0,5.0,2.0,4.0,38.0,3.0,3.0,3.0,5.0,5+/day,Pass
Female,North,B.Com,10th Pass,Hindi,4G/Good,No,6,4,15.4,81.9,4.2,3,5.79,50.9,46.9,3.0,3.0,4.0,4.0,5.0,13.0,4.0,3.0,3.0,3.0,5+/day,Pass
Female,South,B.Tech,Post-Graduate,Regional,4G/Good,Yes,5,4,19.9,77.5,7.8,2,5.63,47.8,32.8,5.0,5.0,5.0,4.0,5.0,88.0,4.0,4.0,4.0,3.0,5+/day,At-Risk
Female,North,BCA,Graduate,Hindi,2G/Slow,Yes,6,4,12.4,93.1,5.0,4,5.76,56.2,73.7,3.0,2.0,5.0,1.0,5.0,88.0,3.0,3.0,3.0,7.0,3-5/day,Fail
Other,East,B.Tech,Graduate,English,5G/Excellent,Yes,1,6,19.1,68.3,7.2,3,7.32,80.3,40.2,4.0,2.0,1.0,2.0,5.0,88.0,1.0,4.0,2.0,1.0,5+/day,At-Risk
Male,North,B.Tech,Post-Graduate,English,5G/Excellent,Yes,6,5,12.2,86.8,5.5,1,6.91,67.6,57.2,4.0,1.0,5.0,2.0,4.0,63.0,3.0,3.0,3.0,3.0,3-5/day,At-Risk
Male,East,B.Tech,10th Pass,English,5G/Excellent,No,6,6,13.2,63.4,6.8,3,6.11,45.0,46.5,3.0,2.0,4.0,1.0,3.0,63.0,3.0,3.0,3.0,5.0,Never,Fail
Male,North,BCA,Post-Graduate,Hindi,5G/Excellent,Yes,7,5,26.2,93.6,8.9,1,7.25,81.3,60.0,2.0,2.0,1.0,4.0,5.0,88.0,4.0,3.0,2.0,7.0,3-5/day,Pass
Male,West,BCA,10th Pass,English,4G/Good,No,2,8,19.6,91.1,4.3,1,6.27,85.0,70.8,5.0,1.0,5.0,1.0,5.0,38.0,1.0,3.0,2.0,3.0,5+/day,At-Risk
Male,West,M.Tech,Graduate,Hindi,3G/Moderate,No,6,7,20.5,77.0,7.0,0,5.34,40.3,56.7,5.0,1.0,4.0,4.0,5.0,88.0,3.0,2.0,4.0,3.0,3-5/day,Fail
Male,North,B.Tech,Graduate,Hindi,No Access,Yes,9,6,14.5,79.2,7.0,5,5.24,31.0,48.4,5.0,2.0,5.0,2.0,3.0,88.0,3.0,2.0,3.0,7.0,3-5/day,Fail
Female,South,BCA,Below 10th,Regional,2G/Slow,Yes,9,8,15.8,87.7,8.0,3,3.1,37.1,14.9,3.0,4.0,4.0,3.0,3.0,38.0,3.0,3.0,4.0,7.0,5+/day,At-Risk
Female,North,MCA,10th Pass,English,3G/Moderate,No,2,4,15.5,65.7,6.6,0,5.3,52.4,75.6,3.0,4.0,4.0,3.0,3.0,38.0,3.0,3.0,4.0,7.0,5+/day,Fail
Male,East,B.Tech,Below 10th,Regional,4G/Good,Yes,5,8,13.9,78.4,11.7,0,5.79,64.0,57.0,4.0,1.0,4.0,4.0,4.0,38.0,3.0,4.0,4.0,1.0,5+/day,At-Risk
Female,South,B.E.,Post-Graduate,Hindi,5G/Excellent,Yes,7,7,13.6,82.0,8.3,4,6.93,65.0,66.6,2.0,1.0,3.0,4.0,2.0,38.0,2.0,3.0,1.0,5.0,5+/day,Pass
Male,East,B.E.,Below 10th,English,4G/Good,Yes,5,7,11.9,61.5,7.4,1,6.55,54.2,42.3,4.0,1.0,4.0,2.0,4.0,38.0,3.0,2.0,3.0,5.0,3-5/day,Fail
Male,East,B.E.,12th Pass,Regional,4G/Good,Yes,3,7,8.3,92.8,7.1,0,5.42,42.7,69.3,4.0,3.0,2.0,3.0,3.0,88.0,4.0,2.0,4.0,5.0,3-5/day,Pass
Female,Central,B.Tech,Graduate,English,4G/Good,Yes,1,8,17.5,100.0,7.4,3,7.95,70.4,49.7,4.0,4.0,4.0,4.0,4.0,88.0,4.0,4.0,4.0,5.0,5+/day,Pass
Female,East,BCA,10th Pass,Hindi,3G/Moderate,Yes,7,4,11.3,100.0,6.7,2,6.66,73.5,95.3,5.0,2.0,3.0,2.0,4.0,88.0,4.0,3.0,2.0,7.0,5+/day,At-Risk
Female,East,B.Tech,12th Pass,English,5G/Excellent,No,8,6,29.6,58.6,6.7,3,6.07,51.1,63.9,4.0,3.0,4.0,4.0,4.0,88.0,3.0,3.0,4.0,3.0,5+/day,Fail
Male,South,BCA,12th Pass,Hindi,4G/Good,Yes,6,4,8.6,95.9,4.2,1,6.34,66.0,76.4,4.0,4.0,4.0,3.0,3.0,88.0,4.0,3.0,3.0,3.0,5+/day,Pass
Female,Central,B.Com,10th Pass,Hindi,3G/Moderate,No,7,5,15.2,74.4,7.4,4,4.85,42.3,38.5,1.0,1.0,4.0,2.0,4.0,88.0,2.0,4.0,3.0,7.0,5+/day,Fail
Female,West,BCA,Graduate,English,5G/Excellent,Yes,9,5,23.1,80.7,7.4,3,6.77,54.1,58.5,3.0,3.0,3.0,2.0,4.0,88.0,3.0,3.0,3.0,3.0,5+/day,Pass
Female,South,BCA,10th Pass,Hindi,4G/Good,Yes,2,6,3.0,70.2,7.0,3,4.85,60.0,28.2,4.0,4.0,3.0,4.0,5.0,63.0,4.0,4.0,4.0,5.0,Never,Fail
Female,Northeast,B.Tech,10th Pass,Hindi,4G/Good,No,5,7,23.4,89.3,7.1,5,6.62,75.9,69.7,4.0,2.0,5.0,2.0,2.0,38.0,4.0,1.0,3.0,1.0,5+/day,Pass
Female,South,M.Tech,12th Pass,Regional,4G/Good,Yes,3,6,12.2,52.0,7.6,0,6.34,61.8,66.7,5.0,4.0,1.0,2.0,5.0,63.0,3.0,3.0,2.0,5.0,1-3/day,Fail
Female,Northeast,B.Tech,12th Pass,English,4G/Good,Yes,2,8,10.4,67.6,7.2,5,4.99,38.1,51.4,3.0,4.0,3.0,4.0,4.0,38.0,3.0,2.0,2.0,3.0,5+/day,At-Risk
Female,Northeast,BCA,Post-Graduate,English,3G/Moderate,No,3,7,22.1,54.9,6.6,3,6.56,53.3,63.4,4.0,4.0,3.0,2.0,4.0,38.0,3.0,3.0,3.0,1.0,3-5/day,Fail
Other,North,B.Com,Graduate,Hindi,5G/Excellent,Yes,4,6,22.9,75.1,7.0,1,7.76,51.8,57.4,4.0,4.0,4.0,3.0,3.0,88.0,4.0,3.0,3.0,3.0,5+/day,Pass
Female,West,BCA,12th Pass,English,5G/Excellent,No,2,6,10.3,78.2,8.3,2,6.24,64.7,41.0,3.0,3.0,4.0,2.0,5.0,88.0,2.0,3.0,3.0,7.0,5+/day,At-Risk
Male,South,BCA,10th Pass,Hindi,4G/Good,Yes,2,8,15.7,63.1,8.7,0,4.45,43.7,68.1,3.0,3.0,1.0,1.0,1.0,88.0,4.0,3.0,3.0,5.0,1-3/day,At-Risk
Female,South,B.E.,10th Pass,English,4G/Good,Yes,8,8,26.5,88.3,5.0,3,6.34,59.3,59.3,5.0,3.0,4.0,3.0,1.0,38.0,2.0,4.0,2.0,5.0,5+/day,Pass
Male,South,B.Tech,10th Pass,English,5G/Excellent,Yes,3,4,14.9,87.2,5.9,2,5.38,60.7,49.7,4.0,2.0,3.0,1.0,5.0,38.0,3.0,3.0,2.0,3.0,5+/day,At-Risk
Male,West,MCA,12th Pass,Regional,4G/Good,No,3,5,11.0,92.4,7.9,3,6.38,49.3,62.1,3.0,2.0,1.0,3.0,4.0,0.0,2.0,3.0,2.0,3.0,5+/day,Pass
Female,North,B.Tech,Graduate,Regional,5G/Excellent,No,4,6,17.1,98.9,7.3,4,7.74,77.4,55.2,4.0,2.0,2.0,2.0,4.0,38.0,2.0,3.0,2.0,7.0,5+/day,Pass
Female,North,BCA,10th Pass,Hindi,4G/Good,No,5,4,17.3,78.8,5.5,1,5.5,68.4,82.6,4.0,4.0,3.0,2.0,4.0,38.0,3.0,3.0,3.0,1.0,3-5/day,Pass
Female,West,B.Tech,10th Pass,Regional,4G/Good,No,3,7,16.2,84.7,6.6,4,7.21,50.2,80.4,3.0,3.0,4.0,2.0,5.0,88.0,2.0,3.0,3.0,7.0,5+/day,At-Risk
Male,North,M.Tech,12th Pass,Hindi,4G/Good,No,6,7,21.1,69.7,7.7,0,5.48,61.0,42.6,3.0,4.0,3.0,5.0,5.0,63.0,3.0,2.0,3.0,3.0,3-5/day,At-Risk
Female,North,B.Tech,Below 10th,Hindi,4G/Good,No,10,5,13.5,82.8,9.4,2,5.67,57.9,58.6,5.0,5.0,5.0,5.0,5.0,63.0,2.0,2.0,3.0,3.0,3-5/day,Pass
Male,North,B.E.,Graduate,Regional,2G/Slow,No,3,7,22.4,83.4,10.0,4,6.38,67.3,43.1,5.0,1.0,4.0,2.0,1.0,63.0,1.0,2.0,3.0,5.0,1-3/day,At-Risk
Other,South,BCA,12th Pass,Hindi,4G/Good,No,8,5,15.4,100.0,3.8,3,4.83,54.5,46.7,4.0,2.0,5.0,3.0,3.0,63.0,4.0,3.0,3.0,1.0,1-3/day,At-Risk
Other,East,B.E.,12th Pass,Hindi,4G/Good,Yes,4,7,7.9,88.4,7.8,4,7.69,62.1,39.8,2.0,1.0,4.0,4.0,4.0,38.0,3.0,3.0,2.0,5.0,5+/day,Pass
Female,North,B.Tech,10th Pass,English,4G/Good,No,5,7,29.1,88.7,5.6,5,7.82,79.2,91.6,4.0,5.0,4.0,2.0,5.0,38.0,2.0,2.0,4.0,5.0,5+/day,Pass
Female,Central,B.E.,Post-Graduate,Regional,3G/Moderate,No,3,6,7.2,78.4,8.2,2,5.66,48.2,69.1,4.0,3.0,4.0,1.0,4.0,63.0,3.0,3.0,4.0,5.0,3-5/day,At-Risk
Female,West,B.Tech,Below 10th,English,4G/Good,Yes,5,8,23.8,42.8,4.4,3,5.43,59.8,43.3,2.0,3.0,4.0,2.0,2.0,38.0,3.0,4.0,2.0,1.0,5+/day,Fail
Female,South,B.E.,Graduate,English,4G/Good,No,7,6,16.9,82.3,5.5,0,5.7,72.0,49.8,2.0,2.0,4.0,2.0,3.0,13.0,4.0,4.0,2.0,3.0,5+/day,Pass
Male,South,B.E.,10th Pass,English,5G/Excellent,No,3,4,18.1,76.3,6.2,4,5.27,38.2,51.7,5.0,1.0,4.0,4.0,3.0,38.0,1.0,1.0,2.0,7.0,5+/day,At-Risk
Male,South,BCA,Graduate,English,5G/Excellent,Yes,3,8,11.9,68.7,7.5,1,5.95,48.0,71.2,3.0,1.0,2.0,3.0,2.0,38.0,3.0,2.0,1.0,1.0,3-5/day,Pass
Female,West,B.Tech,Graduate,English,5G/Excellent,No,1,6,14.6,90.9,5.9,2,6.48,50.7,61.9,4.0,5.0,4.0,3.0,5.0,88.0,3.0,3.0,4.0,7.0,5+/day,Pass
Female,North,B.Com,Below 10th,Regional,3G/Moderate,No,2,8,23.6,93.8,5.4,1,7.47,70.8,55.3,4.0,3.0,4.0,3.0,4.0,88.0,1.0,2.0,3.0,5.0,1-3/day,Pass
Male,North,B.E.,Graduate,Hindi,5G/Excellent,No,4,8,10.2,69.9,3.9,5,5.36,61.0,54.5,4.0,3.0,4.0,4.0,5.0,88.0,4.0,4.0,4.0,3.0,5+/day,Fail
Female,Northeast,B.Tech,Graduate,English,3G/Moderate,Yes,9,8,14.5,82.5,5.5,3,5.7,51.9,75.1,4.0,5.0,4.0,2.0,4.0,63.0,4.0,2.0,2.0,5.0,5+/day,Pass
Male,South,B.E.,Below 10th,Regional,3G/Moderate,Yes,3,7,25.4,80.7,7.5,1,5.21,43.2,58.8,5.0,2.0,2.0,3.0,3.0,63.0,4.0,3.0,3.0,5.0,3-5/day,Pass
Male,South,M.Tech,Below 10th,Hindi,2G/Slow,Yes,10,8,13.9,95.6,8.7,2,6.12,73.6,60.8,4.0,3.0,4.0,3.0,4.0,38.0,1.0,4.0,4.0,5.0,3-5/day,Pass
Female,Northeast,B.Tech,12th Pass,Hindi,5G/Excellent,Yes,5,7,18.2,87.2,4.9,2,5.29,63.0,75.2,4.0,1.0,3.0,2.0,3.0,88.0,3.0,3.0,3.0,7.0,3-5/day,At-Risk
Female,West,BCA,Graduate,English,2G/Slow,No,9,8,18.8,90.6,5.1,1,6.75,42.2,53.6,4.0,3.0,4.0,4.0,4.0,88.0,3.0,3.0,4.0,3.0,5+/day,At-Risk
Female,South,B.E.,Graduate,Regional,2G/Slow,No,4,7,11.9,77.6,5.4,1,5.75,55.0,59.1,5.0,5.0,4.0,2.0,4.0,88.0,4.0,3.0,1.0,7.0,5+/day,At-Risk
Male,West,B.Tech,Graduate,English,3G/Moderate,No,4,8,21.0,87.0,6.3,3,6.75,55.0,48.5,4.0,5.0,4.0,2.0,3.0,38.0,1.0,4.0,2.0,3.0,1-3/day,Pass
Male,North,MCA,Graduate,English,4G/Good,Yes,6,4,17.5,92.5,6.8,1,7.15,68.0,52.5,5.0,2.0,3.0,2.0,3.0,63.0,4.0,3.0,3.0,7.0,5+/day,Pass
Female,West,B.E.,Graduate,English,5G/Excellent,Yes,7,6,12.4,100.0,6.0,2,6.61,69.2,77.4,1.0,2.0,5.0,1.0,5.0,13.0,3.0,3.0,3.0,3.0,5+/day,Pass
Female,East,B.Tech,12th Pass,Hindi,4G/Good,No,6,8,22.4,75.5,4.1,5,5.52,62.7,33.4,4.0,4.0,3.0,1.0,3.0,63.0,3.0,4.0,3.0,3.0,5+/day,At-Risk
Male,Northeast,MCA,10th Pass,Hindi,4G/Good,No,4,4,19.0,77.6,3.5,5,5.65,51.2,12.0,3.0,2.0,5.0,2.0,4.0,63.0,4.0,3.0,3.0,5.0,5+/day,Fail
Female,Central,BCA,Post-Graduate,English,3G/Moderate,No,7,6,17.5,73.1,5.8,1,6.02,55.5,73.9,5.0,4.0,3.0,1.0,4.0,13.0,3.0,3.0,3.0,7.0,5+/day,Fail
Male,Central,M.Tech,Below 10th,English,3G/Moderate,No,10,5,15.8,76.6,7.3,0,4.12,42.0,16.4,3.0,4.0,4.0,1.0,3.0,88.0,1.0,3.0,4.0,3.0,1-3/day,Fail
Female,Central,BCA,10th Pass,Hindi,2G/Slow,No,3,8,7.7,98.6,6.5,2,6.76,52.3,78.8,3.0,4.0,4.0,1.0,3.0,88.0,1.0,3.0,4.0,3.0,1-3/day,Pass
Female,East,BCA,Graduate,Hindi,4G/Good,Yes,3,5,16.9,72.1,9.0,2,6.71,58.8,65.5,3.0,2.0,5.0,1.0,4.0,63.0,1.0,3.0,2.0,3.0,1-3/day,Fail
Male,South,MCA,12th Pass,English,4G/Good,No,7,6,2.4,86.7,4.2,3,4.42,30.4,40.6,3.0,1.0,4.0,3.0,5.0,63.0,3.0,4.0,4.0,7.0,3-5/day,Fail
Male,South,B.Tech,Below 10th,Regional,3G/Moderate,Yes,6,6,23.2,94.0,6.7,3,4.53,45.7,49.3,5.0,2.0,5.0,2.0,4.0,88.0,1.0,3.0,4.0,5.0,5+/day,Fail
Female,West,MCA,Below 10th,Regional,5G/Excellent,No,2,8,9.9,96.4,8.6,4,5.44,45.1,41.7,3.0,2.0,1.0,1.0,4.0,13.0,4.0,3.0,3.0,3.0,1-3/day,Pass
Female,Central,BCA,12th Pass,English,5G/Excellent,No,1,4,21.8,99.5,6.1,3,8.72,79.5,57.0,2.0,3.0,4.0,3.0,4.0,88.0,2.0,3.0,4.0,5.0,5+/day,Pass
Female,North,B.Tech,Post-Graduate,Hindi,2G/Slow,No,6,8,8.2,87.6,4.6,0,5.55,61.7,65.2,4.0,2.0,5.0,4.0,1.0,88.0,2.0,3.0,4.0,1.0,3-5/day,Pass
Female,Central,B.E.,12th Pass,English,No Access,Yes,9,4,8.9,86.5,3.0,3,4.83,28.1,41.1,3.0,2.0,4.0,3.0,4.0,88.0,3.0,3.0,3.0,5.0,5+/day,Fail
Female,Northeast,B.Tech,12th Pass,Hindi,4G/Good,No,3,8,12.8,75.2,6.0,4,5.45,53.8,81.6,1.0,4.0,3.0,2.0,4.0,13.0,2.0,3.0,2.0,7.0,1-3/day,Pass
Female,Central,BCA,10th Pass,English,3G/Moderate,Yes,9,4,31.0,58.4,5.7,2,6.09,75.8,56.1,3.0,2.0,3.0,2.0,4.0,88.0,4.0,1.0,1.0,1.0,1-3/day,Fail
Female,Central,B.E.,10th Pass,English,4G/Good,Yes,6,7,14.9,74.9,5.5,3,6.98,59.9,63.3,3.0,3.0,3.0,1.0,3.0,13.0,4.0,3.0,3.0,3.0,5+/day,At-Risk
Male,South,B.Com,Below 10th,Regional,4G/Good,No,4,4,29.7,83.9,6.9,4,7.47,48.4,54.0,1.0,1.0,4.0,2.0,4.0,88.0,2.0,4.0,3.0,7.0,5+/day,At-Risk
Male,North,B.Tech,10th Pass,Regional,5G/Excellent,No,10,4,21.2,94.2,9.2,3,5.32,42.2,57.3,4.0,3.0,2.0,3.0,3.0,88.0,4.0,2.0,4.0,5.0,3-5/day,At-Risk
Male,North,BCA,12th Pass,English,4G/Good,No,10,6,16.2,100.0,4.4,3,5.31,55.9,54.1,4.0,2.0,5.0,3.0,5.0,88.0,4.0,1.0,3.0,7.0,5+/day,Fail
Female,South,B.Tech,10th Pass,English,No Access,No,10,5,19.2,82.1,5.1,2,4.83,55.7,41.1,5.0,2.0,3.0,2.0,4.0,88.0,4.0,3.0,2.0,7.0,5+/day,Fail
Male,East,BCA,Below 10th,English,No Access,Yes,2,8,20.3,95.5,6.3,4,5.41,45.3,57.0,5.0,2.0,3.0,2.0,4.0,88.0,4.0,3.0,2.0,7.0,5+/day,At-Risk
Female,Northeast,BCA,Graduate,Hindi,3G/Moderate,Yes,9,6,21.1,84.0,7.6,3,5.94,58.9,52.9,2.0,4.0,1.0,5.0,5.0,63.0,3.0,4.0,4.0,5.0,5+/day,Pass
Female,Central,BCA,Graduate,Regional,3G/Moderate,Yes,5,5,27.3,84.5,5.9,2,6.39,71.4,55.0,3.0,4.0,4.0,3.0,3.0,38.0,3.0,3.0,4.0,7.0,5+/day,Pass
Female,West,MCA,Post-Graduate,Hindi,4G/Good,No,5,6,18.6,78.4,7.4,5,6.3,59.1,74.1,5.0,1.0,5.0,4.0,2.0,38.0,4.0,3.0,3.0,3.0,5+/day,Pass
Male,North,M.Tech,12th Pass,Hindi,5G/Excellent,Yes,2,6,22.3,76.3,4.3,4,7.65,75.0,48.1,4.0,3.0,4.0,3.0,3.0,88.0,3.0,4.0,4.0,5.0,5+/day,Pass
Male,North,B.Tech,Below 10th,Regional,3G/Moderate,No,5,8,31.7,75.0,6.6,1,5.84,60.2,68.9,4.0,3.0,2.0,3.0,3.0,88.0,4.0,2.0,4.0,5.0,3-5/day,At-Risk
Male,North,B.Tech,Graduate,Hindi,4G/Good,No,6,7,7.0,75.4,6.5,4,6.04,58.9,38.2,4.0,2.0,4.0,1.0,4.0,88.0,2.0,4.0,3.0,5.0,5+/day,Fail
Male,South,BCA,Below 10th,Hindi,3G/Moderate,No,2,6,17.2,73.9,8.9,3,6.33,39.8,56.0,2.0,1.0,4.0,4.0,4.0,38.0,3.0,3.0,2.0,5.0,5+/day,Fail
Male,East,B.E.,Graduate,Hindi,No Access,No,1,8,23.6,92.2,8.2,3,6.89,65.8,66.2,4.0,2.0,3.0,3.0,3.0,63.0,3.0,4.0,4.0,1.0,1-3/day,Pass
Female,North,B.Tech,Graduate,Regional,5G/Excellent,Yes,6,4,8.3,97.2,6.7,4,6.66,30.0,56.6,2.0,2.0,4.0,4.0,5.0,38.0,4.0,3.0,3.0,7.0,5+/day,Pass
Female,South,BCA,Graduate,English,2G/Slow,No,9,5,11.2,72.9,5.1,2,5.04,51.3,61.4,2.0,2.0,4.0,1.0,4.0,13.0,3.0,1.0,4.0,7.0,5+/day,Fail
Female,North,B.E.,Post-Graduate,English,3G/Moderate,No,9,8,11.4,71.3,3.0,4,5.84,44.3,61.9,4.0,3.0,4.0,2.0,3.0,88.0,1.0,2.0,3.0,5.0,5+/day,Fail
Female,West,B.E.,Graduate,English,2G/Slow,No,9,7,20.7,79.8,5.2,3,3.97,40.2,29.8,4.0,2.0,5.0,2.0,2.0,38.0,4.0,1.0,3.0,1.0,5+/day,At-Risk
Male,South,MCA,Graduate,Regional,4G/Good,Yes,5,8,21.7,71.5,9.8,3,6.18,61.1,53.6,4.0,2.0,3.0,3.0,3.0,63.0,3.0,4.0,4.0,1.0,1-3/day,At-Risk
Female,East,B.E.,10th Pass,English,5G/Excellent,Yes,10,8,11.8,69.8,3.8,0,4.66,73.0,50.8,5.0,3.0,5.0,4.0,2.0,13.0,3.0,3.0,3.0,5.0,5+/day,Fail
Female,South,B.Tech,Post-Graduate,English,2G/Slow,No,1,4,21.0,77.8,5.1,2,5.89,48.8,71.3,4.0,4.0,5.0,1.0,4.0,38.0,2.0,3.0,4.0,1.0,5+/day,Pass
Male,Central,B.Tech,10th Pass,Regional,4G/Good,Yes,3,5,13.5,84.9,6.7,0,5.79,52.2,68.3,4.0,1.0,5.0,2.0,5.0,38.0,4.0,4.0,2.0,3.0,1-3/day,At-Risk
Female,North,M.Tech,Post-Graduate,Regional,No Access,No,8,5,26.8,84.8,8.4,5,5.93,62.9,55.6,4.0,5.0,4.0,2.0,5.0,38.0,2.0,2.0,4.0,5.0,5+/day,Pass
Male,East,B.Com,10th Pass,Regional,4G/Good,Yes,9,7,21.6,78.2,4.6,3,5.69,38.7,77.4,5.0,1.0,5.0,3.0,4.0,63.0,1.0,3.0,3.0,3.0,5+/day,At-Risk
Female,West,BCA,Below 10th,English,4G/Good,No,4,5,23.1,75.7,7.2,2,5.77,67.7,31.1,4.0,4.0,5.0,2.0,3.0,38.0,2.0,3.0,3.0,3.0,5+/day,Pass
Other,East,B.E.,Graduate,Regional,4G/Good,No,3,4,29.1,89.3,5.3,2,7.76,71.9,55.9,3.0,1.0,2.0,3.0,2.0,38.0,3.0,2.0,1.0,1.0,3-5/day,Pass
Male,Central,B.Com,Below 10th,English,4G/Good,No,2,7,22.8,86.7,4.7,2,6.77,63.2,58.5,4.0,3.0,4.0,2.0,3.0,88.0,1.0,3.0,4.0,5.0,5+/day,At-Risk
Female,South,BCA,Graduate,English,5G/Excellent,No,5,4,14.0,84.1,5.6,5,5.83,66.9,59.7,1.0,4.0,2.0,3.0,4.0,63.0,2.0,3.0,4.0,7.0,5+/day,Pass
Female,South,MCA,10th Pass,English,4G/Good,No,2,4,18.9,75.2,6.4,4,5.71,44.9,62.5,4.0,1.0,5.0,2.0,4.0,63.0,3.0,3.0,3.0,3.0,3-5/day,At-Risk
Other,North,MCA,Graduate,Hindi,4G/Good,No,9,8,8.8,98.0,4.6,4,4.4,37.8,29.1,3.0,2.0,1.0,3.0,4.0,0.0,2.0,3.0,2.0,3.0,5+/day,Pass
Male,East,B.E.,Graduate,English,4G/Good,No,10,8,10.3,66.3,8.2,3,6.83,61.2,59.1,2.0,2.0,2.0,1.0,5.0,88.0,4.0,4.0,4.0,5.0,5+/day,Fail
Female,South,B.E.,Graduate,Hindi,4G/Good,Yes,9,8,22.2,75.3,8.7,5,5.76,42.9,61.8,4.0,1.0,5.0,2.0,4.0,38.0,1.0,3.0,2.0,7.0,5+/day,At-Risk
Male,North,B.Tech,10th Pass,Regional,3G/Moderate,Yes,3,6,29.7,70.2,5.4,2,7.13,74.7,48.6,1.0,5.0,4.0,3.0,4.0,38.0,3.0,3.0,4.0,7.0,5+/day,Pass
Male,East,B.Tech,Below 10th,English,3G/Moderate,Yes,4,4,25.5,82.0,7.7,2,5.23,43.2,49.8,3.0,2.0,5.0,1.0,5.0,88.0,3.0,3.0,3.0,7.0,3-5/day,Fail
Male,East,MCA,Graduate,English,2G/Slow,Yes,9,5,20.4,74.0,4.2,2,5.07,52.4,60.0,4.0,2.0,4.0,2.0,3.0,63.0,3.0,3.0,3.0,7.0,3-5/day,Fail
Other,North,M.Tech,10th Pass,English,4G/Good,No,1,7,7.5,83.1,6.2,4,4.67,42.5,74.2,2.0,4.0,4.0,2.0,3.0,38.0,2.0,3.0,4.0,3.0,5+/day,Pass
Female,West,BCA,10th Pass,Regional,4G/Good,No,7,6,18.9,88.3,7.8,3,4.97,45.9,42.0,3.0,4.0,4.0,2.0,5.0,63.0,2.0,3.0,3.0,3.0,5+/day,At-Risk
Female,West,B.E.,12th Pass,English,2G/Slow,No,2,8,11.0,97.2,7.6,2,6.21,47.2,62.0,4.0,2.0,3.0,1.0,5.0,38.0,2.0,4.0,3.0,1.0,3-5/day,At-Risk
Female,North,B.Tech,12th Pass,English,4G/Good,Yes,9,6,20.7,84.6,6.7,2,5.76,47.5,60.1,3.0,4.0,4.0,2.0,4.0,63.0,1.0,4.0,3.0,1.0,5+/day,Pass
Male,South,B.Tech,10th Pass,English,5G/Excellent,Yes,3,6,8.7,84.4,8.3,1,5.69,47.6,40.3,2.0,2.0,4.0,2.0,3.0,13.0,4.0,4.0,2.0,3.0,5+/day,Pass
Male,West,B.E.,Below 10th,Regional,3G/Moderate,No,6,4,19.1,87.2,5.4,5,5.64,49.9,66.2,4.0,3.0,3.0,1.0,1.0,63.0,4.0,3.0,3.0,5.0,5+/day,At-Risk
Male,East,B.E.,Below 10th,English,3G/Moderate,No,5,4,14.4,54.6,6.6,0,5.22,44.8,50.4,4.0,2.0,4.0,3.0,3.0,13.0,4.0,4.0,4.0,3.0,3-5/day,Fail
Male,South,BCA,Graduate,English,5G/Excellent,No,2,5,18.6,82.7,6.6,5,7.02,54.2,68.5,3.0,4.0,4.0,3.0,5.0,38.0,2.0,2.0,3.0,7.0,5+/day,Pass
Male,South,B.Tech,Below 10th,English,4G/Good,No,9,7,14.3,68.7,7.1,5,3.22,18.0,35.2,5.0,3.0,4.0,2.0,5.0,13.0,1.0,4.0,1.0,7.0,5+/day,Fail
Male,East,B.Com,Post-Graduate,Regional,2G/Slow,No,3,7,7.0,74.2,7.4,5,5.83,50.6,51.7,5.0,1.0,4.0,3.0,5.0,63.0,3.0,4.0,3.0,3.0,5+/day,Fail
Male,Central,B.E.,10th Pass,English,4G/Good,No,6,8,25.2,80.6,4.6,4,6.58,67.0,53.5,5.0,2.0,2.0,3.0,3.0,63.0,4.0,3.0,3.0,5.0,3-5/day,At-Risk
Male,West,MCA,Below 10th,Hindi,4G/Good,No,9,5,15.9,93.4,7.5,1,4.36,31.9,33.4,2.0,2.0,4.0,4.0,5.0,38.0,4.0,3.0,3.0,7.0,5+/day,At-Risk
Male,North,B.E.,12th Pass,English,4G/Good,No,8,7,15.0,60.8,4.7,3,3.66,55.5,13.8,5.0,5.0,5.0,4.0,5.0,88.0,4.0,4.0,4.0,3.0,5+/day,Fail
Male,South,B.Tech,Below 10th,Regional,4G/Good,Yes,10,6,17.0,84.9,7.9,0,5.23,31.8,52.5,5.0,4.0,1.0,1.0,4.0,38.0,3.0,3.0,3.0,1.0,5+/day,At-Risk
Other,Central,MCA,12th Pass,Hindi,4G/Good,No,5,6,13.4,83.2,9.1,3,6.25,40.7,49.8,4.0,3.0,4.0,2.0,5.0,13.0,2.0,2.0,2.0,1.0,5+/day,Pass
Female,North,BCA,Graduate,Hindi,4G/Good,No,6,7,13.4,87.2,5.7,4,5.99,35.9,44.1,2.0,2.0,3.0,4.0,4.0,88.0,4.0,3.0,4.0,1.0,5+/day,At-Risk
Female,Central,B.E.,Below 10th,English,3G/Moderate,Yes,3,6,28.1,100.0,5.1,5,6.6,73.4,67.3,5.0,4.0,3.0,5.0,5.0,88.0,4.0,4.0,4.0,5.0,5+/day,Pass
Male,Central,B.E.,Graduate,English,4G/Good,Yes,5,6,18.6,100.0,9.0,3,7.55,63.6,67.4,4.0,2.0,5.0,3.0,1.0,88.0,3.0,3.0,4.0,5.0,1-3/day,Pass
Male,North,B.Tech,10th Pass,English,5G/Excellent,No,6,8,14.9,85.5,6.4,2,6.7,79.0,44.2,5.0,3.0,4.0,3.0,1.0,38.0,2.0,4.0,2.0,5.0,5+/day,Pass
Female,Central,BCA,10th Pass,Hindi,4G/Good,No,3,6,6.4,88.7,4.5,2,4.52,27.0,46.7,2.0,2.0,4.0,4.0,5.0,38.0,4.0,3.0,3.0,7.0,5+/day,At-Risk
Male,South,B.Com,10th Pass,Regional,4G/Good,No,10,7,14.4,81.6,5.1,5,5.3,80.9,45.8,3.0,3.0,4.0,3.0,2.0,38.0,1.0,2.0,4.0,7.0,5+/day,Pass
Male,Northeast,B.Tech,Post-Graduate,English,3G/Moderate,Yes,2,4,11.2,91.1,5.2,3,6.59,50.8,64.0,3.0,3.0,4.0,1.0,4.0,88.0,2.0,4.0,3.0,1.0,3-5/day,Pass
Male,South,B.Tech,Below 10th,Regional,3G/Moderate,No,10,6,15.1,82.4,8.3,3,4.95,46.7,65.9,5.0,1.0,5.0,3.0,4.0,63.0,1.0,3.0,3.0,3.0,5+/day,Fail
Male,South,B.Com,Graduate,English,5G/Excellent,Yes,9,7,28.6,87.1,5.0,3,7.41,64.5,53.5,4.0,4.0,4.0,3.0,3.0,88.0,4.0,3.0,3.0,3.0,5+/day,Pass
Male,West,B.Tech,12th Pass,Regional,No Access,No,7,6,28.0,74.0,3.0,3,3.97,45.9,38.8,3.0,4.0,3.0,4.0,4.0,38.0,3.0,2.0,2.0,3.0,5+/day,At-Risk
Male,West,BCA,Below 10th,English,3G/Moderate,No,4,5,16.2,84.8,6.4,2,3.44,39.7,47.4,3.0,2.0,1.0,1.0,4.0,13.0,4.0,3.0,3.0,3.0,1-3/day,At-Risk
Female,North,B.E.,12th Pass,English,4G/Good,No,3,8,13.2,98.3,6.9,5,5.98,57.4,47.8,1.0,2.0,4.0,4.0,4.0,88.0,4.0,4.0,4.0,5.0,3-5/day,Pass
Male,East,BCA,Graduate,Hindi,4G/Good,Yes,4,4,22.0,88.8,7.4,1,7.36,79.8,66.4,4.0,3.0,4.0,3.0,4.0,38.0,1.0,4.0,4.0,5.0,3-5/day,Pass
Male,North,B.E.,Graduate,Hindi,4G/Good,Yes,9,6,25.8,83.4,3.0,1,7.07,58.7,56.8,5.0,4.0,1.0,1.0,4.0,38.0,3.0,3.0,3.0,1.0,5+/day,Pass
Female,South,B.Tech,12th Pass,Hindi,3G/Moderate,Yes,9,7,16.1,47.2,6.2,3,4.07,37.3,57.4,5.0,2.0,4.0,3.0,4.0,63.0,4.0,3.0,3.0,5.0,5+/day,Fail
Male,South,B.Tech,Graduate,Hindi,2G/Slow,No,6,4,32.1,86.6,5.9,3,5.86,73.3,61.6,4.0,3.0,4.0,3.0,4.0,38.0,1.0,4.0,4.0,5.0,3-5/day,Pass
Male,South,BCA,Below 10th,Hindi,4G/Good,Yes,9,6,14.2,81.0,7.1,0,4.11,45.4,38.8,5.0,3.0,4.0,3.0,5.0,88.0,3.0,3.0,4.0,7.0,5+/day,Fail
Female,South,BCA,Post-Graduate,English,4G/Good,Yes,9,5,15.5,69.1,3.5,3,4.63,40.4,45.7,3.0,2.0,4.0,3.0,4.0,88.0,3.0,3.0,3.0,5.0,5+/day,Fail
Male,North,BCA,Graduate,English,4G/Good,No,6,7,16.9,81.2,6.7,1,6.98,72.2,44.1,5.0,4.0,5.0,2.0,4.0,38.0,3.0,3.0,3.0,5.0,5+/day,At-Risk
Male,North,BCA,Graduate,English,4G/Good,No,5,8,15.6,81.3,6.8,4,6.32,57.1,56.2,3.0,1.0,4.0,5.0,2.0,88.0,3.0,3.0,4.0,3.0,5+/day,Pass
Male,North,B.Tech,Graduate,Hindi,4G/Good,Yes,3,6,10.0,82.1,8.2,4,8.31,95.3,57.4,1.0,3.0,4.0,3.0,4.0,38.0,2.0,3.0,3.0,3.0,1-3/day,Pass
Male,East,B.Tech,12th Pass,Hindi,3G/Moderate,Yes,1,7,23.4,90.9,7.0,3,6.95,52.2,64.8,1.0,3.0,5.0,5.0,4.0,0.0,3.0,3.0,4.0,3.0,3-5/day,Pass
Female,Central,MCA,Graduate,Hindi,4G/Good,No,4,6,16.0,79.5,7.5,5,6.47,64.0,65.6,5.0,3.0,4.0,5.0,3.0,63.0,4.0,4.0,4.0,5.0,3-5/day,Pass
Female,North,B.E.,12th Pass,Hindi,2G/Slow,No,1,8,33.1,79.1,4.6,3,5.59,41.9,53.1,4.0,2.0,4.0,1.0,2.0,13.0,3.0,2.0,3.0,5.0,5+/day,Pass
Male,Central,B.Tech,10th Pass,English,3G/Moderate,No,1,5,23.4,77.8,6.3,4,7.35,64.3,68.6,3.0,4.0,4.0,1.0,3.0,88.0,1.0,3.0,4.0,3.0,1-3/day,Pass
Female,West,B.Tech,12th Pass,Regional,4G/Good,Yes,6,8,20.3,84.9,8.5,0,5.77,46.7,58.4,3.0,3.0,3.0,2.0,4.0,88.0,3.0,3.0,3.0,3.0,5+/day,Pass
Male,West,B.Tech,10th Pass,English,3G/Moderate,No,5,8,31.5,88.5,5.8,1,6.32,59.3,69.6,4.0,4.0,3.0,4.0,5.0,38.0,3.0,2.0,1.0,3.0,5+/day,Pass
Male,West,B.Tech,12th Pass,Hindi,4G/Good,No,7,8,23.0,97.5,7.7,5,6.28,54.2,25.8,5.0,2.0,4.0,1.0,2.0,38.0,4.0,3.0,3.0,1.0,1-3/day,Pass
Female,Northeast,MCA,10th Pass,English,3G/Moderate,No,1,4,22.8,88.4,5.0,3,6.47,50.4,68.9,4.0,3.0,5.0,1.0,2.0,13.0,4.0,3.0,3.0,5.0,5+/day,Pass
Male,North,B.Com,Below 10th,Hindi,4G/Good,Yes,1,7,13.3,94.9,6.1,3,7.38,54.4,86.1,4.0,2.0,5.0,3.0,1.0,38.0,1.0,3.0,3.0,3.0,3-5/day,Pass
Male,East,M.Tech,10th Pass,Hindi,3G/Moderate,Yes,8,6,16.3,92.2,4.1,0,6.23,59.0,65.3,5.0,3.0,5.0,4.0,2.0,13.0,3.0,3.0,3.0,5.0,5+/day,Pass
Male,West,B.Com,Graduate,English,5G/Excellent,No,6,5,25.0,83.8,6.4,1,7.6,63.8,51.3,5.0,4.0,4.0,4.0,4.0,38.0,3.0,1.0,3.0,7.0,5+/day,Pass
Male,East,B.Com,10th Pass,Hindi,4G/Good,No,8,6,23.7,73.3,5.2,3,6.19,65.9,72.1,4.0,2.0,3.0,5.0,5.0,13.0,3.0,4.0,3.0,7.0,5+/day,Fail
Male,Northeast,B.E.,Graduate,English,4G/Good,No,6,4,13.8,86.8,8.2,5,5.68,41.8,50.0,3.0,4.0,3.0,4.0,4.0,38.0,3.0,2.0,2.0,3.0,5+/day,Pass
Female,North,B.Tech,10th Pass,English,5G/Excellent,Yes,6,5,34.4,100.0,9.5,1,8.64,78.5,67.9,4.0,2.0,3.0,1.0,5.0,38.0,2.0,4.0,3.0,1.0,3-5/day,Pass
Male,West,MCA,12th Pass,Hindi,4G/Good,No,10,4,16.6,95.0,3.9,1,4.53,50.1,53.7,3.0,2.0,5.0,3.0,3.0,38.0,3.0,3.0,3.0,3.0,3-5/day,At-Risk
Male,East,B.Tech,Below 10th,Regional,4G/Good,Yes,7,6,26.2,97.3,4.6,5,5.98,77.0,59.8,1.0,1.0,4.0,2.0,4.0,88.0,2.0,4.0,3.0,7.0,5+/day,At-Risk
Male,South,B.Tech,Below 10th,English,4G/Good,Yes,2,5,19.8,59.9,7.9,4,6.48,62.6,72.1,2.0,1.0,2.0,2.0,5.0,63.0,4.0,4.0,3.0,1.0,3-5/day,Fail
Female,South,B.Tech,12th Pass,English,4G/Good,No,3,6,21.2,58.4,5.3,3,5.61,59.5,32.8,4.0,4.0,3.0,4.0,5.0,38.0,3.0,2.0,1.0,3.0,5+/day,Fail
Female,West,B.E.,12th Pass,Hindi,5G/Excellent,Yes,4,7,15.6,76.2,6.4,4,7.03,45.9,57.5,3.0,3.0,3.0,1.0,3.0,13.0,4.0,3.0,3.0,3.0,5+/day,Pass
Female,Central,B.Tech,10th Pass,Hindi,2G/Slow,Yes,1,4,19.4,87.7,8.8,1,7.21,67.5,47.2,4.0,3.0,4.0,4.0,4.0,38.0,1.0,2.0,2.0,1.0,5+/day,Pass
Female,East,B.Tech,12th Pass,English,5G/Excellent,No,9,7,7.2,77.5,8.8,3,5.32,38.2,20.9,4.0,4.0,3.0,2.0,4.0,38.0,3.0,3.0,3.0,7.0,5+/day,At-Risk
Female,Northeast,B.E.,Graduate,Regional,4G/Good,Yes,9,7,25.7,79.6,4.5,2,4.81,30.7,39.5,5.0,3.0,4.0,2.0,5.0,13.0,1.0,4.0,1.0,7.0,5+/day,At-Risk
Male,South,M.Tech,10th Pass,Hindi,5G/Excellent,No,4,6,23.3,64.2,9.4,2,7.35,63.9,68.6,4.0,3.0,4.0,3.0,4.0,88.0,1.0,2.0,3.0,5.0,1-3/day,Fail
Female,North,BCA,Below 10th,English,No Access,No,1,6,31.0,74.7,7.5,0,5.58,58.3,70.8,4.0,2.0,5.0,5.0,5.0,63.0,2.0,3.0,4.0,3.0,3-5/day,Fail
Female,North,M.Tech,Graduate,English,5G/Excellent,No,1,8,18.5,71.3,8.0,5,7.77,77.0,87.7,1.0,4.0,2.0,3.0,4.0,63.0,2.0,3.0,4.0,7.0,5+/day,Pass
Other,North,B.Tech,Below 10th,Hindi,2G/Slow,No,6,8,11.0,71.7,5.5,4,4.54,65.9,47.0,4.0,2.0,3.0,3.0,4.0,63.0,2.0,4.0,3.0,3.0,5+/day,Fail
Female,South,B.Tech,Post-Graduate,Hindi,4G/Good,No,2,5,28.5,73.2,5.3,5,8.53,68.2,62.9,4.0,2.0,5.0,3.0,1.0,38.0,1.0,3.0,3.0,3.0,3-5/day,Pass
Male,South,BCA,12th Pass,English,4G/Good,Yes,1,6,16.2,68.8,3.9,1,6.81,53.5,65.2,4.0,2.0,4.0,2.0,3.0,63.0,3.0,4.0,2.0,7.0,5+/day,Fail
Male,West,B.E.,12th Pass,Regional,4G/Good,No,10,4,0.0,53.2,4.6,2,3.43,28.9,60.7,2.0,3.0,3.0,3.0,5.0,13.0,3.0,4.0,4.0,7.0,5+/day,Fail
Male,West,BCA,12th Pass,English,4G/Good,No,2,6,21.5,98.9,7.5,3,8.44,67.3,71.8,5.0,3.0,5.0,3.0,4.0,88.0,3.0,4.0,3.0,5.0,5+/day,Pass
Female,North,MCA,12th Pass,Hindi,3G/Moderate,Yes,7,6,24.6,80.6,7.2,5,5.82,47.6,74.3,3.0,2.0,4.0,1.0,4.0,63.0,2.0,3.0,3.0,1.0,5+/day,Pass
Male,North,MCA,Below 10th,English,4G/Good,No,4,7,26.5,73.8,7.7,5,7.15,77.5,75.4,3.0,4.0,5.0,4.0,5.0,63.0,1.0,3.0,3.0,3.0,5+/day,At-Risk
Male,South,B.Com,Post-Graduate,Regional,3G/Moderate,Yes,7,7,11.7,80.3,6.8,1,6.71,82.4,70.6,4.0,2.0,2.0,4.0,3.0,13.0,3.0,2.0,3.0,3.0,5+/day,Pass
Female,East,B.E.,12th Pass,Regional,4G/Good,Yes,7,8,21.6,86.0,6.5,5,7.36,69.4,65.9,3.0,2.0,4.0,1.0,4.0,63.0,4.0,4.0,2.0,7.0,5+/day,At-Risk
Male,North,B.Tech,10th Pass,English,4G/Good,Yes,4,5,22.1,83.4,5.4,0,5.77,58.4,93.6,5.0,5.0,4.0,2.0,4.0,88.0,4.0,3.0,1.0,7.0,5+/day,Pass
Female,North,BCA,12th Pass,Regional,2G/Slow,Yes,2,5,22.3,73.2,6.1,1,5.56,51.7,62.2,4.0,2.0,3.0,3.0,4.0,88.0,3.0,4.0,4.0,1.0,5+/day,Fail
Male,Central,B.Tech,Below 10th,English,4G/Good,No,9,6,13.8,93.9,7.8,0,4.22,45.6,49.2,2.0,2.0,1.0,4.0,5.0,88.0,4.0,3.0,2.0,7.0,3-5/day,At-Risk
Male,Northeast,B.Tech,Below 10th,Hindi,4G/Good,No,10,4,20.5,74.9,7.7,1,3.59,52.3,54.5,4.0,2.0,4.0,3.0,3.0,13.0,4.0,4.0,4.0,3.0,3-5/day,Fail
Male,North,B.Tech,12th Pass,Regional,3G/Moderate,No,10,7,25.8,79.2,6.9,3,6.13,46.4,34.5,2.0,2.0,5.0,3.0,5.0,38.0,4.0,2.0,3.0,3.0,5+/day,At-Risk
Female,South,B.E.,12th Pass,Hindi,5G/Excellent,No,3,4,4.8,100.0,5.1,4,5.65,47.6,48.2,4.0,3.0,4.0,4.0,2.0,38.0,2.0,3.0,4.0,5.0,Never,Pass
Male,South,B.Tech,12th Pass,Regional,4G/Good,No,1,7,17.9,100.0,5.8,2,5.37,53.8,43.2,1.0,2.0,3.0,3.0,1.0,63.0,4.0,3.0,4.0,3.0,5+/day,Pass
Male,West,B.Tech,10th Pass,Regional,3G/Moderate,No,8,6,25.0,95.8,4.5,1,4.11,28.2,34.5,2.0,3.0,2.0,2.0,5.0,63.0,3.0,3.0,4.0,3.0,5+/day,At-Risk
Female,East,BCA,12th Pass,Regional,2G/Slow,No,4,5,29.3,74.0,6.0,1,5.68,55.7,60.9,3.0,3.0,4.0,2.0,5.0,63.0,3.0,4.0,3.0,1.0,5+/day,Fail
Male,North,BCA,Below 10th,English,4G/Good,Yes,9,6,28.8,76.9,4.0,3,6.1,42.0,86.7,3.0,2.0,5.0,1.0,4.0,63.0,1.0,3.0,2.0,3.0,1-3/day,At-Risk
Female,West,BCA,12th Pass,English,4G/Good,No,8,7,24.6,72.6,6.0,3,4.52,49.2,39.0,3.0,2.0,5.0,2.0,4.0,63.0,4.0,3.0,3.0,5.0,5+/day,Fail
Female,South,BCA,12th Pass,Hindi,3G/Moderate,No,7,5,31.1,79.1,5.5,2,5.48,52.7,46.8,4.0,1.0,3.0,2.0,4.0,38.0,4.0,3.0,3.0,3.0,5+/day,At-Risk
Male,South,B.Tech,Graduate,Hindi,No Access,No,9,4,24.8,88.4,6.5,1,7.21,65.8,59.1,5.0,1.0,5.0,4.0,2.0,38.0,4.0,3.0,3.0,3.0,5+/day,Pass
Female,South,B.Tech,Graduate,Hindi,4G/Good,No,2,4,1.7,59.4,5.3,3,5.58,56.0,55.3,4.0,1.0,5.0,1.0,4.0,63.0,4.0,3.0,4.0,3.0,3-5/day,Fail
Male,East,B.Tech,Graduate,English,4G/Good,No,4,8,14.9,69.6,7.6,4,5.65,64.2,44.0,4.0,3.0,4.0,2.0,3.0,88.0,1.0,3.0,4.0,5.0,5+/day,Fail
Female,South,MCA,Post-Graduate,Regional,2G/Slow,No,5,4,28.0,83.3,4.0,0,6.25,53.4,43.8,4.0,3.0,4.0,3.0,3.0,88.0,3.0,4.0,4.0,5.0,5+/day,At-Risk
Male,North,BCA,Post-Graduate,Regional,4G/Good,No,5,8,14.4,80.8,4.1,0,5.55,52.8,57.4,4.0,2.0,3.0,1.0,5.0,38.0,3.0,3.0,2.0,3.0,5+/day,At-Risk
Female,South,B.Tech,Graduate,English,5G/Excellent,No,1,5,27.1,76.6,6.1,3,7.19,57.7,45.4,1.0,2.0,5.0,1.0,5.0,13.0,3.0,3.0,3.0,3.0,5+/day,Pass
Male,North,B.Tech,Post-Graduate,English,5G/Excellent,Yes,9,6,23.4,65.2,6.9,2,6.42,60.6,49.0,4.0,2.0,5.0,3.0,5.0,88.0,4.0,1.0,3.0,7.0,5+/day,Fail
Female,West,B.Com,Graduate,English,5G/Excellent,Yes,9,6,31.2,74.8,5.9,3,6.79,62.7,83.1,3.0,3.0,4.0,2.0,5.0,63.0,3.0,4.0,3.0,1.0,5+/day,At-Risk
Male,North,BCA,Graduate,English,5G/Excellent,No,5,5,15.0,76.2,6.0,3,6.38,47.3,53.5,4.0,1.0,5.0,2.0,5.0,38.0,4.0,4.0,2.0,3.0,1-3/day,Fail
Male,North,MCA,Below 10th,Hindi,3G/Moderate,Yes,10,5,5.1,66.0,6.6,0,3.84,50.9,26.9,3.0,4.0,5.0,4.0,5.0,88.0,2.0,4.0,3.0,5.0,5+/day,Fail
Male,West,B.Tech,Below 10th,Regional,3G/Moderate,Yes,3,7,16.5,72.0,7.2,3,5.39,57.7,66.9,4.0,2.0,5.0,2.0,3.0,63.0,3.0,2.0,3.0,3.0,3-5/day,Fail
Male,West,B.Tech,Graduate,English,4G/Good,No,8,4,8.0,79.7,5.9,2,5.95,67.7,54.4,1.0,5.0,4.0,3.0,4.0,38.0,3.0,3.0,4.0,7.0,5+/day,Pass
Female,Northeast,MCA,12th Pass,Hindi,4G/Good,No,7,4,14.8,87.7,6.8,0,5.2,56.3,41.6,2.0,2.0,3.0,3.0,4.0,38.0,3.0,3.0,3.0,3.0,5+/day,Pass
Male,East,BCA,Graduate,Hindi,5G/Excellent,No,5,4,0.0,93.0,8.0,5,4.6,56.4,48.3,2.0,2.0,1.0,4.0,5.0,88.0,4.0,3.0,2.0,7.0,3-5/day,At-Risk
Female,North,BCA,10th Pass,English,3G/Moderate,No,1,8,18.1,69.4,4.4,0,5.69,45.1,24.8,5.0,1.0,5.0,2.0,3.0,63.0,4.0,3.0,3.0,7.0,5+/day,Fail
Female,West,BCA,10th Pass,Hindi,4G/Good,No,7,4,21.0,77.8,8.4,0,5.88,52.3,60.5,1.0,2.0,4.0,4.0,4.0,88.0,4.0,4.0,4.0,5.0,3-5/day,At-Risk
Female,West,BCA,Graduate,Hindi,4G/Good,No,1,7,21.4,79.0,8.3,4,7.55,56.0,52.2,1.0,2.0,5.0,1.0,5.0,13.0,3.0,3.0,3.0,3.0,5+/day,Pass
Male,North,BCA,Post-Graduate,Regional,4G/Good,No,1,6,24.9,79.6,5.2,1,6.24,66.4,65.8,3.0,5.0,4.0,3.0,5.0,88.0,4.0,3.0,3.0,5.0,3-5/day,Pass
Male,Central,B.Tech,Below 10th,Hindi,4G/Good,No,9,6,20.3,78.8,7.3,3,4.12,41.8,82.8,4.0,2.0,4.0,1.0,4.0,88.0,2.0,4.0,3.0,5.0,5+/day,Fail
Female,North,B.E.,Graduate,Hindi,3G/Moderate,Yes,6,8,13.5,67.9,4.2,4,5.27,47.7,85.0,5.0,3.0,5.0,2.0,4.0,88.0,3.0,3.0,3.0,5.0,5+/day,Fail
Male,Central,M.Tech,Graduate,English,5G/Excellent,No,7,7,26.8,87.7,7.0,3,7.73,71.7,80.2,4.0,3.0,4.0,4.0,2.0,38.0,2.0,3.0,4.0,5.0,Never,Pass
Male,Northeast,B.Tech,10th Pass,English,4G/Good,No,2,5,23.0,78.2,8.5,2,6.08,57.9,81.9,4.0,2.0,1.0,2.0,5.0,88.0,1.0,4.0,2.0,1.0,5+/day,Pass
Female,West,B.E.,10th Pass,English,4G/Good,Yes,8,6,17.5,82.4,4.9,5,4.98,49.5,55.2,4.0,3.0,4.0,1.0,4.0,38.0,2.0,3.0,4.0,7.0,3-5/day,At-Risk
Female,Central,BCA,Below 10th,English,3G/Moderate,No,7,7,17.2,83.0,5.4,1,5.47,72.0,42.6,3.0,3.0,4.0,1.0,2.0,63.0,3.0,3.0,4.0,3.0,5+/day,At-Risk
Female,West,B.Com,Below 10th,English,4G/Good,No,5,5,13.6,74.7,7.0,3,4.52,35.4,28.2,5.0,2.0,4.0,1.0,4.0,63.0,4.0,1.0,4.0,1.0,3-5/day,Fail
Male,North,B.E.,12th Pass,English,3G/Moderate,Yes,8,8,27.1,91.2,6.0,3,6.41,51.0,56.2,3.0,4.0,4.0,3.0,3.0,38.0,3.0,3.0,4.0,7.0,5+/day,Pass
Female,South,B.E.,Below 10th,Hindi,3G/Moderate,No,2,4,18.3,76.6,6.8,1,4.46,52.6,23.3,4.0,3.0,4.0,2.0,3.0,88.0,1.0,2.0,3.0,5.0,5+/day,At-Risk
Male,North,MCA,10th Pass,Hindi,3G/Moderate,Yes,6,7,24.2,84.0,10.2,2,6.76,57.6,42.6,4.0,2.0,2.0,4.0,3.0,13.0,3.0,2.0,3.0,3.0,5+/day,Pass
Male,South,MCA,Graduate,English,No Access,Yes,4,6,4.0,83.1,5.9,2,4.96,37.3,62.9,1.0,4.0,2.0,3.0,4.0,63.0,2.0,3.0,4.0,7.0,5+/day,Pass
Female,West,BCA,12th Pass,English,4G/Good,No,7,8,19.0,85.1,4.1,3,5.9,30.0,53.5,5.0,2.0,4.0,3.0,4.0,63.0,4.0,3.0,3.0,5.0,5+/day,Fail
Male,South,B.E.,12th Pass,Hindi,4G/Good,No,6,7,20.0,94.9,5.5,1,5.41,46.1,41.3,5.0,1.0,4.0,3.0,5.0,88.0,4.0,2.0,3.0,5.0,5+/day,Fail
Male,South,B.Tech,10th Pass,English,5G/Excellent,Yes,6,8,9.8,73.3,6.8,0,7.21,67.3,63.6,4.0,4.0,3.0,2.0,4.0,38.0,3.0,3.0,3.0,7.0,5+/day,At-Risk
Male,East,BCA,Graduate,English,No Access,No,5,5,12.8,81.9,4.6,0,4.61,43.0,33.7,1.0,2.0,2.0,3.0,4.0,13.0,3.0,2.0,2.0,5.0,5+/day,Pass
Female,Northeast,M.Tech,Graduate,Hindi,No Access,Yes,5,7,23.3,81.5,5.5,5,6.43,59.8,74.1,2.0,5.0,2.0,5.0,5.0,63.0,2.0,2.0,3.0,3.0,3-5/day,Pass
Female,North,M.Tech,12th Pass,English,5G/Excellent,Yes,2,4,22.2,78.5,8.3,4,7.7,57.7,58.5,5.0,2.0,3.0,2.0,4.0,88.0,4.0,3.0,2.0,7.0,5+/day,At-Risk
Female,South,B.Tech,Post-Graduate,English,2G/Slow,Yes,7,5,20.1,87.9,8.9,5,6.52,68.3,52.4,2.0,3.0,3.0,3.0,5.0,13.0,3.0,4.0,4.0,7.0,5+/day,Pass
Female,North,B.E.,Graduate,English,No Access,Yes,7,4,27.1,68.0,5.9,1,6.21,51.6,56.6,2.0,2.0,3.0,3.0,4.0,38.0,3.0,3.0,3.0,3.0,5+/day,At-Risk
Male,West,B.E.,Graduate,English,3G/Moderate,Yes,8,8,22.0,98.8,5.9,2,8.49,86.2,65.7,3.0,2.0,5.0,2.0,4.0,63.0,4.0,3.0,3.0,5.0,5+/day,Pass
Male,North,B.Com,Graduate,Regional,5G/Excellent,No,4,4,27.8,99.3,4.7,4,7.46,70.3,85.6,3.0,5.0,3.0,2.0,3.0,88.0,2.0,3.0,2.0,3.0,1-3/day,Pass
Male,West,BCA,Below 10th,English,5G/Excellent,Yes,9,5,11.7,74.4,6.9,2,4.68,52.9,71.6,5.0,2.0,3.0,2.0,3.0,63.0,4.0,3.0,3.0,7.0,5+/day,Fail
Male,South,B.E.,10th Pass,Hindi,3G/Moderate,Yes,10,5,19.7,80.8,10.1,4,6.52,64.3,60.5,4.0,2.0,1.0,3.0,5.0,38.0,4.0,3.0,4.0,7.0,5+/day,At-Risk
Male,North,B.Tech,Below 10th,Hindi,4G/Good,No,3,5,18.7,60.5,5.9,2,3.99,40.1,70.6,5.0,2.0,4.0,1.0,2.0,38.0,4.0,3.0,3.0,1.0,1-3/day,Fail
Female,Central,BCA,Below 10th,English,4G/Good,Yes,3,8,9.5,74.2,6.0,3,7.6,68.8,73.6,5.0,5.0,4.0,2.0,4.0,88.0,4.0,3.0,1.0,7.0,5+/day,Fail
Male,North,B.Tech,10th Pass,English,5G/Excellent,No,2,6,30.4,100.0,7.2,2,8.1,69.3,69.2,2.0,3.0,2.0,3.0,1.0,13.0,1.0,3.0,1.0,1.0,1-3/day,Pass
Male,South,MCA,Graduate,Regional,2G/Slow,No,10,8,14.8,89.2,5.8,1,3.61,52.4,56.2,5.0,1.0,4.0,3.0,5.0,63.0,3.0,4.0,3.0,3.0,5+/day,Fail
Male,North,MCA,10th Pass,Regional,5G/Excellent,Yes,7,5,20.7,90.2,5.8,4,5.36,37.5,54.7,2.0,1.0,4.0,4.0,4.0,38.0,3.0,3.0,2.0,5.0,5+/day,Pass
Male,East,B.E.,Post-Graduate,English,3G/Moderate,No,10,8,14.6,76.1,8.6,0,5.73,72.3,55.7,5.0,3.0,4.0,2.0,2.0,63.0,3.0,3.0,1.0,3.0,5+/day,Pass
Female,East,B.E.,12th Pass,English,4G/Good,Yes,2,7,26.0,80.8,4.6,3,6.08,48.3,55.0,5.0,1.0,3.0,5.0,5.0,38.0,4.0,3.0,3.0,1.0,5+/day,Pass
Male,South,M.Tech,10th Pass,Regional,3G/Moderate,Yes,7,7,16.2,81.3,4.9,5,6.52,62.3,50.2,4.0,3.0,4.0,2.0,5.0,13.0,2.0,2.0,2.0,1.0,5+/day,Pass
Male,North,B.Tech,12th Pass,English,4G/Good,Yes,3,6,16.2,65.2,7.5,2,7.62,65.5,56.6,1.0,4.0,3.0,2.0,4.0,13.0,2.0,3.0,2.0,7.0,1-3/day,Pass
Female,South,B.Tech,10th Pass,English,4G/Good,No,1,8,18.2,83.4,6.3,0,7.23,68.5,41.0,1.0,1.0,4.0,2.0,4.0,88.0,2.0,4.0,3.0,7.0,5+/day,At-Risk
Male,West,B.Com,Post-Graduate,English,4G/Good,No,8,8,18.6,91.0,4.9,5,6.18,61.9,35.9,5.0,3.0,5.0,2.0,4.0,88.0,3.0,3.0,3.0,5.0,5+/day,At-Risk
Male,West,MCA,Graduate,English,4G/Good,No,8,7,14.2,100.0,6.9,5,8.18,79.8,57.3,4.0,5.0,4.0,2.0,3.0,38.0,1.0,4.0,2.0,3.0,1-3/day,Pass
Male,East,MCA,Below 10th,English,4G/Good,No,10,5,12.6,84.9,6.0,5,3.65,34.8,14.8,3.0,4.0,4.0,1.0,3.0,88.0,1.0,3.0,4.0,3.0,1-3/day,Fail
Female,East,B.Tech,Post-Graduate,Hindi,4G/Good,No,1,4,14.2,80.4,6.8,4,6.45,73.2,52.7,5.0,1.0,3.0,5.0,5.0,38.0,4.0,3.0,3.0,1.0,5+/day,Pass
Other,North,B.Tech,Graduate,Hindi,3G/Moderate,Yes,6,5,16.9,80.4,6.1,3,5.41,62.9,37.5,4.0,3.0,4.0,2.0,5.0,13.0,2.0,2.0,2.0,1.0,5+/day,Pass
Female,South,B.Tech,Below 10th,Hindi,4G/Good,No,4,6,19.9,86.4,4.3,5,5.78,51.5,60.3,2.0,3.0,4.0,3.0,3.0,63.0,3.0,3.0,1.0,1.0,3-5/day,Pass
Male,North,B.Tech,Graduate,English,3G/Moderate,No,5,4,15.2,91.2,8.1,3,5.96,76.2,64.2,2.0,1.0,4.0,4.0,4.0,38.0,3.0,3.0,2.0,5.0,5+/day,Pass
Female,North,MCA,12th Pass,English,4G/Good,No,8,5,10.0,94.8,9.0,3,5.62,46.4,43.4,3.0,3.0,3.0,1.0,3.0,13.0,4.0,3.0,3.0,3.0,5+/day,Pass
Male,North,B.Tech,10th Pass,Hindi,4G/Good,Yes,8,8,9.5,56.5,5.1,5,6.27,65.7,79.5,4.0,2.0,3.0,2.0,5.0,88.0,2.0,3.0,3.0,7.0,3-5/day,Fail
Male,East,BCA,Graduate,English,4G/Good,No,7,8,11.6,94.8,8.9,0,6.79,62.5,53.3,5.0,1.0,3.0,5.0,5.0,38.0,4.0,3.0,3.0,1.0,5+/day,At-Risk
Male,East,B.Tech,Below 10th,English,4G/Good,Yes,5,7,20.3,67.6,6.3,5,5.87,47.2,67.2,2.0,1.0,3.0,4.0,2.0,38.0,2.0,3.0,1.0,5.0,5+/day,At-Risk
Male,Central,B.E.,12th Pass,English,3G/Moderate,No,6,8,24.1,70.2,3.0,4,5.41,77.8,43.9,5.0,1.0,4.0,3.0,5.0,88.0,4.0,2.0,3.0,5.0,5+/day,Fail
Male,North,B.Com,Below 10th,English,4G/Good,Yes,8,8,10.3,79.5,7.1,2,5.19,53.4,58.1,2.0,5.0,2.0,5.0,5.0,63.0,2.0,2.0,3.0,3.0,3-5/day,Pass
Female,West,B.Tech,Post-Graduate,Regional,4G/Good,No,5,6,21.0,88.0,3.2,4,7.0,59.0,64.0,4.0,2.0,2.0,2.0,4.0,38.0,2.0,3.0,2.0,7.0,5+/day,Pass
Female,Northeast,B.E.,Graduate,Hindi,5G/Excellent,Yes,3,4,20.6,66.2,5.8,3,5.82,56.7,49.0,4.0,2.0,5.0,3.0,1.0,38.0,1.0,3.0,3.0,3.0,3-5/day,At-Risk
Male,East,B.Tech,10th Pass,English,3G/Moderate,No,9,5,30.8,74.9,7.6,4,7.33,74.2,80.4,5.0,3.0,5.0,1.0,4.0,88.0,3.0,4.0,4.0,5.0,5+/day,Fail
Male,South,B.Tech,10th Pass,Hindi,4G/Good,Yes,9,5,34.3,85.4,7.2,2,7.25,54.9,60.9,3.0,5.0,5.0,1.0,5.0,38.0,3.0,3.0,4.0,7.0,3-5/day,Pass
Male,South,B.E.,10th Pass,English,4G/Good,No,10,6,25.4,87.8,5.4,5,4.22,43.1,42.8,2.0,2.0,4.0,2.0,3.0,13.0,4.0,4.0,2.0,3.0,5+/day,At-Risk
Male,North,B.E.,Graduate,English,5G/Excellent,No,1,4,22.9,87.5,7.4,5,7.4,72.0,75.5,5.0,2.0,4.0,2.0,4.0,38.0,3.0,3.0,2.0,1.0,5+/day,Pass
Female,South,BCA,Below 10th,English,4G/Good,Yes,7,8,21.7,93.3,7.9,5,4.66,52.4,27.3,4.0,2.0,1.0,2.0,5.0,88.0,1.0,4.0,2.0,1.0,5+/day,At-Risk
Male,West,MCA,Graduate,Hindi,4G/Good,No,4,6,12.9,95.7,5.6,4,5.99,57.5,66.9,2.0,4.0,4.0,5.0,4.0,13.0,4.0,3.0,3.0,1.0,5+/day,Pass
Female,North,B.E.,Post-Graduate,English,4G/Good,Yes,6,8,10.0,83.3,6.0,5,6.2,35.8,66.1,4.0,3.0,4.0,2.0,5.0,88.0,4.0,3.0,3.0,1.0,5+/day,At-Risk
Male,North,B.Tech,Graduate,English,3G/Moderate,No,7,5,7.1,81.2,6.8,5,3.94,36.2,37.7,5.0,2.0,5.0,5.0,3.0,63.0,3.0,2.0,4.0,7.0,5+/day,At-Risk
Male,West,BCA,10th Pass,English,4G/Good,No,8,6,19.1,72.5,4.8,5,6.21,66.5,54.8,3.0,4.0,4.0,3.0,5.0,38.0,2.0,2.0,3.0,7.0,5+/day,At-Risk
Male,West,B.Tech,10th Pass,English,5G/Excellent,Yes,5,6,12.7,75.1,5.3,3,7.7,80.4,50.3,5.0,1.0,5.0,4.0,2.0,38.0,4.0,3.0,3.0,3.0,5+/day,Pass
Male,South,BCA,12th Pass,Hindi,2G/Slow,No,5,6,23.6,65.6,8.0,3,5.3,51.9,83.4,1.0,1.0,4.0,2.0,4.0,88.0,2.0,4.0,3.0,7.0,5+/day,Fail
Male,West,BCA,12th Pass,Regional,4G/Good,Yes,6,5,10.1,98.7,9.9,2,5.89,51.2,38.2,3.0,3.0,4.0,1.0,2.0,63.0,3.0,3.0,4.0,3.0,5+/day,At-Risk
Female,South,B.Tech,Graduate,Hindi,5G/Excellent,Yes,7,5,19.8,81.2,7.4,1,6.91,64.4,47.3,3.0,1.0,4.0,4.0,5.0,63.0,3.0,4.0,3.0,3.0,5+/day,Pass
Male,North,MCA,12th Pass,Hindi,2G/Slow,Yes,5,7,12.7,90.9,6.9,4,5.46,62.8,80.3,3.0,1.0,4.0,3.0,5.0,63.0,3.0,4.0,4.0,7.0,3-5/day,At-Risk
Female,South,B.Com,10th Pass,Regional,4G/Good,Yes,5,5,8.3,100.0,9.2,3,5.97,53.7,84.7,3.0,2.0,3.0,2.0,1.0,63.0,2.0,4.0,2.0,7.0,3-5/day,Pass
Male,East,MCA,Graduate,English,5G/Excellent,No,4,5,12.3,100.0,5.1,5,7.44,96.1,50.8,5.0,1.0,4.0,4.0,3.0,38.0,1.0,1.0,2.0,7.0,5+/day,Pass
Male,Central,B.Tech,Below 10th,English,5G/Excellent,No,1,8,13.5,95.3,6.6,4,6.4,39.8,71.8,5.0,2.0,5.0,2.0,3.0,88.0,3.0,2.0,3.0,7.0,3-5/day,At-Risk
Male,North,BCA,12th Pass,English,4G/Good,No,7,5,17.9,77.5,7.7,2,5.71,63.4,63.5,2.0,3.0,2.0,3.0,1.0,13.0,1.0,3.0,1.0,1.0,1-3/day,Pass
Female,East,B.Com,Graduate,English,No Access,Yes,7,4,13.8,91.6,5.3,0,6.36,54.0,51.1,4.0,2.0,4.0,2.0,3.0,63.0,3.0,4.0,2.0,7.0,5+/day,At-Risk
Male,South,B.Tech,Below 10th,English,2G/Slow,No,6,8,11.5,81.9,4.0,0,4.56,31.6,42.2,4.0,3.0,4.0,1.0,2.0,13.0,1.0,4.0,4.0,7.0,5+/day,At-Risk
Female,East,MCA,Graduate,English,4G/Good,Yes,10,7,12.4,70.7,7.7,5,5.77,58.2,53.4,5.0,2.0,3.0,2.0,5.0,88.0,4.0,4.0,2.0,5.0,5+/day,Fail
Male,North,B.Tech,Graduate,English,2G/Slow,Yes,2,4,0.0,71.1,7.9,5,5.15,49.2,70.1,3.0,3.0,4.0,1.0,5.0,63.0,3.0,2.0,4.0,3.0,5+/day,Fail
Female,South,B.Tech,Graduate,Hindi,2G/Slow,No,2,7,15.3,92.2,7.8,3,6.5,55.3,78.6,4.0,2.0,3.0,5.0,5.0,13.0,3.0,4.0,3.0,7.0,5+/day,Pass
Male,Northeast,MCA,Below 10th,Regional,4G/Good,No,6,6,18.2,90.8,7.8,2,5.31,45.1,42.7,4.0,4.0,3.0,4.0,5.0,38.0,3.0,2.0,1.0,3.0,5+/day,Pass
Female,East,MCA,10th Pass,English,4G/Good,No,9,6,15.0,96.6,6.6,2,4.65,45.1,50.9,4.0,5.0,4.0,3.0,5.0,88.0,3.0,3.0,4.0,7.0,5+/day,At-Risk
Female,South,MCA,10th Pass,English,5G/Excellent,No,5,6,19.4,79.2,6.7,4,6.62,63.1,53.4,5.0,3.0,4.0,3.0,1.0,88.0,3.0,2.0,2.0,7.0,5+/day,Pass
Female,South,B.Com,10th Pass,Hindi,2G/Slow,Yes,7,5,24.8,76.7,6.8,3,6.48,64.6,22.5,4.0,2.0,5.0,3.0,1.0,38.0,1.0,3.0,3.0,3.0,3-5/day,Pass
Male,South,B.Tech,Post-Graduate,English,3G/Moderate,Yes,2,5,25.4,68.9,8.2,0,8.63,91.6,82.3,4.0,1.0,5.0,3.0,2.0,38.0,3.0,3.0,3.0,1.0,5+/day,Pass
Male,South,B.Tech,Graduate,English,5G/Excellent,No,6,8,24.8,62.1,6.9,2,6.46,73.2,55.7,5.0,2.0,4.0,1.0,4.0,63.0,4.0,1.0,4.0,1.0,3-5/day,Fail
Male,Northeast,B.Com,10th Pass,English,4G/Good,No,6,4,13.7,71.8,6.6,5,4.6,45.8,35.5,4.0,4.0,3.0,4.0,5.0,63.0,4.0,4.0,4.0,5.0,Never,Fail
Female,Central,B.Tech,Post-Graduate,Hindi,5G/Excellent,Yes,10,4,11.5,74.2,7.0,2,6.12,39.5,56.2,1.0,1.0,4.0,2.0,4.0,88.0,2.0,4.0,3.0,7.0,5+/day,Fail
Female,South,BCA,Graduate,Regional,5G/Excellent,No,6,6,14.1,68.4,7.2,0,6.06,49.2,43.7,3.0,2.0,5.0,3.0,4.0,38.0,3.0,3.0,2.0,1.0,5+/day,Fail
Female,South,B.E.,10th Pass,Hindi,5G/Excellent,No,6,6,22.2,75.8,4.9,4,7.28,92.8,87.8,3.0,3.0,4.0,1.0,2.0,63.0,3.0,3.0,4.0,3.0,5+/day,Pass
Male,Northeast,B.Tech,10th Pass,English,4G/Good,No,4,5,20.2,100.0,8.6,4,5.39,72.7,68.2,4.0,1.0,4.0,4.0,4.0,38.0,3.0,4.0,4.0,1.0,5+/day,Pass
Male,South,B.Tech,10th Pass,English,3G/Moderate,Yes,5,7,12.7,73.7,5.5,4,6.02,60.6,66.9,5.0,5.0,3.0,1.0,3.0,13.0,2.0,3.0,4.0,5.0,3-5/day,At-Risk
Male,East,B.E.,Post-Graduate,English,4G/Good,No,4,4,25.5,59.8,6.6,4,7.46,62.7,54.1,3.0,5.0,3.0,2.0,3.0,88.0,2.0,3.0,2.0,3.0,1-3/day,Fail
Female,North,M.Tech,12th Pass,Regional,4G/Good,Yes,6,4,10.2,83.8,5.1,3,6.38,48.6,55.5,1.0,3.0,5.0,5.0,4.0,0.0,3.0,3.0,4.0,3.0,3-5/day,Pass
Female,West,BCA,Graduate,Hindi,3G/Moderate,Yes,9,7,14.3,89.7,6.2,4,4.9,45.6,34.3,4.0,3.0,3.0,1.0,1.0,63.0,4.0,3.0,3.0,5.0,5+/day,At-Risk
Female,East,BCA,10th Pass,English,4G/Good,No,5,4,19.5,71.4,7.3,4,6.43,61.8,58.3,5.0,1.0,5.0,2.0,2.0,38.0,3.0,1.0,3.0,5.0,5+/day,Fail
Male,Northeast,B.E.,Graduate,Hindi,2G/Slow,No,5,4,23.8,91.1,7.0,3,4.64,36.7,39.9,5.0,2.0,3.0,1.0,4.0,13.0,3.0,2.0,4.0,5.0,5+/day,At-Risk
Female,West,B.Tech,Below 10th,English,4G/Good,No,3,5,26.1,100.0,5.7,2,5.7,37.1,54.3,4.0,3.0,4.0,3.0,3.0,88.0,3.0,4.0,4.0,5.0,5+/day,At-Risk
Female,North,B.Tech,Post-Graduate,Regional,No Access,Yes,7,4,20.1,79.2,5.5,1,6.76,50.0,73.3,5.0,5.0,5.0,4.0,5.0,88.0,4.0,4.0,4.0,3.0,5+/day,At-Risk
Male,West,B.E.,Post-Graduate,Regional,4G/Good,No,5,6,9.3,90.9,6.9,4,5.17,68.5,54.5,4.0,2.0,4.0,2.0,3.0,63.0,3.0,4.0,2.0,7.0,5+/day,At-Risk
Female,Northeast,B.Tech,10th Pass,English,5G/Excellent,Yes,2,6,25.4,93.1,8.1,1,8.38,71.3,65.3,4.0,2.0,3.0,5.0,5.0,13.0,3.0,4.0,3.0,7.0,5+/day,Pass
Female,South,B.Tech,Graduate,Hindi,2G/Slow,No,9,8,10.7,86.9,8.7,5,5.13,53.7,38.4,1.0,3.0,4.0,3.0,4.0,38.0,2.0,3.0,3.0,3.0,1-3/day,Pass
Female,North,B.E.,Graduate,Hindi,4G/Good,Yes,5,5,14.6,92.9,9.5,0,7.91,73.7,29.6,2.0,4.0,4.0,2.0,3.0,38.0,2.0,3.0,4.0,3.0,5+/day,Pass
Female,North,B.E.,Post-Graduate,English,3G/Moderate,Yes,7,5,11.1,88.4,5.4,1,5.96,59.3,71.7,4.0,1.0,4.0,2.0,4.0,38.0,3.0,2.0,3.0,5.0,3-5/day,At-Risk
Male,South,B.Tech,10th Pass,Hindi,5G/Excellent,Yes,7,6,17.4,70.6,5.3,0,5.61,39.7,59.1,3.0,3.0,4.0,2.0,5.0,88.0,2.0,3.0,3.0,7.0,5+/day,Fail
Male,South,BCA,12th Pass,Hindi,5G/Excellent,Yes,10,5,10.9,55.1,6.3,1,5.34,70.6,72.9,5.0,1.0,5.0,1.0,5.0,38.0,1.0,3.0,2.0,3.0,5+/day,Fail
Female,East,B.E.,Graduate,English,5G/Excellent,No,8,5,21.3,84.2,6.2,4,7.35,69.3,56.7,3.0,1.0,4.0,2.0,2.0,38.0,3.0,1.0,4.0,7.0,3-5/day,Pass
Male,North,B.Tech,Graduate,Hindi,5G/Excellent,No,4,8,20.9,79.2,4.4,5,7.47,61.6,31.6,4.0,1.0,1.0,4.0,5.0,88.0,1.0,3.0,3.0,1.0,5+/day,Pass
Female,Northeast,B.Com,10th Pass,Hindi,4G/Good,Yes,7,7,23.3,62.5,7.8,1,5.56,51.7,61.3,4.0,3.0,4.0,2.0,3.0,88.0,1.0,3.0,4.0,5.0,5+/day,Fail
Female,South,B.Tech,Graduate,English,3G/Moderate,No,3,4,20.0,79.4,5.3,2,8.24,66.2,54.1,4.0,1.0,5.0,2.0,5.0,38.0,4.0,4.0,2.0,3.0,1-3/day,At-Risk
Female,North,M.Tech,Below 10th,English,3G/Moderate,No,9,8,19.6,80.4,5.5,5,4.14,36.9,65.7,4.0,3.0,4.0,4.0,4.0,88.0,3.0,3.0,4.0,3.0,5+/day,At-Risk
Other,East,B.Tech,Graduate,Hindi,4G/Good,No,8,7,11.1,85.6,7.1,1,5.38,56.6,36.7,2.0,5.0,2.0,5.0,5.0,63.0,2.0,2.0,3.0,3.0,3-5/day,Pass
Male,East,M.Tech,10th Pass,English,4G/Good,Yes,10,4,13.3,95.4,4.7,0,6.64,22.6,58.6,5.0,1.0,4.0,3.0,5.0,88.0,4.0,2.0,3.0,5.0,5+/day,Fail
Male,North,B.Tech,10th Pass,Regional,4G/Good,No,9,6,17.3,72.3,6.1,2,5.15,43.4,57.8,3.0,4.0,4.0,2.0,5.0,63.0,3.0,4.0,4.0,5.0,3-5/day,Fail
Male,South,MCA,12th Pass,English,3G/Moderate,Yes,2,7,17.9,57.2,7.6,5,7.76,56.9,71.5,3.0,3.0,5.0,3.0,4.0,38.0,3.0,4.0,4.0,3.0,5+/day,Fail
Male,North,B.E.,12th Pass,English,2G/Slow,No,4,4,15.7,77.2,6.6,1,5.41,54.4,51.3,4.0,3.0,1.0,5.0,5.0,38.0,3.0,4.0,2.0,5.0,1-3/day,Pass
Male,West,BCA,12th Pass,English,4G/Good,No,1,8,21.9,91.8,7.6,0,7.84,49.2,63.7,4.0,1.0,4.0,4.0,4.0,38.0,3.0,4.0,4.0,1.0,5+/day,Pass
Male,West,B.E.,12th Pass,Hindi,3G/Moderate,Yes,8,4,34.2,98.1,8.0,5,6.43,40.9,73.8,3.0,3.0,4.0,1.0,4.0,88.0,2.0,4.0,3.0,1.0,3-5/day,Pass
Female,South,B.Tech,10th Pass,Hindi,4G/Good,No,4,5,20.8,74.8,6.4,0,5.32,45.0,48.3,3.0,2.0,5.0,2.0,4.0,63.0,4.0,3.0,3.0,5.0,5+/day,Fail
Female,West,MCA,10th Pass,English,4G/Good,Yes,4,4,13.3,89.0,3.0,4,5.6,60.1,56.9,4.0,3.0,4.0,4.0,4.0,88.0,3.0,3.0,4.0,3.0,5+/day,Pass
Male,West,B.Tech,Graduate,English,4G/Good,Yes,7,6,23.5,68.8,8.3,0,6.24,78.7,77.2,4.0,4.0,5.0,2.0,5.0,63.0,3.0,3.0,4.0,7.0,5+/day,Fail
Male,North,B.Com,10th Pass,Regional,2G/Slow,Yes,6,8,13.6,82.1,6.4,5,4.55,56.4,50.4,5.0,5.0,3.0,1.0,3.0,13.0,2.0,3.0,4.0,5.0,3-5/day,Pass
Female,Central,B.Tech,12th Pass,English,5G/Excellent,No,3,7,20.5,47.8,7.7,2,6.03,58.6,38.0,2.0,5.0,2.0,5.0,5.0,63.0,2.0,2.0,3.0,3.0,3-5/day,At-Risk
Male,Northeast,B.E.,12th Pass,English,No Access,No,8,4,21.3,78.1,8.6,3,4.72,62.6,60.9,5.0,1.0,4.0,3.0,5.0,63.0,3.0,4.0,3.0,3.0,5+/day,Fail
Male,North,BCA,Post-Graduate,English,3G/Moderate,Yes,2,8,19.6,85.8,3.8,0,7.38,69.2,62.4,1.0,3.0,5.0,5.0,4.0,0.0,3.0,3.0,4.0,3.0,3-5/day,Pass
Male,North,B.E.,Graduate,English,4G/Good,Yes,1,6,13.8,76.5,6.5,2,7.89,87.0,79.1,3.0,3.0,4.0,1.0,4.0,63.0,3.0,1.0,4.0,7.0,1-3/day,Pass
Female,North,B.Tech,Below 10th,English,No Access,Yes,2,7,18.5,65.2,8.8,5,5.65,54.6,44.6,2.0,2.0,3.0,4.0,4.0,88.0,4.0,3.0,4.0,1.0,5+/day,Fail
Male,North,MCA,Graduate,English,2G/Slow,No,9,4,14.5,82.9,6.2,3,3.68,66.1,35.3,4.0,3.0,5.0,2.0,4.0,38.0,3.0,3.0,3.0,5.0,5+/day,At-Risk
Female,West,MCA,Post-Graduate,English,2G/Slow,No,5,6,14.4,100.0,8.0,1,5.7,36.1,55.1,4.0,3.0,4.0,3.0,4.0,88.0,1.0,2.0,3.0,5.0,1-3/day,At-Risk
Male,South,B.Com,12th Pass,Regional,4G/Good,No,5,5,6.5,72.0,4.9,0,5.56,59.6,45.5,4.0,3.0,4.0,1.0,4.0,38.0,2.0,3.0,4.0,7.0,3-5/day,Fail
Male,West,B.E.,Post-Graduate,English,5G/Excellent,No,6,8,17.1,73.4,7.2,4,6.64,46.9,54.5,3.0,3.0,4.0,2.0,5.0,88.0,2.0,3.0,3.0,7.0,5+/day,Fail
Male,West,B.E.,12th Pass,Regional,4G/Good,No,3,8,33.2,79.1,4.6,1,5.73,60.9,74.7,5.0,2.0,3.0,2.0,4.0,88.0,4.0,3.0,2.0,7.0,5+/day,At-Risk
Male,East,B.E.,12th Pass,Hindi,4G/Good,Yes,1,4,0.5,100.0,7.9,4,5.55,59.0,51.1,2.0,4.0,5.0,1.0,2.0,63.0,3.0,3.0,3.0,5.0,5+/day,Pass
Female,West,B.Tech,10th Pass,English,3G/Moderate,Yes,8,6,2.4,66.0,5.8,2,4.37,55.9,21.9,4.0,3.0,4.0,4.0,2.0,38.0,2.0,3.0,4.0,5.0,Never,Fail
Female,North,MCA,Graduate,Hindi,No Access,No,7,7,18.4,72.8,8.6,2,5.39,59.4,64.6,5.0,1.0,5.0,2.0,2.0,38.0,3.0,1.0,3.0,5.0,5+/day,Fail
Female,South,B.Tech,10th Pass,English,No Access,No,8,7,23.3,90.1,8.7,5,4.93,58.4,60.3,1.0,2.0,2.0,3.0,4.0,13.0,3.0,2.0,2.0,5.0,5+/day,Pass
Female,West,B.E.,Below 10th,English,5G/Excellent,No,9,7,8.6,67.2,5.6,3,4.68,56.5,68.3,4.0,4.0,2.0,4.0,4.0,13.0,1.0,1.0,1.0,3.0,5+/day,Pass
Female,North,B.E.,Below 10th,Regional,2G/Slow,Yes,2,7,19.5,71.7,9.0,4,6.58,59.5,55.3,5.0,2.0,4.0,1.0,4.0,63.0,4.0,1.0,4.0,1.0,3-5/day,Fail
Female,North,BCA,10th Pass,Hindi,5G/Excellent,Yes,5,4,16.9,100.0,5.6,2,6.92,62.4,52.2,5.0,4.0,3.0,2.0,4.0,88.0,1.0,3.0,3.0,3.0,5+/day,Pass
Female,Northeast,B.Com,10th Pass,Regional,3G/Moderate,No,2,4,13.8,100.0,7.5,5,6.11,84.7,66.7,5.0,2.0,5.0,5.0,3.0,63.0,3.0,2.0,4.0,7.0,5+/day,Pass
Male,West,BCA,12th Pass,Regional,4G/Good,No,8,8,20.7,89.1,6.5,4,3.99,37.5,45.8,5.0,2.0,3.0,1.0,4.0,13.0,3.0,2.0,4.0,5.0,5+/day,Fail
Male,South,B.E.,10th Pass,English,5G/Excellent,No,4,6,10.9,85.9,5.9,2,4.92,43.7,66.7,4.0,2.0,5.0,3.0,5.0,88.0,4.0,1.0,3.0,7.0,5+/day,Fail
Male,West,MCA,Post-Graduate,English,4G/Good,Yes,4,5,25.1,75.0,7.7,4,7.91,83.1,81.3,5.0,1.0,5.0,1.0,5.0,38.0,1.0,3.0,2.0,3.0,5+/day,Pass
Female,West,BCA,10th Pass,English,4G/Good,No,10,4,4.6,82.1,5.7,5,3.53,39.8,44.6,4.0,1.0,5.0,2.0,4.0,63.0,3.0,3.0,3.0,3.0,3-5/day,Fail
Male,South,B.Tech,12th Pass,Regional,4G/Good,No,8,7,17.4,72.8,5.6,3,5.05,66.2,35.4,4.0,2.0,3.0,1.0,5.0,38.0,2.0,4.0,3.0,1.0,3-5/day,Fail
Male,North,B.Tech,Below 10th,Regional,3G/Moderate,Yes,7,5,18.8,100.0,6.5,1,6.77,54.4,71.9,4.0,4.0,3.0,2.0,4.0,38.0,3.0,3.0,3.0,7.0,5+/day,Pass
Female,Central,B.Tech,10th Pass,Hindi,3G/Moderate,Yes,1,8,16.8,83.8,7.9,0,5.86,64.4,64.6,4.0,2.0,4.0,3.0,4.0,63.0,3.0,4.0,3.0,3.0,5+/day,Pass
Female,South,B.E.,Below 10th,English,5G/Excellent,No,7,7,14.4,80.1,6.9,2,5.43,44.3,62.1,5.0,1.0,4.0,1.0,3.0,38.0,3.0,2.0,3.0,7.0,5+/day,Fail
Female,North,MCA,12th Pass,English,3G/Moderate,No,10,6,22.4,82.7,6.0,5,6.3,67.2,45.4,3.0,5.0,3.0,2.0,3.0,88.0,2.0,3.0,2.0,3.0,1-3/day,Pass
Male,East,B.Tech,Graduate,Regional,3G/Moderate,No,3,5,15.1,74.4,5.7,5,4.34,41.5,54.7,3.0,3.0,5.0,3.0,4.0,38.0,3.0,4.0,4.0,3.0,5+/day,Fail
Female,West,B.E.,10th Pass,Regional,5G/Excellent,No,5,8,7.4,88.2,6.2,5,4.43,48.8,20.1,5.0,4.0,4.0,1.0,4.0,63.0,4.0,3.0,2.0,1.0,5+/day,At-Risk
Male,North,B.Com,10th Pass,English,3G/Moderate,Yes,8,4,13.2,79.4,7.3,5,5.27,46.5,40.5,5.0,3.0,4.0,4.0,4.0,88.0,3.0,3.0,3.0,3.0,5+/day,At-Risk
Male,South,MCA,Below 10th,English,4G/Good,Yes,6,6,18.7,100.0,4.9,5,6.41,59.0,58.7,4.0,3.0,4.0,1.0,4.0,38.0,2.0,3.0,4.0,7.0,3-5/day,At-Risk
Male,North,BCA,Graduate,English,5G/Excellent,No,8,7,14.2,76.8,5.5,4,5.36,63.4,59.1,4.0,1.0,3.0,2.0,4.0,38.0,4.0,3.0,3.0,3.0,5+/day,At-Risk
Male,Central,B.Tech,Graduate,English,4G/Good,No,5,5,15.7,92.0,7.7,2,6.89,71.9,71.4,4.0,2.0,4.0,1.0,4.0,63.0,3.0,1.0,4.0,3.0,5+/day,Pass
Male,North,B.Tech,Below 10th,Regional,4G/Good,No,10,8,23.4,100.0,5.3,2,4.19,48.1,29.0,4.0,5.0,3.0,4.0,4.0,38.0,3.0,2.0,3.0,3.0,5+/day,Pass
Female,East,B.Tech,10th Pass,Hindi,5G/Excellent,Yes,9,5,13.8,48.5,5.6,0,4.74,72.6,66.3,1.0,2.0,5.0,3.0,3.0,38.0,3.0,4.0,3.0,1.0,3-5/day,Fail
Male,Central,B.Tech,Post-Graduate,Hindi,3G/Moderate,Yes,6,6,17.3,76.8,6.5,3,6.08,65.8,46.0,3.0,4.0,3.0,5.0,5.0,63.0,3.0,2.0,3.0,3.0,3-5/day,Pass
Female,North,B.Tech,10th Pass,English,3G/Moderate,Yes,9,4,16.6,100.0,5.3,0,5.91,50.4,49.9,5.0,3.0,4.0,3.0,1.0,88.0,3.0,2.0,2.0,7.0,5+/day,Pass
Female,Central,BCA,12th Pass,English,4G/Good,Yes,4,4,25.5,55.0,5.8,1,6.74,59.9,56.1,4.0,3.0,4.0,3.0,4.0,38.0,1.0,4.0,4.0,5.0,3-5/day,Fail
Male,Central,B.Tech,10th Pass,English,4G/Good,No,2,6,18.3,96.3,6.7,1,6.01,58.0,34.5,3.0,3.0,4.0,4.0,5.0,13.0,4.0,3.0,3.0,3.0,5+/day,Pass
Male,Central,B.Tech,12th Pass,Regional,No Access,No,8,7,23.6,85.9,7.6,1,4.75,62.6,37.1,5.0,4.0,4.0,4.0,4.0,38.0,3.0,1.0,3.0,7.0,5+/day,At-Risk
Male,North,B.Tech,Post-Graduate,Hindi,4G/Good,Yes,5,5,13.0,100.0,5.4,1,7.14,77.0,66.1,4.0,2.0,3.0,2.0,5.0,38.0,3.0,2.0,2.0,5.0,5+/day,Pass
Female,West,BCA,Post-Graduate,English,3G/Moderate,No,2,7,30.3,78.4,5.3,1,5.71,50.1,74.1,4.0,2.0,1.0,3.0,5.0,38.0,4.0,3.0,4.0,7.0,5+/day,Pass
Male,West,BCA,Graduate,English,3G/Moderate,No,6,8,23.8,85.2,8.2,4,6.72,71.7,66.1,4.0,1.0,5.0,2.0,4.0,88.0,3.0,4.0,4.0,5.0,5+/day,Fail
Male,Central,BCA,12th Pass,English,4G/Good,Yes,3,7,29.6,68.0,5.5,2,7.24,63.4,77.0,4.0,1.0,4.0,2.0,4.0,38.0,3.0,2.0,3.0,5.0,3-5/day,Fail
Male,North,B.Tech,12th Pass,English,3G/Moderate,No,1,6,19.4,79.3,5.4,4,8.41,64.5,54.7,3.0,3.0,3.0,3.0,3.0,88.0,2.0,2.0,2.0,7.0,5+/day,Pass
Female,West,B.E.,10th Pass,Hindi,4G/Good,Yes,6,4,13.8,72.7,3.5,4,5.71,62.6,58.4,4.0,2.0,4.0,3.0,4.0,38.0,3.0,3.0,4.0,5.0,3-5/day,Fail
Female,South,B.Tech,Post-Graduate,Hindi,4G/Good,No,8,6,16.4,75.0,8.2,0,5.89,44.8,57.1,3.0,1.0,2.0,3.0,2.0,38.0,3.0,2.0,1.0,1.0,3-5/day,Pass
Male,North,B.Tech,Graduate,English,3G/Moderate,Yes,1,6,19.5,83.8,8.6,0,8.92,80.2,69.9,4.0,1.0,4.0,2.0,4.0,38.0,3.0,2.0,3.0,5.0,3-5/day,Pass
Female,South,M.Tech,12th Pass,Regional,3G/Moderate,Yes,3,5,19.4,72.6,6.5,4,6.13,64.7,54.4,5.0,2.0,5.0,5.0,5.0,88.0,4.0,3.0,3.0,3.0,5+/day,Fail
Female,West,B.Com,Below 10th,Hindi,3G/Moderate,No,6,6,15.1,55.2,6.8,1,4.17,39.8,22.4,5.0,1.0,4.0,1.0,3.0,38.0,3.0,2.0,3.0,7.0,5+/day,Fail
Female,South,BCA,12th Pass,English,2G/Slow,Yes,10,8,17.9,84.9,6.5,3,5.07,45.4,56.0,3.0,3.0,1.0,1.0,1.0,88.0,4.0,3.0,3.0,5.0,1-3/day,Pass
Female,East,B.Com,Post-Graduate,English,4G/Good,Yes,3,5,19.8,84.6,4.9,2,8.29,72.3,70.9,4.0,2.0,5.0,3.0,1.0,88.0,3.0,3.0,4.0,5.0,1-3/day,Pass
Female,Central,BCA,12th Pass,Regional,4G/Good,Yes,7,5,12.3,90.9,7.4,1,7.18,86.5,62.4,4.0,3.0,4.0,4.0,4.0,38.0,1.0,2.0,2.0,1.0,5+/day,Pass
Female,South,B.Tech,10th Pass,Hindi,3G/Moderate,No,6,7,15.4,81.9,8.6,0,5.73,48.3,67.3,2.0,5.0,2.0,5.0,5.0,63.0,2.0,2.0,3.0,3.0,3-5/day,Pass
Female,East,B.Com,Below 10th,English,4G/Good,No,9,6,27.4,69.0,6.5,4,5.5,59.2,69.9,5.0,3.0,5.0,1.0,4.0,88.0,3.0,4.0,4.0,5.0,5+/day,Fail
Male,South,B.Tech,10th Pass,Hindi,5G/Excellent,Yes,6,7,26.4,100.0,7.6,5,6.86,57.8,55.9,5.0,5.0,4.0,2.0,4.0,88.0,4.0,3.0,1.0,7.0,5+/day,Pass
Male,South,BCA,Post-Graduate,English,2G/Slow,Yes,7,7,12.4,77.9,5.2,5,4.28,54.5,82.2,4.0,4.0,5.0,2.0,5.0,63.0,3.0,3.0,4.0,7.0,5+/day,At-Risk
Male,West,B.Tech,Post-Graduate,Regional,4G/Good,No,2,5,31.3,70.4,5.1,0,6.02,45.0,66.4,5.0,4.0,1.0,3.0,5.0,63.0,1.0,3.0,3.0,1.0,3-5/day,At-Risk
Female,Central,B.E.,Post-Graduate,Regional,4G/Good,Yes,10,7,12.4,99.5,7.2,2,5.85,56.6,31.6,3.0,2.0,5.0,3.0,3.0,38.0,3.0,3.0,3.0,3.0,3-5/day,Pass
Female,East,BCA,Graduate,Hindi,No Access,No,4,7,20.8,100.0,8.8,4,5.32,36.7,55.8,2.0,2.0,4.0,1.0,4.0,13.0,3.0,1.0,4.0,7.0,5+/day,At-Risk
Male,West,B.E.,12th Pass,Hindi,4G/Good,Yes,5,5,27.3,48.8,5.6,3,6.56,44.3,78.6,4.0,3.0,4.0,1.0,4.0,13.0,1.0,2.0,2.0,1.0,3-5/day,Fail
Female,North,B.Tech,12th Pass,English,5G/Excellent,No,2,5,12.4,70.9,6.2,4,5.78,54.1,58.1,1.0,4.0,3.0,2.0,4.0,13.0,2.0,3.0,2.0,7.0,1-3/day,At-Risk
Male,North,B.Tech,12th Pass,Hindi,2G/Slow,No,10,4,10.1,79.8,7.3,0,3.57,37.1,23.9,5.0,1.0,3.0,5.0,5.0,38.0,4.0,3.0,3.0,1.0,5+/day,Fail
Male,East,B.Tech,Graduate,Regional,5G/Excellent,Yes,10,6,21.4,85.3,5.8,1,5.26,44.1,45.7,3.0,4.0,3.0,5.0,5.0,63.0,3.0,2.0,3.0,3.0,3-5/day,Pass
Other,North,B.Com,12th Pass,Hindi,4G/Good,No,10,4,17.5,89.9,7.2,0,5.06,38.0,45.2,1.0,2.0,5.0,1.0,5.0,13.0,3.0,3.0,3.0,3.0,5+/day,At-Risk
Male,South,MCA,Graduate,Hindi,2G/Slow,No,7,5,15.6,100.0,5.1,2,6.82,58.8,47.5,2.0,5.0,2.0,5.0,5.0,63.0,2.0,2.0,3.0,3.0,3-5/day,Pass
Male,East,B.E.,Below 10th,Regional,4G/Good,Yes,4,8,8.5,68.9,7.2,3,4.96,45.0,51.3,5.0,1.0,5.0,3.0,4.0,63.0,1.0,3.0,3.0,3.0,5+/day,Fail
Female,North,B.Tech,10th Pass,English,2G/Slow,Yes,9,7,27.2,83.9,6.2,5,5.79,70.1,75.7,1.0,1.0,3.0,4.0,4.0,38.0,1.0,3.0,4.0,7.0,5+/day,Pass
Female,South,MCA,Graduate,English,4G/Good,Yes,8,7,19.8,64.3,4.1,2,5.96,74.2,38.4,4.0,3.0,2.0,3.0,3.0,88.0,4.0,2.0,4.0,5.0,3-5/day,Fail
Male,East,B.Tech,Post-Graduate,Hindi,No Access,No,10,5,22.8,84.7,5.0,2,5.71,52.2,47.1,4.0,4.0,4.0,2.0,5.0,63.0,3.0,4.0,1.0,5.0,3-5/day,At-Risk
Female,East,B.Tech,12th Pass,Regional,4G/Good,Yes,9,7,26.2,100.0,7.0,1,6.92,65.9,98.1,3.0,4.0,5.0,3.0,4.0,63.0,2.0,4.0,3.0,3.0,3-5/day,Pass
Female,Central,B.E.,Below 10th,Regional,4G/Good,No,8,4,5.8,48.5,8.5,0,3.35,43.3,28.8,5.0,1.0,3.0,5.0,5.0,38.0,4.0,3.0,3.0,1.0,5+/day,Fail
Male,West,M.Tech,Post-Graduate,Hindi,4G/Good,No,5,7,19.3,64.8,4.5,1,6.13,54.3,42.3,2.0,1.0,2.0,2.0,5.0,63.0,4.0,4.0,3.0,1.0,3-5/day,Fail
Male,South,B.Tech,Graduate,Regional,3G/Moderate,No,9,8,7.4,91.4,8.0,1,4.64,40.4,49.8,4.0,3.0,4.0,4.0,2.0,38.0,2.0,3.0,4.0,5.0,Never,Pass
Female,Central,B.Tech,12th Pass,Hindi,4G/Good,No,5,6,23.3,91.7,7.1,4,4.91,52.1,28.3,5.0,1.0,4.0,1.0,3.0,38.0,3.0,2.0,3.0,7.0,5+/day,At-Risk
Male,West,B.E.,12th Pass,English,3G/Moderate,No,8,4,27.4,72.0,7.9,0,5.58,55.0,44.5,5.0,1.0,3.0,5.0,5.0,38.0,4.0,3.0,3.0,1.0,5+/day,Fail
Female,North,B.Tech,12th Pass,Regional,4G/Good,No,4,6,17.4,91.8,6.3,5,7.5,56.7,77.5,4.0,3.0,4.0,1.0,2.0,13.0,1.0,4.0,4.0,7.0,5+/day,Pass
Female,North,BCA,12th Pass,English,3G/Moderate,No,5,6,17.5,97.7,7.4,4,7.27,74.7,30.5,4.0,3.0,3.0,1.0,1.0,63.0,4.0,3.0,3.0,5.0,5+/day,Pass
Other,West,B.E.,Graduate,English,4G/Good,Yes,4,8,22.0,88.6,9.3,5,6.94,79.0,52.9,4.0,3.0,4.0,4.0,4.0,63.0,4.0,4.0,4.0,3.0,1-3/day,Pass
Male,East,B.E.,10th Pass,English,3G/Moderate,Yes,2,8,21.3,99.5,6.8,0,6.5,69.3,22.5,4.0,3.0,4.0,4.0,4.0,63.0,4.0,4.0,4.0,3.0,1-3/day,Pass
Female,West,B.Tech,Below 10th,English,4G/Good,Yes,4,8,16.5,85.9,5.0,1,7.83,91.6,84.8,2.0,3.0,2.0,3.0,1.0,13.0,1.0,3.0,1.0,1.0,1-3/day,Pass
Male,West,B.Tech,Below 10th,English,4G/Good,No,5,8,23.0,78.9,8.7,3,5.28,69.9,41.2,4.0,3.0,5.0,1.0,2.0,38.0,3.0,3.0,3.0,7.0,5+/day,At-Risk
Male,West,MCA,10th Pass,English,4G/Good,Yes,6,4,16.4,85.4,7.3,4,4.99,58.1,48.9,4.0,2.0,4.0,3.0,4.0,63.0,3.0,4.0,3.0,3.0,5+/day,At-Risk
Male,Central,M.Tech,Below 10th,English,4G/Good,Yes,4,8,20.1,92.1,6.9,0,6.07,36.8,49.3,5.0,2.0,4.0,1.0,4.0,63.0,4.0,1.0,4.0,1.0,3-5/day,At-Risk
Male,East,B.Tech,10th Pass,English,4G/Good,No,10,4,9.2,62.7,9.2,4,4.53,43.3,30.1,3.0,4.0,5.0,3.0,4.0,63.0,2.0,4.0,3.0,3.0,3-5/day,Fail
Female,North,B.Tech,Below 10th,Hindi,5G/Excellent,No,4,7,26.1,85.2,8.6,0,6.94,77.1,68.2,4.0,2.0,5.0,3.0,1.0,88.0,3.0,3.0,4.0,5.0,1-3/day,Pass
Male,Northeast,B.Tech,10th Pass,Regional,4G/Good,No,6,6,11.9,80.5,7.2,4,3.91,48.2,38.8,4.0,3.0,4.0,4.0,4.0,63.0,4.0,4.0,4.0,3.0,1-3/day,At-Risk
Male,South,BCA,10th Pass,Regional,4G/Good,No,7,7,20.2,75.6,5.1,3,5.71,63.8,58.4,4.0,5.0,3.0,4.0,4.0,38.0,3.0,2.0,3.0,3.0,5+/day,Pass
Female,West,BCA,Below 10th,Regional,5G/Excellent,Yes,7,7,10.1,68.4,5.9,0,4.26,28.1,54.2,4.0,4.0,5.0,2.0,5.0,13.0,3.0,2.0,4.0,5.0,5+/day,Fail
Male,Central,B.E.,12th Pass,English,5G/Excellent,No,4,5,14.9,59.4,6.8,3,5.52,62.1,58.5,5.0,3.0,3.0,2.0,3.0,13.0,3.0,4.0,4.0,1.0,5+/day,Fail
Female,West,BCA,12th Pass,Hindi,4G/Good,No,5,7,14.4,75.8,6.5,5,6.71,64.5,62.1,3.0,3.0,4.0,1.0,2.0,63.0,3.0,3.0,4.0,3.0,5+/day,Pass
Male,East,BCA,Below 10th,English,2G/Slow,No,3,7,21.7,74.9,5.8,3,6.76,70.8,57.2,4.0,1.0,5.0,4.0,5.0,38.0,3.0,1.0,2.0,7.0,5+/day,Fail
Female,South,B.Com,12th Pass,English,4G/Good,No,5,5,28.3,93.3,6.2,5,7.77,76.4,46.4,5.0,2.0,5.0,5.0,5.0,88.0,4.0,3.0,3.0,3.0,5+/day,At-Risk
Female,South,B.Tech,Post-Graduate,Hindi,4G/Good,Yes,10,7,12.7,95.6,8.1,3,6.63,81.1,65.5,4.0,2.0,5.0,3.0,1.0,38.0,1.0,3.0,3.0,3.0,3-5/day,Pass
Male,South,B.Tech,Post-Graduate,Hindi,4G/Good,Yes,5,5,11.6,71.8,6.8,4,5.33,58.5,48.6,4.0,3.0,4.0,2.0,5.0,13.0,2.0,2.0,2.0,1.0,5+/day,At-Risk
Male,West,B.Tech,Below 10th,Regional,4G/Good,No,4,4,25.3,71.7,5.8,2,7.0,69.7,81.6,3.0,1.0,4.0,1.0,4.0,63.0,3.0,3.0,4.0,5.0,5+/day,Fail
Male,West,M.Tech,Graduate,Hindi,4G/Good,Yes,6,6,13.0,75.3,7.5,1,6.64,43.4,75.1,5.0,2.0,2.0,3.0,3.0,63.0,4.0,3.0,3.0,5.0,3-5/day,Pass
Female,West,MCA,10th Pass,English,4G/Good,Yes,5,8,34.2,95.4,7.3,2,7.73,80.9,84.6,5.0,2.0,3.0,1.0,4.0,13.0,3.0,2.0,4.0,5.0,5+/day,Pass
Male,North,BCA,Below 10th,Regional,4G/Good,No,8,7,10.6,73.9,6.4,2,4.04,49.0,50.7,4.0,2.0,2.0,1.0,4.0,88.0,3.0,3.0,2.0,5.0,5+/day,Fail
Male,East,B.Tech,10th Pass,Hindi,2G/Slow,Yes,2,4,23.1,100.0,4.8,4,6.64,55.6,75.3,3.0,4.0,4.0,2.0,4.0,13.0,2.0,3.0,4.0,7.0,5+/day,Pass
Male,West,B.Tech,10th Pass,Regional,3G/Moderate,No,6,6,7.2,83.5,6.3,2,2.68,22.4,36.5,2.0,1.0,4.0,4.0,4.0,38.0,3.0,3.0,2.0,5.0,5+/day,Fail
Male,East,B.Tech,12th Pass,Regional,4G/Good,Yes,2,4,10.9,87.3,6.5,2,5.91,52.6,84.6,4.0,2.0,2.0,1.0,4.0,88.0,3.0,3.0,2.0,5.0,5+/day,At-Risk
Male,East,BCA,Graduate,English,4G/Good,Yes,6,5,11.1,76.4,7.8,4,6.12,74.6,30.8,3.0,4.0,4.0,1.0,3.0,88.0,1.0,3.0,4.0,3.0,1-3/day,Pass
Female,West,B.Tech,Graduate,English,4G/Good,No,4,4,13.8,100.0,5.4,1,5.96,85.1,70.4,3.0,2.0,4.0,1.0,3.0,63.0,3.0,3.0,4.0,1.0,5+/day,Pass
Male,West,B.Tech,10th Pass,English,2G/Slow,Yes,1,7,23.8,87.2,6.1,1,6.8,58.9,48.4,2.0,4.0,4.0,2.0,3.0,38.0,2.0,3.0,4.0,3.0,5+/day,Pass
Male,South,BCA,10th Pass,English,3G/Moderate,No,6,7,17.7,76.2,8.8,2,4.7,36.6,45.6,5.0,2.0,4.0,3.0,4.0,63.0,4.0,3.0,3.0,5.0,5+/day,Fail
Female,Central,B.Tech,10th Pass,English,4G/Good,No,3,8,26.0,66.2,6.1,1,6.24,70.8,51.3,5.0,2.0,3.0,2.0,5.0,88.0,4.0,4.0,2.0,5.0,5+/day,Fail
Female,North,B.E.,10th Pass,Hindi,4G/Good,No,7,8,23.6,90.2,6.5,4,5.69,50.6,37.9,4.0,1.0,5.0,2.0,4.0,38.0,1.0,3.0,2.0,7.0,5+/day,At-Risk
Male,Central,B.Tech,Post-Graduate,Regional,3G/Moderate,Yes,3,7,11.1,74.3,9.2,3,6.58,72.4,47.5,5.0,4.0,2.0,3.0,3.0,88.0,3.0,1.0,3.0,3.0,5+/day,At-Risk
Male,North,MCA,Graduate,Regional,4G/Good,No,10,4,17.3,79.9,5.2,0,6.38,70.2,35.7,1.0,2.0,5.0,2.0,5.0,38.0,3.0,4.0,3.0,7.0,5+/day,At-Risk
Male,North,BCA,Post-Graduate,Hindi,No Access,Yes,4,7,26.6,70.8,8.5,4,7.11,52.1,43.9,2.0,4.0,4.0,2.0,3.0,38.0,2.0,3.0,4.0,3.0,5+/day,At-Risk
Female,Central,B.Com,Graduate,English,No Access,No,9,4,12.0,70.9,5.9,1,4.02,44.4,5.9,4.0,4.0,5.0,2.0,5.0,63.0,3.0,3.0,4.0,7.0,5+/day,Fail
Male,North,B.E.,12th Pass,English,2G/Slow,Yes,7,7,22.0,74.7,6.8,2,7.16,38.1,56.3,4.0,2.0,1.0,3.0,5.0,38.0,4.0,3.0,4.0,7.0,5+/day,Fail
Female,West,B.Com,10th Pass,Hindi,4G/Good,Yes,4,6,12.9,81.2,6.9,5,5.87,66.8,40.3,5.0,2.0,3.0,2.0,5.0,88.0,4.0,4.0,2.0,5.0,5+/day,At-Risk
Female,Northeast,M.Tech,12th Pass,English,5G/Excellent,No,2,4,11.3,67.7,6.2,1,6.31,54.0,45.4,4.0,3.0,4.0,3.0,3.0,88.0,3.0,4.0,4.0,5.0,5+/day,Fail
Female,Northeast,BCA,12th Pass,Regional,3G/Moderate,No,5,5,15.9,79.0,5.1,5,5.43,44.0,75.1,4.0,3.0,5.0,2.0,4.0,38.0,3.0,3.0,3.0,5.0,5+/day,At-Risk
Male,Central,B.Com,Graduate,Regional,No Access,No,8,5,10.2,73.4,5.5,2,2.47,32.3,22.8,5.0,2.0,3.0,1.0,4.0,13.0,3.0,2.0,4.0,5.0,5+/day,Fail
Male,South,B.Tech,12th Pass,English,4G/Good,No,2,8,26.7,80.5,6.2,0,7.19,63.4,36.7,4.0,1.0,4.0,2.0,4.0,38.0,3.0,4.0,3.0,1.0,5+/day,At-Risk
Male,West,B.E.,10th Pass,Hindi,5G/Excellent,Yes,9,6,0.0,93.0,5.3,3,4.45,39.8,78.4,4.0,2.0,3.0,1.0,5.0,38.0,2.0,4.0,3.0,1.0,3-5/day,At-Risk
Male,North,B.Tech,Graduate,English,2G/Slow,Yes,5,5,21.6,84.5,6.5,3,7.27,60.2,82.8,3.0,2.0,3.0,2.0,4.0,63.0,4.0,3.0,3.0,5.0,5+/day,Pass
Female,South,BCA,Graduate,Hindi,4G/Good,No,6,7,21.6,74.7,5.4,4,5.85,54.8,70.0,5.0,1.0,5.0,4.0,2.0,38.0,4.0,3.0,3.0,3.0,5+/day,Fail
Other,Northeast,BCA,12th Pass,English,3G/Moderate,Yes,7,5,14.8,81.4,5.2,0,5.02,50.4,45.0,4.0,2.0,2.0,2.0,4.0,38.0,2.0,3.0,2.0,7.0,5+/day,At-Risk
Female,South,MCA,Graduate,English,2G/Slow,Yes,9,7,4.0,89.2,4.1,4,3.58,54.2,21.9,3.0,5.0,5.0,1.0,5.0,38.0,3.0,3.0,4.0,7.0,3-5/day,Fail
Female,East,B.Tech,Below 10th,Hindi,4G/Good,No,7,6,21.2,90.4,9.0,5,6.45,84.6,22.5,4.0,3.0,5.0,1.0,2.0,13.0,4.0,3.0,3.0,5.0,5+/day,Pass
Male,East,B.E.,12th Pass,Hindi,5G/Excellent,Yes,4,8,14.9,84.5,6.4,5,6.17,65.9,26.6,3.0,1.0,4.0,5.0,2.0,88.0,3.0,3.0,4.0,3.0,5+/day,Pass
Male,West,B.Tech,Below 10th,Hindi,4G/Good,No,5,5,13.6,100.0,5.5,0,4.52,48.1,51.5,4.0,1.0,5.0,3.0,2.0,38.0,3.0,3.0,3.0,1.0,5+/day,At-Risk
Male,Central,BCA,Below 10th,Hindi,5G/Excellent,No,3,8,26.3,71.4,5.0,0,5.42,34.9,34.6,1.0,2.0,5.0,2.0,5.0,38.0,3.0,4.0,3.0,7.0,5+/day,Fail
Female,North,B.Tech,12th Pass,Hindi,4G/Good,No,1,6,28.3,88.3,5.7,3,7.35,61.3,65.8,3.0,1.0,4.0,2.0,2.0,38.0,3.0,1.0,4.0,7.0,3-5/day,Pass
Female,East,B.Com,10th Pass,Regional,5G/Excellent,Yes,3,4,14.4,81.2,3.7,0,6.1,40.7,58.0,4.0,3.0,4.0,2.0,5.0,88.0,4.0,3.0,3.0,1.0,5+/day,Fail
Female,Northeast,B.Tech,Graduate,Regional,3G/Moderate,Yes,1,6,12.6,94.2,5.6,0,5.33,36.5,35.7,5.0,4.0,1.0,2.0,5.0,63.0,3.0,3.0,2.0,5.0,1-3/day,At-Risk
Male,East,B.Tech,Graduate,Regional,2G/Slow,No,5,6,0.0,82.1,7.6,1,4.49,54.0,39.8,2.0,2.0,2.0,1.0,4.0,88.0,4.0,3.0,4.0,5.0,3-5/day,Fail
Male,North,M.Tech,Below 10th,Regional,4G/Good,Yes,7,6,6.8,100.0,5.5,0,4.12,39.6,29.9,5.0,1.0,5.0,2.0,2.0,38.0,3.0,1.0,3.0,5.0,5+/day,At-Risk
Female,East,B.E.,Graduate,Hindi,4G/Good,No,9,4,12.5,83.1,7.4,3,4.68,55.6,48.4,4.0,1.0,3.0,2.0,3.0,88.0,3.0,3.0,3.0,7.0,3-5/day,Fail
Male,South,B.Tech,12th Pass,Hindi,3G/Moderate,No,4,4,25.5,90.8,7.9,3,6.01,63.0,54.2,3.0,2.0,4.0,1.0,3.0,63.0,3.0,3.0,3.0,5.0,Never,At-Risk
Female,North,B.E.,Below 10th,English,4G/Good,No,10,6,21.2,79.6,7.5,3,6.27,56.1,74.1,3.0,2.0,5.0,3.0,4.0,38.0,3.0,3.0,2.0,1.0,5+/day,Pass
Female,Northeast,B.Tech,Graduate,English,3G/Moderate,No,10,4,25.4,86.1,6.6,2,5.95,44.6,49.1,4.0,2.0,3.0,2.0,5.0,38.0,3.0,2.0,2.0,5.0,5+/day,At-Risk
Female,East,B.Com,12th Pass,Regional,4G/Good,Yes,1,7,22.9,74.7,8.3,4,7.58,64.4,75.0,4.0,3.0,4.0,4.0,4.0,63.0,4.0,4.0,4.0,3.0,1-3/day,At-Risk
Male,Central,BCA,12th Pass,Regional,3G/Moderate,No,7,6,18.0,87.2,8.2,0,5.4,30.5,54.1,4.0,2.0,5.0,5.0,5.0,63.0,2.0,3.0,4.0,3.0,3-5/day,At-Risk
Male,Northeast,B.Tech,Post-Graduate,Hindi,4G/Good,Yes,3,5,18.7,58.4,5.4,2,7.24,55.6,80.7,4.0,2.0,4.0,1.0,4.0,88.0,2.0,4.0,3.0,5.0,5+/day,Fail
Male,West,BCA,12th Pass,English,3G/Moderate,No,1,7,21.8,75.5,5.2,3,4.73,77.4,44.2,1.0,3.0,5.0,5.0,4.0,0.0,3.0,3.0,4.0,3.0,3-5/day,Pass
Male,North,B.Tech,Post-Graduate,English,4G/Good,Yes,4,6,16.4,73.7,5.8,3,7.01,62.8,43.4,3.0,4.0,4.0,2.0,5.0,63.0,3.0,4.0,4.0,5.0,3-5/day,Fail
Male,South,MCA,12th Pass,English,No Access,No,9,5,20.2,100.0,6.0,3,4.31,59.8,31.3,4.0,1.0,5.0,2.0,4.0,38.0,1.0,3.0,2.0,7.0,5+/day,At-Risk
Female,North,B.Com,Below 10th,English,4G/Good,No,6,5,20.5,73.3,8.3,0,5.42,41.2,41.6,3.0,2.0,5.0,3.0,4.0,38.0,3.0,3.0,2.0,1.0,5+/day,Fail
Female,Central,M.Tech,12th Pass,Hindi,4G/Good,Yes,6,8,19.7,76.2,7.7,2,5.82,66.0,76.2,5.0,1.0,5.0,2.0,2.0,38.0,3.0,1.0,3.0,5.0,5+/day,Pass
Male,North,B.Tech,10th Pass,Regional,3G/Moderate,No,7,8,14.0,72.9,6.7,2,2.98,29.9,52.6,2.0,5.0,2.0,5.0,5.0,63.0,2.0,2.0,3.0,3.0,3-5/day,At-Risk
Male,South,B.Tech,12th Pass,English,3G/Moderate,Yes,1,5,27.4,86.9,6.8,1,7.49,67.8,69.3,5.0,2.0,1.0,1.0,5.0,88.0,4.0,3.0,1.0,5.0,3-5/day,Pass
Male,East,B.Tech,Graduate,Hindi,3G/Moderate,Yes,5,6,27.3,78.0,4.9,4,7.17,52.8,55.4,3.0,3.0,4.0,2.0,5.0,63.0,3.0,4.0,3.0,1.0,5+/day,Pass
Male,South,BCA,12th Pass,English,4G/Good,Yes,4,6,9.2,76.5,8.1,3,6.25,67.8,97.4,3.0,3.0,4.0,2.0,5.0,88.0,2.0,3.0,3.0,7.0,5+/day,Pass
Female,North,B.E.,Below 10th,Regional,4G/Good,No,4,6,3.9,100.0,6.8,5,4.2,47.1,22.7,4.0,4.0,4.0,4.0,4.0,88.0,4.0,4.0,4.0,5.0,5+/day,At-Risk
Male,East,B.E.,12th Pass,Regional,3G/Moderate,Yes,7,6,14.9,83.8,4.9,1,5.69,66.3,47.9,4.0,5.0,4.0,2.0,4.0,63.0,4.0,2.0,2.0,5.0,5+/day,At-Risk
Male,North,B.Com,Below 10th,English,4G/Good,No,2,5,12.4,90.1,4.0,0,6.21,62.6,79.5,5.0,1.0,5.0,2.0,2.0,38.0,3.0,1.0,3.0,5.0,5+/day,At-Risk
Male,North,B.Tech,Graduate,Regional,5G/Excellent,Yes,5,4,6.5,86.9,4.6,1,5.67,78.1,59.0,5.0,3.0,4.0,2.0,4.0,63.0,3.0,4.0,4.0,7.0,5+/day,At-Risk
Female,South,B.Tech,Graduate,Hindi,No Access,No,7,4,15.4,71.9,6.6,3,4.77,51.1,84.4,4.0,1.0,4.0,4.0,4.0,38.0,3.0,4.0,4.0,1.0,5+/day,Fail
Female,West,B.Tech,Post-Graduate,English,4G/Good,No,3,6,28.0,75.1,3.0,1,7.42,69.6,61.9,4.0,1.0,3.0,3.0,5.0,38.0,2.0,2.0,3.0,1.0,3-5/day,Pass
Male,East,B.Tech,Below 10th,Hindi,4G/Good,No,2,8,21.2,68.5,4.7,3,5.35,58.9,38.3,2.0,1.0,3.0,4.0,2.0,38.0,2.0,3.0,1.0,5.0,5+/day,At-Risk
Male,South,B.Tech,12th Pass,English,4G/Good,Yes,1,5,23.7,67.3,7.2,1,7.9,100.0,65.0,5.0,2.0,4.0,3.0,4.0,63.0,4.0,3.0,3.0,5.0,5+/day,At-Risk
Female,East,B.E.,12th Pass,Hindi,No Access,No,5,4,27.3,82.4,5.8,3,4.43,40.3,51.8,4.0,5.0,4.0,2.0,4.0,63.0,4.0,2.0,2.0,5.0,5+/day,At-Risk
Female,South,B.Tech,Post-Graduate,Regional,3G/Moderate,Yes,5,5,23.4,83.2,3.8,2,5.82,42.1,33.3,5.0,2.0,3.0,2.0,4.0,88.0,4.0,3.0,2.0,7.0,5+/day,Fail
Male,Central,B.Tech,12th Pass,Regional,2G/Slow,Yes,4,8,16.8,80.5,5.6,1,5.47,50.6,48.8,2.0,5.0,2.0,5.0,5.0,63.0,2.0,2.0,3.0,3.0,3-5/day,Pass
Female,North,MCA,Below 10th,English,4G/Good,No,8,5,26.2,86.5,6.4,2,6.37,54.1,56.5,3.0,1.0,2.0,3.0,2.0,38.0,3.0,2.0,1.0,1.0,3-5/day,Pass
Female,West,B.Tech,12th Pass,English,4G/Good,Yes,2,8,12.4,80.0,7.9,4,6.96,81.0,60.3,2.0,4.0,5.0,4.0,5.0,13.0,3.0,2.0,3.0,1.0,5+/day,Pass
Female,Central,BCA,Graduate,English,3G/Moderate,Yes,4,8,7.4,96.9,7.2,4,6.12,61.2,44.0,3.0,1.0,4.0,3.0,5.0,63.0,3.0,4.0,4.0,7.0,3-5/day,At-Risk
Female,Northeast,B.Tech,Graduate,English,3G/Moderate,Yes,5,7,27.8,76.0,7.1,4,5.89,49.5,24.4,4.0,4.0,5.0,1.0,5.0,38.0,1.0,3.0,4.0,5.0,3-5/day,At-Risk
Female,North,B.E.,Graduate,English,3G/Moderate,Yes,9,8,28.8,93.8,7.6,1,7.92,65.9,53.3,4.0,2.0,5.0,2.0,3.0,63.0,3.0,2.0,3.0,3.0,3-5/day,Pass
Male,South,B.Com,10th Pass,Hindi,5G/Excellent,Yes,3,7,15.1,91.1,4.0,4,7.39,69.8,52.6,4.0,2.0,5.0,2.0,2.0,38.0,4.0,1.0,3.0,1.0,5+/day,Pass
Female,West,B.Tech,Post-Graduate,Hindi,3G/Moderate,No,1,8,14.3,51.2,8.4,2,5.22,37.2,67.3,5.0,1.0,4.0,4.0,3.0,38.0,1.0,1.0,2.0,7.0,5+/day,Fail
Female,North,B.E.,Below 10th,Regional,4G/Good,Yes,4,8,21.9,63.9,8.4,2,6.97,30.0,67.4,4.0,3.0,3.0,1.0,5.0,63.0,2.0,2.0,1.0,3.0,3-5/day,Fail
Female,Northeast,M.Tech,Post-Graduate,English,4G/Good,No,10,5,10.3,61.3,5.6,5,4.24,53.2,71.4,4.0,2.0,4.0,2.0,3.0,63.0,3.0,3.0,3.0,7.0,3-5/day,Fail
Male,West,BCA,Graduate,English,5G/Excellent,No,6,7,16.3,85.6,3.0,5,5.98,49.3,56.6,3.0,3.0,4.0,2.0,5.0,63.0,3.0,4.0,3.0,1.0,5+/day,At-Risk
Female,West,B.Tech,Graduate,English,4G/Good,No,7,4,19.6,69.0,8.5,5,7.6,98.2,71.8,5.0,3.0,4.0,3.0,1.0,88.0,3.0,2.0,2.0,7.0,5+/day,At-Risk
Female,North,B.E.,Graduate,English,3G/Moderate,No,4,4,13.2,94.5,3.0,4,4.93,62.3,53.1,5.0,3.0,5.0,1.0,4.0,88.0,3.0,4.0,4.0,5.0,5+/day,Fail
Male,West,BCA,Below 10th,English,5G/Excellent,No,4,5,25.7,68.9,7.1,4,6.09,42.2,43.8,2.0,2.0,3.0,2.0,3.0,63.0,3.0,3.0,2.0,7.0,5+/day,Fail
Female,West,M.Tech,Below 10th,English,4G/Good,No,6,4,19.8,84.1,5.8,0,5.1,42.1,63.6,5.0,3.0,4.0,3.0,1.0,88.0,3.0,2.0,2.0,7.0,5+/day,At-Risk
Female,Northeast,B.Tech,Below 10th,Hindi,4G/Good,Yes,1,4,17.0,69.8,5.6,0,4.57,48.8,56.1,5.0,1.0,5.0,2.0,3.0,63.0,4.0,3.0,3.0,7.0,5+/day,Fail
Female,North,B.Tech,Below 10th,Regional,2G/Slow,No,5,8,24.9,88.9,5.9,1,4.74,65.0,66.9,4.0,5.0,3.0,4.0,4.0,38.0,3.0,2.0,3.0,3.0,5+/day,Pass
Male,North,B.Tech,12th Pass,Hindi,No Access,No,3,6,19.1,78.2,6.7,0,4.28,39.8,47.7,5.0,3.0,5.0,3.0,4.0,88.0,3.0,4.0,3.0,5.0,5+/day,Fail
Male,South,B.Tech,10th Pass,Hindi,4G/Good,No,8,6,13.0,76.6,3.3,2,4.7,29.8,53.4,5.0,1.0,4.0,1.0,3.0,38.0,3.0,2.0,3.0,7.0,5+/day,Fail
Female,North,B.Tech,Graduate,English,5G/Excellent,Yes,5,4,26.9,73.7,6.2,2,8.61,98.2,84.6,3.0,1.0,3.0,4.0,4.0,63.0,3.0,3.0,3.0,5.0,5+/day,At-Risk
Male,East,B.Tech,12th Pass,Regional,4G/Good,No,7,5,17.8,68.7,4.4,1,5.07,73.7,55.2,2.0,2.0,4.0,2.0,3.0,63.0,1.0,2.0,4.0,5.0,5+/day,Fail
Female,Central,B.Tech,Graduate,English,5G/Excellent,No,8,5,0.0,86.3,5.7,1,3.84,27.0,33.5,4.0,2.0,4.0,3.0,3.0,13.0,4.0,4.0,4.0,3.0,3-5/day,At-Risk
Male,South,B.Tech,Graduate,English,4G/Good,No,8,7,20.0,73.8,6.7,3,5.11,53.4,64.1,4.0,3.0,3.0,1.0,1.0,63.0,4.0,3.0,3.0,5.0,5+/day,Fail
Male,Northeast,B.Com,10th Pass,English,3G/Moderate,No,2,5,4.6,100.0,7.8,0,6.03,33.3,86.3,4.0,4.0,5.0,2.0,3.0,38.0,2.0,3.0,3.0,3.0,5+/day,Pass
Male,North,B.Tech,10th Pass,English,4G/Good,No,2,5,32.6,100.0,5.4,3,8.52,83.1,71.0,4.0,1.0,3.0,3.0,5.0,38.0,2.0,2.0,3.0,1.0,3-5/day,Pass
Female,North,B.Tech,10th Pass,Hindi,4G/Good,No,10,8,20.5,78.8,9.2,4,5.83,78.3,64.4,3.0,4.0,5.0,4.0,5.0,63.0,1.0,3.0,3.0,3.0,5+/day,Pass
Male,North,B.Tech,Graduate,Regional,4G/Good,Yes,5,8,20.5,77.1,5.2,5,4.71,57.0,30.5,3.0,5.0,4.0,3.0,5.0,88.0,4.0,3.0,3.0,5.0,3-5/day,At-Risk
Male,South,B.Com,12th Pass,Regional,5G/Excellent,No,3,4,23.3,79.7,5.2,5,5.72,49.8,41.8,3.0,3.0,3.0,3.0,3.0,88.0,2.0,2.0,2.0,7.0,5+/day,Pass
Male,Central,MCA,10th Pass,English,4G/Good,Yes,10,5,5.5,100.0,8.0,2,5.27,48.2,64.2,4.0,2.0,1.0,2.0,5.0,88.0,1.0,4.0,2.0,1.0,5+/day,At-Risk
Male,North,MCA,Graduate,Hindi,No Access,No,1,6,20.8,100.0,6.1,1,7.94,89.7,63.9,4.0,4.0,5.0,2.0,5.0,63.0,3.0,3.0,4.0,7.0,5+/day,Pass
Other,East,B.Tech,Below 10th,Hindi,5G/Excellent,Yes,8,5,10.9,58.4,6.8,4,3.17,47.6,37.9,4.0,4.0,3.0,2.0,4.0,38.0,3.0,3.0,3.0,1.0,3-5/day,Fail
Female,South,MCA,Graduate,Regional,3G/Moderate,Yes,6,5,15.1,98.0,5.8,3,6.75,57.6,67.8,3.0,1.0,4.0,5.0,2.0,88.0,3.0,3.0,4.0,3.0,5+/day,Pass
Male,Central,B.E.,12th Pass,Hindi,4G/Good,Yes,3,4,21.1,78.5,5.9,4,6.11,64.5,47.2,5.0,3.0,5.0,2.0,4.0,88.0,3.0,3.0,3.0,5.0,5+/day,At-Risk
Female,North,B.Tech,Graduate,Hindi,5G/Excellent,No,8,6,14.1,72.1,7.0,4,5.3,51.0,65.0,1.0,5.0,4.0,3.0,4.0,38.0,3.0,3.0,4.0,7.0,5+/day,At-Risk
Male,North,BCA,Post-Graduate,Hindi,3G/Moderate,No,1,4,4.6,95.4,8.4,1,6.14,51.9,63.7,4.0,1.0,4.0,2.0,4.0,38.0,3.0,2.0,3.0,5.0,3-5/day,At-Risk
Female,North,MCA,Graduate,Hindi,5G/Excellent,Yes,3,5,21.4,83.0,6.7,0,8.03,93.5,83.6,4.0,4.0,4.0,2.0,5.0,63.0,3.0,4.0,1.0,5.0,3-5/day,Pass
Female,South,MCA,12th Pass,English,3G/Moderate,No,9,6,23.0,98.4,7.1,1,5.97,56.1,78.5,4.0,3.0,4.0,1.0,2.0,13.0,1.0,4.0,4.0,7.0,5+/day,Pass
Female,South,M.Tech,10th Pass,English,4G/Good,No,6,5,10.3,93.4,8.0,1,5.39,55.7,59.9,4.0,1.0,3.0,3.0,5.0,38.0,2.0,2.0,3.0,1.0,3-5/day,Pass
Male,Northeast,B.Com,Graduate,Hindi,2G/Slow,No,1,4,12.5,86.0,5.8,0,5.39,68.7,56.4,4.0,2.0,4.0,1.0,4.0,0.0,3.0,3.0,3.0,5.0,5+/day,At-Risk
Female,East,B.Tech,12th Pass,Regional,4G/Good,No,9,4,16.6,100.0,5.0,0,5.34,65.1,44.2,3.0,1.0,3.0,1.0,2.0,88.0,1.0,4.0,3.0,3.0,5+/day,At-Risk
Male,East,B.E.,Below 10th,English,4G/Good,Yes,7,8,31.5,80.2,5.0,1,6.63,66.8,64.2,2.0,2.0,4.0,2.0,3.0,13.0,4.0,4.0,2.0,3.0,5+/day,Pass
Other,East,B.Tech,Graduate,Regional,4G/Good,Yes,1,6,30.1,68.8,5.2,0,7.02,57.0,62.1,5.0,3.0,5.0,4.0,2.0,13.0,3.0,3.0,3.0,5.0,5+/day,At-Risk
Male,North,M.Tech,10th Pass,English,4G/Good,Yes,1,8,25.6,100.0,4.9,2,8.66,74.3,69.9,1.0,1.0,3.0,4.0,4.0,38.0,1.0,3.0,4.0,7.0,5+/day,Pass
Female,South,B.Tech,Below 10th,English,5G/Excellent,No,5,6,32.5,79.2,8.1,4,8.25,73.6,71.2,4.0,2.0,4.0,1.0,2.0,88.0,4.0,3.0,3.0,7.0,1-3/day,Pass
Female,Central,M.Tech,Post-Graduate,English,4G/Good,Yes,4,7,25.5,84.1,3.7,4,8.02,69.8,74.0,5.0,2.0,5.0,3.0,4.0,88.0,1.0,3.0,2.0,3.0,3-5/day,Pass
Female,Northeast,B.Tech,12th Pass,Regional,5G/Excellent,No,8,6,19.9,75.3,7.4,3,5.35,58.0,44.7,3.0,2.0,4.0,1.0,3.0,63.0,3.0,3.0,3.0,5.0,Never,At-Risk
Male,Central,B.E.,10th Pass,English,4G/Good,Yes,2,5,10.3,83.2,4.7,1,7.14,60.5,62.9,3.0,5.0,4.0,3.0,5.0,88.0,4.0,3.0,3.0,5.0,3-5/day,Pass
Female,Northeast,B.Tech,Graduate,Hindi,4G/Good,Yes,6,6,5.9,85.8,9.2,4,6.16,47.9,61.0,5.0,2.0,5.0,5.0,5.0,88.0,4.0,3.0,3.0,3.0,5+/day,At-Risk
Male,North,B.Tech,Graduate,English,3G/Moderate,No,8,8,14.6,68.7,7.1,4,5.04,39.8,69.7,3.0,3.0,4.0,1.0,4.0,88.0,2.0,4.0,3.0,1.0,3-5/day,Fail
Female,North,M.Tech,Below 10th,Hindi,5G/Excellent,No,1,4,19.3,68.9,5.2,4,7.68,79.1,72.8,4.0,3.0,4.0,4.0,2.0,38.0,2.0,3.0,4.0,5.0,Never,At-Risk
Male,North,B.Tech,Graduate,Regional,2G/Slow,Yes,3,4,34.1,71.4,5.7,0,7.24,83.8,67.9,4.0,2.0,2.0,3.0,5.0,0.0,2.0,2.0,3.0,3.0,5+/day,At-Risk
Male,South,B.E.,Graduate,English,4G/Good,No,1,6,16.4,80.5,6.4,0,7.03,66.9,71.3,4.0,2.0,5.0,3.0,1.0,38.0,2.0,3.0,4.0,5.0,5+/day,Pass
Female,North,B.Tech,10th Pass,Regional,3G/Moderate,No,7,7,19.1,87.2,7.5,4,6.07,55.0,86.5,3.0,3.0,4.0,4.0,5.0,13.0,4.0,3.0,3.0,3.0,5+/day,Pass
Male,East,B.E.,12th Pass,Regional,4G/Good,No,1,4,20.4,97.6,7.0,2,7.22,69.1,70.6,4.0,2.0,1.0,3.0,5.0,38.0,4.0,3.0,4.0,7.0,5+/day,Pass
Male,West,B.Tech,Below 10th,English,5G/Excellent,Yes,9,4,19.4,100.0,6.5,0,5.5,31.9,58.6,4.0,1.0,1.0,4.0,5.0,88.0,1.0,3.0,3.0,1.0,5+/day,At-Risk
Male,Northeast,B.Tech,Graduate,Regional,4G/Good,Yes,8,4,30.4,84.2,5.4,4,7.01,58.2,81.8,2.0,2.0,4.0,2.0,3.0,13.0,4.0,4.0,2.0,3.0,5+/day,Pass
Male,West,M.Tech,Graduate,English,5G/Excellent,No,3,7,27.3,76.6,6.1,3,7.71,82.8,76.6,3.0,2.0,4.0,1.0,3.0,63.0,3.0,3.0,4.0,1.0,5+/day,Pass
Female,Central,B.E.,Below 10th,English,4G/Good,No,4,8,18.0,53.4,8.5,4,5.82,62.9,31.4,5.0,3.0,5.0,1.0,4.0,88.0,3.0,4.0,4.0,5.0,5+/day,Fail
Female,North,B.Tech,Graduate,Hindi,5G/Excellent,No,9,6,13.6,85.1,9.7,5,6.27,53.9,42.1,4.0,4.0,2.0,4.0,4.0,13.0,1.0,1.0,1.0,3.0,5+/day,Pass
Male,North,BCA,Graduate,Hindi,4G/Good,No,10,7,14.1,80.0,8.2,5,4.85,51.5,56.3,1.0,1.0,4.0,2.0,4.0,88.0,2.0,4.0,3.0,7.0,5+/day,Fail
Male,West,B.Tech,10th Pass,English,3G/Moderate,No,6,6,18.2,77.7,5.1,1,6.19,51.1,40.0,5.0,3.0,5.0,3.0,4.0,88.0,3.0,4.0,3.0,5.0,5+/day,Fail
Male,South,B.Tech,Graduate,English,4G/Good,Yes,5,5,13.0,74.1,8.6,4,6.46,66.2,66.2,5.0,5.0,3.0,1.0,3.0,13.0,2.0,3.0,4.0,5.0,3-5/day,At-Risk
Male,South,B.E.,Below 10th,Regional,4G/Good,Yes,5,6,24.3,74.5,6.0,1,6.11,67.5,71.1,1.0,1.0,4.0,2.0,4.0,88.0,2.0,4.0,3.0,7.0,5+/day,Fail
Female,South,B.Tech,Post-Graduate,Hindi,3G/Moderate,Yes,1,4,13.3,85.9,6.5,3,7.37,72.5,65.5,3.0,3.0,5.0,3.0,4.0,38.0,3.0,4.0,4.0,3.0,5+/day,Pass
Female,South,BCA,12th Pass,English,3G/Moderate,No,1,7,28.9,89.7,4.6,3,6.58,59.4,59.2,4.0,3.0,4.0,2.0,3.0,88.0,1.0,2.0,3.0,5.0,5+/day,Pass
Male,East,B.E.,12th Pass,Hindi,3G/Moderate,No,3,7,22.8,81.7,6.7,2,7.96,75.7,66.5,3.0,1.0,3.0,1.0,2.0,88.0,1.0,4.0,3.0,3.0,5+/day,Pass
Male,South,MCA,Graduate,English,3G/Moderate,No,2,8,8.9,91.4,5.3,4,5.35,43.9,57.3,4.0,2.0,4.0,3.0,2.0,63.0,1.0,4.0,4.0,3.0,5+/day,Pass
Male,East,B.Com,12th Pass,English,4G/Good,No,10,5,28.3,97.4,8.6,0,5.15,60.3,31.9,5.0,2.0,4.0,3.0,4.0,63.0,4.0,3.0,3.0,5.0,5+/day,At-Risk
Female,West,B.Tech,Graduate,Hindi,4G/Good,No,1,8,8.7,80.9,10.3,2,7.39,84.7,73.1,5.0,3.0,4.0,4.0,4.0,88.0,3.0,3.0,3.0,3.0,5+/day,Pass
Other,South,B.Tech,12th Pass,Hindi,4G/Good,Yes,5,8,29.2,96.7,6.5,5,7.23,73.2,78.1,2.0,1.0,5.0,2.0,4.0,38.0,4.0,4.0,4.0,3.0,3-5/day,Pass
Male,South,B.Tech,Post-Graduate,English,5G/Excellent,Yes,3,5,23.2,70.6,7.2,2,9.04,78.0,93.1,4.0,2.0,5.0,5.0,5.0,63.0,2.0,3.0,4.0,3.0,3-5/day,At-Risk
Male,North,B.Tech,12th Pass,Regional,4G/Good,No,7,4,33.7,85.5,6.0,1,6.34,35.0,36.9,4.0,2.0,5.0,2.0,2.0,38.0,4.0,1.0,3.0,1.0,5+/day,At-Risk
Female,South,MCA,10th Pass,English,4G/Good,No,8,7,0.2,77.4,6.7,2,4.08,38.6,64.4,4.0,2.0,3.0,1.0,5.0,38.0,3.0,3.0,2.0,3.0,5+/day,Fail
Female,West,MCA,Post-Graduate,Hindi,3G/Moderate,No,10,6,19.0,87.9,5.6,5,7.52,84.7,66.9,4.0,4.0,2.0,4.0,4.0,13.0,1.0,1.0,1.0,3.0,5+/day,Pass
Male,West,B.E.,Graduate,English,4G/Good,Yes,6,5,17.8,56.1,7.0,5,6.42,60.8,64.1,2.0,5.0,2.0,5.0,5.0,63.0,2.0,2.0,3.0,3.0,3-5/day,At-Risk
Male,West,B.E.,Graduate,English,4G/Good,No,5,8,13.7,96.1,7.1,2,6.49,55.5,62.4,5.0,5.0,5.0,4.0,5.0,88.0,4.0,4.0,4.0,3.0,5+/day,Pass
Male,North,B.Tech,Post-Graduate,English,3G/Moderate,No,10,6,24.9,81.4,6.9,2,7.07,51.7,56.5,5.0,4.0,2.0,3.0,3.0,88.0,3.0,1.0,3.0,3.0,5+/day,Pass
Female,East,BCA,Below 10th,Hindi,3G/Moderate,Yes,5,5,15.8,87.2,7.6,5,5.89,70.3,39.3,4.0,2.0,3.0,2.0,5.0,88.0,2.0,3.0,3.0,7.0,3-5/day,At-Risk
Male,East,MCA,12th Pass,English,4G/Good,No,1,5,28.1,72.6,6.0,1,6.8,65.3,43.7,5.0,4.0,3.0,5.0,5.0,88.0,4.0,4.0,4.0,5.0,5+/day,Fail
Male,East,BCA,10th Pass,English,5G/Excellent,Yes,6,4,11.5,100.0,10.5,3,6.28,72.2,66.8,3.0,5.0,5.0,1.0,5.0,38.0,3.0,3.0,4.0,7.0,3-5/day,Pass
Female,East,B.Tech,12th Pass,English,4G/Good,No,6,4,4.6,86.1,5.5,2,4.52,20.4,30.2,3.0,2.0,1.0,3.0,4.0,0.0,2.0,3.0,2.0,3.0,5+/day,Pass
Male,East,BCA,Graduate,Hindi,5G/Excellent,No,3,7,12.8,77.4,5.5,3,5.68,62.8,55.3,5.0,2.0,5.0,5.0,5.0,88.0,4.0,3.0,3.0,3.0,5+/day,At-Risk
Female,East,B.E.,Post-Graduate,English,5G/Excellent,Yes,4,7,22.0,56.8,3.0,3,7.68,56.3,76.6,3.0,1.0,3.0,1.0,2.0,88.0,1.0,4.0,3.0,3.0,5+/day,Fail
Male,West,B.E.,12th Pass,Hindi,3G/Moderate,No,4,6,25.0,77.8,7.6,5,7.12,69.2,53.6,3.0,4.0,5.0,4.0,5.0,63.0,1.0,3.0,3.0,3.0,5+/day,Pass
Male,North,B.E.,Graduate,English,No Access,Yes,6,7,11.3,54.2,3.0,5,4.23,41.3,71.3,4.0,1.0,5.0,1.0,4.0,63.0,4.0,3.0,4.0,3.0,3-5/day,Fail
Female,West,B.E.,Post-Graduate,Hindi,4G/Good,Yes,8,5,21.6,83.5,6.0,5,7.71,65.6,63.1,5.0,4.0,4.0,1.0,4.0,63.0,4.0,3.0,2.0,1.0,5+/day,Pass
Male,North,BCA,Graduate,Regional,4G/Good,No,9,5,20.5,89.1,5.4,5,6.11,63.5,59.9,4.0,3.0,4.0,4.0,5.0,88.0,4.0,4.0,4.0,3.0,5+/day,At-Risk
Other,North,M.Tech,10th Pass,Hindi,4G/Good,No,9,5,19.5,90.5,4.3,1,5.08,48.1,47.2,5.0,1.0,4.0,3.0,5.0,88.0,4.0,2.0,3.0,5.0,5+/day,Fail
Female,Central,B.Tech,12th Pass,Regional,2G/Slow,Yes,5,5,30.2,71.7,6.6,3,6.77,51.6,50.0,2.0,4.0,5.0,4.0,5.0,13.0,3.0,2.0,3.0,1.0,5+/day,At-Risk
Male,Central,B.Com,Post-Graduate,Regional,2G/Slow,Yes,8,4,16.0,74.4,9.2,5,6.93,60.8,77.0,5.0,1.0,4.0,3.0,5.0,88.0,4.0,2.0,3.0,5.0,5+/day,Fail
Female,North,B.E.,Post-Graduate,Regional,No Access,No,8,5,11.4,80.9,7.6,1,4.65,49.6,39.7,4.0,2.0,5.0,3.0,1.0,38.0,1.0,3.0,3.0,3.0,3-5/day,At-Risk
Male,South,BCA,12th Pass,English,5G/Excellent,Yes,10,5,18.5,75.4,5.4,2,5.81,52.8,47.4,2.0,2.0,5.0,3.0,5.0,38.0,4.0,2.0,3.0,3.0,5+/day,At-Risk
Female,North,M.Tech,Graduate,Regional,5G/Excellent,Yes,4,5,16.9,62.1,9.5,0,6.27,54.3,38.0,2.0,2.0,2.0,1.0,4.0,88.0,4.0,3.0,4.0,5.0,3-5/day,Fail
Male,East,B.E.,10th Pass,Regional,2G/Slow,Yes,4,8,24.3,74.6,5.4,1,5.59,42.6,49.4,4.0,4.0,5.0,2.0,3.0,38.0,2.0,3.0,3.0,3.0,5+/day,Fail
Female,Northeast,MCA,10th Pass,English,3G/Moderate,No,3,6,18.1,86.8,8.1,5,5.61,72.0,44.5,5.0,2.0,3.0,2.0,4.0,88.0,4.0,3.0,2.0,7.0,5+/day,At-Risk
Male,Central,B.Tech,Post-Graduate,English,2G/Slow,No,5,6,19.8,76.5,3.9,0,4.7,40.6,73.0,4.0,3.0,4.0,4.0,2.0,38.0,2.0,3.0,4.0,5.0,Never,Pass
Male,West,B.Tech,Below 10th,Regional,5G/Excellent,Yes,8,5,16.0,79.2,6.2,2,4.58,65.3,57.9,5.0,2.0,5.0,5.0,3.0,63.0,3.0,2.0,4.0,7.0,5+/day,At-Risk
Female,South,BCA,10th Pass,Hindi,5G/Excellent,No,8,5,2.0,75.8,4.7,0,4.61,59.9,38.2,2.0,3.0,3.0,3.0,5.0,13.0,3.0,4.0,4.0,7.0,5+/day,At-Risk
Female,East,M.Tech,12th Pass,English,3G/Moderate,Yes,9,6,19.3,100.0,9.6,4,6.33,76.7,61.3,1.0,5.0,4.0,3.0,4.0,38.0,3.0,3.0,4.0,7.0,5+/day,Pass
Male,South,M.Tech,12th Pass,Regional,3G/Moderate,No,1,7,26.3,83.5,5.5,4,5.31,41.9,44.3,3.0,2.0,3.0,2.0,4.0,88.0,4.0,1.0,1.0,1.0,1-3/day,At-Risk
Male,Central,BCA,12th Pass,English,4G/Good,Yes,4,8,22.1,84.7,5.0,5,6.4,59.6,48.9,5.0,4.0,3.0,1.0,4.0,13.0,3.0,3.0,3.0,7.0,5+/day,Pass
Female,Northeast,B.E.,10th Pass,English,4G/Good,Yes,6,8,7.4,75.1,7.2,2,4.93,49.2,25.6,2.0,3.0,2.0,3.0,1.0,13.0,1.0,3.0,1.0,1.0,1-3/day,Pass
Female,East,B.Tech,Post-Graduate,Hindi,4G/Good,No,5,7,15.6,87.7,6.1,3,6.54,64.8,47.3,5.0,2.0,1.0,1.0,5.0,88.0,4.0,3.0,1.0,5.0,3-5/day,At-Risk
Male,South,B.Com,Post-Graduate,Hindi,4G/Good,Yes,4,5,16.3,83.2,9.7,3,7.94,69.2,80.0,3.0,4.0,4.0,2.0,4.0,13.0,2.0,3.0,4.0,7.0,5+/day,Pass
Male,South,B.Tech,10th Pass,Regional,5G/Excellent,Yes,3,6,21.9,61.1,7.0,1,7.07,60.5,62.8,2.0,2.0,5.0,3.0,5.0,38.0,4.0,2.0,3.0,3.0,5+/day,Fail
Male,North,BCA,12th Pass,Hindi,2G/Slow,No,2,8,19.0,100.0,6.6,5,5.79,55.6,53.2,4.0,4.0,3.0,2.0,4.0,38.0,3.0,3.0,3.0,7.0,5+/day,Pass
Female,Northeast,B.E.,Graduate,Regional,4G/Good,No,9,7,0.0,80.7,7.6,4,3.81,35.4,36.5,4.0,3.0,4.0,3.0,4.0,38.0,1.0,4.0,4.0,5.0,3-5/day,At-Risk
Male,South,BCA,Graduate,English,3G/Moderate,Yes,10,7,10.8,88.4,6.2,1,4.62,41.5,42.1,4.0,4.0,5.0,2.0,5.0,13.0,3.0,2.0,4.0,5.0,5+/day,At-Risk
Male,South,B.E.,10th Pass,Hindi,4G/Good,No,3,4,15.5,74.4,6.9,2,5.39,61.5,69.0,4.0,5.0,4.0,2.0,4.0,63.0,4.0,2.0,2.0,5.0,5+/day,Fail
Female,East,B.Com,12th Pass,English,4G/Good,No,4,7,13.4,87.4,5.2,0,5.58,57.4,56.9,5.0,2.0,3.0,1.0,4.0,13.0,3.0,2.0,4.0,5.0,5+/day,At-Risk
Male,Northeast,BCA,10th Pass,English,5G/Excellent,No,1,4,16.6,90.0,5.6,5,6.54,35.0,69.4,2.0,4.0,5.0,1.0,2.0,63.0,3.0,3.0,3.0,5.0,5+/day,Pass
Male,North,B.Com,10th Pass,Regional,4G/Good,No,1,4,14.7,64.4,5.1,5,7.64,82.0,69.7,3.0,1.0,4.0,5.0,2.0,88.0,3.0,3.0,4.0,3.0,5+/day,At-Risk
Male,Northeast,B.Tech,12th Pass,English,4G/Good,No,10,8,16.3,88.3,7.1,4,5.44,63.6,64.0,3.0,4.0,3.0,5.0,5.0,63.0,3.0,2.0,3.0,3.0,3-5/day,Pass
Male,Central,BCA,Graduate,Regional,4G/Good,No,9,5,23.5,80.7,5.5,3,6.31,54.1,69.6,4.0,5.0,4.0,3.0,5.0,88.0,3.0,3.0,4.0,7.0,5+/day,At-Risk
Male,Central,BCA,Graduate,English,3G/Moderate,Yes,4,5,26.1,69.7,7.7,1,7.7,75.3,59.2,1.0,2.0,2.0,3.0,4.0,13.0,3.0,2.0,2.0,5.0,5+/day,Pass
Female,South,BCA,Graduate,English,4G/Good,No,10,7,16.9,100.0,5.2,0,4.5,34.4,53.9,4.0,3.0,4.0,3.0,3.0,88.0,3.0,4.0,4.0,5.0,5+/day,At-Risk
Male,North,B.Com,10th Pass,English,4G/Good,No,4,6,22.1,70.8,5.0,3,6.37,52.4,69.7,3.0,4.0,4.0,2.0,5.0,63.0,2.0,3.0,3.0,3.0,5+/day,Fail
Female,South,B.Tech,Graduate,Hindi,4G/Good,Yes,6,6,20.9,84.8,6.9,3,6.14,58.8,51.0,4.0,2.0,4.0,3.0,2.0,63.0,1.0,4.0,4.0,3.0,5+/day,Pass
Female,South,B.Tech,Below 10th,English,4G/Good,Yes,2,4,27.6,67.1,6.7,5,5.97,44.9,52.0,2.0,1.0,4.0,4.0,4.0,38.0,3.0,3.0,2.0,5.0,5+/day,At-Risk
Female,North,B.E.,12th Pass,Hindi,4G/Good,Yes,6,7,22.7,68.8,7.8,2,7.4,84.1,86.0,4.0,4.0,3.0,4.0,5.0,38.0,3.0,2.0,1.0,3.0,5+/day,Pass
Male,East,B.Tech,Graduate,Hindi,5G/Excellent,Yes,7,7,32.5,94.7,4.7,3,8.88,68.0,89.9,4.0,3.0,4.0,3.0,4.0,38.0,1.0,4.0,4.0,5.0,3-5/day,Pass
Male,East,B.Com,12th Pass,English,3G/Moderate,Yes,1,5,22.9,77.8,4.2,3,4.81,61.8,47.7,5.0,2.0,4.0,2.0,4.0,38.0,3.0,3.0,2.0,1.0,5+/day,At-Risk
Male,Northeast,B.Tech,12th Pass,Hindi,5G/Excellent,Yes,8,6,6.7,99.3,8.3,3,5.1,25.3,56.0,5.0,2.0,4.0,1.0,2.0,38.0,4.0,3.0,3.0,1.0,1-3/day,At-Risk
Male,North,B.E.,12th Pass,English,5G/Excellent,Yes,6,8,27.4,77.1,4.5,0,7.18,66.6,71.7,4.0,2.0,5.0,2.0,2.0,38.0,4.0,1.0,3.0,1.0,5+/day,Pass
Male,West,B.Tech,Post-Graduate,Regional,3G/Moderate,No,9,7,24.4,76.5,7.7,0,5.66,70.5,59.0,5.0,5.0,3.0,1.0,3.0,13.0,2.0,3.0,4.0,5.0,3-5/day,Pass
Female,West,B.E.,12th Pass,English,4G/Good,No,4,7,24.3,72.9,3.0,3,6.41,47.1,52.6,5.0,2.0,5.0,2.0,3.0,88.0,3.0,2.0,3.0,7.0,3-5/day,Fail
Male,West,B.E.,Graduate,English,3G/Moderate,Yes,2,5,8.8,76.1,7.4,5,6.82,60.6,79.1,5.0,4.0,1.0,2.0,5.0,63.0,3.0,3.0,2.0,5.0,1-3/day,Pass
Male,Central,B.Tech,Post-Graduate,English,2G/Slow,No,9,8,25.7,89.4,6.5,2,6.22,47.7,48.7,3.0,1.0,4.0,2.0,2.0,38.0,3.0,1.0,4.0,7.0,3-5/day,At-Risk
Male,West,B.Tech,Graduate,Hindi,4G/Good,No,8,8,24.9,83.0,7.1,3,7.05,66.0,81.6,2.0,3.0,2.0,3.0,1.0,13.0,1.0,3.0,1.0,1.0,1-3/day,Pass
Female,Central,B.E.,12th Pass,Hindi,5G/Excellent,No,2,8,8.2,78.3,7.7,4,6.18,56.9,62.4,3.0,4.0,3.0,5.0,5.0,63.0,3.0,2.0,3.0,3.0,3-5/day,Pass
Male,South,B.Com,Below 10th,Regional,No Access,No,8,8,23.0,90.3,7.9,4,4.4,34.4,46.4,2.0,4.0,1.0,5.0,5.0,63.0,3.0,4.0,4.0,5.0,5+/day,Pass
Female,East,B.Tech,10th Pass,Regional,5G/Excellent,Yes,8,6,20.0,88.6,7.2,1,6.95,83.7,61.6,3.0,2.0,5.0,1.0,5.0,88.0,3.0,3.0,3.0,7.0,3-5/day,At-Risk
Male,North,B.E.,12th Pass,English,4G/Good,No,5,4,18.1,78.6,7.8,4,4.75,49.8,54.0,5.0,2.0,4.0,1.0,4.0,63.0,4.0,1.0,4.0,1.0,3-5/day,At-Risk
Female,North,B.Com,Graduate,Hindi,5G/Excellent,No,7,8,17.4,100.0,8.2,1,7.51,93.9,79.2,3.0,2.0,5.0,1.0,4.0,63.0,1.0,3.0,2.0,3.0,1-3/day,Pass
Female,North,MCA,12th Pass,Hindi,5G/Excellent,Yes,7,4,4.7,63.5,8.4,1,5.08,41.1,64.5,4.0,1.0,3.0,3.0,5.0,38.0,2.0,2.0,3.0,1.0,3-5/day,Fail
Male,North,B.Com,Post-Graduate,Regional,5G/Excellent,Yes,4,4,17.5,86.9,7.3,1,6.84,59.1,73.9,3.0,2.0,5.0,3.0,3.0,38.0,3.0,3.0,3.0,3.0,3-5/day,Pass
Male,South,B.Com,10th Pass,English,4G/Good,No,6,5,23.4,80.5,5.1,1,5.34,32.2,13.7,5.0,5.0,4.0,2.0,4.0,88.0,4.0,3.0,1.0,7.0,5+/day,At-Risk
Male,North,B.E.,Graduate,English,5G/Excellent,Yes,10,8,12.2,88.0,6.1,3,6.95,33.7,33.8,2.0,3.0,4.0,3.0,4.0,88.0,2.0,3.0,4.0,5.0,5+/day,At-Risk
Male,North,BCA,12th Pass,Regional,3G/Moderate,No,6,6,17.6,83.3,6.4,5,5.06,68.0,25.7,3.0,4.0,4.0,2.0,5.0,63.0,3.0,4.0,4.0,5.0,3-5/day,At-Risk
Female,Central,B.Tech,12th Pass,English,3G/Moderate,No,6,5,14.4,85.2,5.5,0,4.51,33.7,53.6,3.0,4.0,4.0,3.0,2.0,63.0,1.0,4.0,4.0,7.0,5+/day,At-Risk
Female,North,B.E.,Graduate,Hindi,3G/Moderate,No,9,5,15.0,60.5,4.8,4,4.0,43.7,55.8,4.0,1.0,1.0,4.0,5.0,88.0,1.0,3.0,3.0,1.0,5+/day,Fail
Female,West,MCA,10th Pass,Regional,4G/Good,Yes,2,4,5.1,84.7,7.9,4,5.36,34.9,64.7,5.0,3.0,4.0,4.0,4.0,88.0,3.0,3.0,3.0,3.0,5+/day,At-Risk
Female,North,B.E.,Below 10th,Regional,3G/Moderate,No,10,7,22.6,94.5,7.0,4,5.82,69.0,67.4,5.0,2.0,4.0,1.0,4.0,63.0,4.0,1.0,4.0,1.0,3-5/day,At-Risk
Male,Central,BCA,12th Pass,English,3G/Moderate,Yes,8,6,18.1,74.8,5.5,1,6.26,55.0,60.7,3.0,4.0,4.0,3.0,3.0,38.0,3.0,3.0,4.0,7.0,5+/day,At-Risk
Male,Central,BCA,12th Pass,English,5G/Excellent,Yes,8,8,12.3,94.0,6.6,2,6.21,61.6,67.8,3.0,2.0,5.0,2.0,4.0,63.0,4.0,3.0,3.0,5.0,5+/day,At-Risk
Female,West,B.Tech,Graduate,English,4G/Good,No,1,8,26.4,77.8,7.0,0,7.49,65.2,86.4,4.0,2.0,4.0,3.0,2.0,63.0,1.0,4.0,4.0,3.0,5+/day,Pass
Male,West,M.Tech,Post-Graduate,Regional,5G/Excellent,Yes,2,6,24.0,74.9,4.8,2,6.5,72.5,55.5,5.0,2.0,5.0,3.0,4.0,88.0,1.0,3.0,2.0,3.0,3-5/day,Fail
Female,North,B.E.,Below 10th,Regional,2G/Slow,No,4,8,17.5,75.2,5.3,2,6.77,79.7,69.6,5.0,3.0,4.0,4.0,4.0,88.0,3.0,3.0,3.0,3.0,5+/day,At-Risk
Male,Central,B.Tech,12th Pass,Regional,4G/Good,No,5,7,26.7,69.7,6.0,4,5.54,47.7,45.0,3.0,4.0,3.0,5.0,5.0,63.0,3.0,2.0,3.0,3.0,3-5/day,At-Risk
Male,Northeast,M.Tech,Graduate,Hindi,3G/Moderate,Yes,5,7,29.1,82.9,6.3,2,6.66,71.1,77.4,4.0,2.0,1.0,3.0,5.0,38.0,4.0,3.0,4.0,7.0,5+/day,Pass
Other,Central,B.E.,Post-Graduate,English,No Access,No,6,8,11.4,74.5,4.1,3,4.6,42.0,27.7,5.0,4.0,5.0,2.0,4.0,38.0,3.0,3.0,3.0,5.0,5+/day,Fail
Male,West,MCA,Post-Graduate,Hindi,3G/Moderate,No,7,5,10.2,75.4,7.6,2,6.57,72.5,46.4,4.0,2.0,2.0,3.0,5.0,0.0,2.0,2.0,3.0,3.0,5+/day,Pass
Other,South,B.E.,Graduate,English,4G/Good,No,1,8,2.4,73.8,6.5,2,6.01,46.0,54.3,4.0,2.0,4.0,1.0,4.0,88.0,2.0,4.0,3.0,5.0,5+/day,Fail
Other,Central,B.E.,12th Pass,Hindi,2G/Slow,No,7,8,13.0,85.9,6.1,4,4.33,46.9,48.8,5.0,4.0,1.0,1.0,4.0,38.0,3.0,3.0,3.0,1.0,5+/day,Pass
Female,South,MCA,10th Pass,Hindi,4G/Good,No,6,6,15.3,66.8,5.4,2,3.4,35.3,27.2,3.0,4.0,4.0,1.0,3.0,88.0,1.0,3.0,4.0,3.0,1-3/day,Fail
Female,East,BCA,10th Pass,Hindi,4G/Good,No,5,7,6.6,89.1,5.0,1,4.68,58.5,83.6,5.0,2.0,5.0,5.0,3.0,63.0,3.0,2.0,4.0,7.0,5+/day,At-Risk
Female,North,B.E.,12th Pass,Regional,No Access,No,6,5,12.1,88.0,6.5,5,4.33,34.1,71.5,4.0,3.0,4.0,4.0,5.0,88.0,4.0,4.0,4.0,3.0,5+/day,Fail
Female,Central,B.Tech,Graduate,English,4G/Good,No,8,6,23.2,88.1,6.7,0,5.72,50.4,47.7,2.0,2.0,1.0,4.0,5.0,88.0,4.0,3.0,2.0,7.0,3-5/day,At-Risk
Male,North,M.Tech,12th Pass,Hindi,4G/Good,No,6,6,19.8,70.2,9.5,3,6.53,65.3,55.6,1.0,2.0,2.0,3.0,4.0,13.0,3.0,2.0,2.0,5.0,5+/day,At-Risk
Male,North,B.Tech,Graduate,English,5G/Excellent,No,5,5,12.7,84.9,9.6,0,6.04,63.5,47.7,1.0,2.0,3.0,3.0,1.0,63.0,4.0,3.0,4.0,3.0,5+/day,Pass
Female,East,M.Tech,12th Pass,Hindi,4G/Good,Yes,6,5,26.7,97.6,5.7,1,6.71,53.5,69.5,4.0,3.0,4.0,1.0,4.0,38.0,2.0,3.0,4.0,7.0,3-5/day,At-Risk
Male,West,B.E.,Graduate,Hindi,5G/Excellent,Yes,9,6,8.6,67.5,5.1,2,5.4,60.5,34.1,4.0,3.0,4.0,3.0,3.0,88.0,3.0,4.0,4.0,5.0,5+/day,Fail
Male,East,BCA,Below 10th,English,5G/Excellent,No,1,8,21.5,84.2,4.6,4,5.8,90.2,74.5,3.0,3.0,4.0,1.0,4.0,63.0,3.0,1.0,4.0,7.0,1-3/day,At-Risk
Male,North,B.Com,10th Pass,English,4G/Good,Yes,3,5,16.4,68.6,6.6,0,6.67,61.6,77.9,4.0,3.0,5.0,1.0,2.0,38.0,3.0,3.0,3.0,7.0,5+/day,Fail
Female,North,B.Tech,10th Pass,English,4G/Good,No,3,4,18.7,78.7,4.6,2,6.37,40.0,67.1,3.0,2.0,5.0,1.0,4.0,63.0,1.0,3.0,2.0,3.0,1-3/day,At-Risk
Female,West,BCA,Graduate,English,No Access,No,9,5,20.1,81.6,4.4,0,4.21,45.9,43.7,3.0,3.0,4.0,1.0,2.0,63.0,3.0,3.0,4.0,3.0,5+/day,At-Risk
Male,Central,MCA,Below 10th,Hindi,4G/Good,Yes,3,6,26.4,74.4,5.4,2,6.67,70.4,41.3,5.0,2.0,5.0,5.0,5.0,88.0,4.0,3.0,3.0,3.0,5+/day,Fail
Female,Northeast,MCA,Graduate,English,4G/Good,No,6,4,23.0,73.0,5.6,4,4.94,45.8,29.0,2.0,2.0,5.0,3.0,5.0,38.0,4.0,2.0,3.0,3.0,5+/day,Fail
Female,South,B.E.,10th Pass,Hindi,5G/Excellent,Yes,9,6,25.7,85.1,5.4,5,5.6,59.2,39.9,2.0,3.0,3.0,3.0,5.0,13.0,3.0,4.0,4.0,7.0,5+/day,Pass
Female,Central,BCA,12th Pass,English,4G/Good,No,10,7,10.9,69.9,4.1,1,3.79,34.7,55.7,2.0,2.0,4.0,2.0,3.0,63.0,1.0,2.0,4.0,5.0,5+/day,Fail
Female,South,MCA,Post-Graduate,Hindi,5G/Excellent,Yes,5,7,16.0,88.2,6.4,0,7.11,75.0,76.1,5.0,5.0,3.0,1.0,3.0,13.0,2.0,3.0,4.0,5.0,3-5/day,Pass
Female,East,MCA,12th Pass,Hindi,5G/Excellent,No,10,8,11.4,100.0,6.3,3,4.72,53.3,39.1,3.0,2.0,5.0,1.0,4.0,63.0,1.0,3.0,2.0,3.0,1-3/day,At-Risk
Male,East,MCA,10th Pass,English,5G/Excellent,No,9,5,8.9,66.7,8.5,1,3.94,48.3,59.7,5.0,4.0,5.0,2.0,4.0,38.0,3.0,3.0,3.0,5.0,5+/day,Fail
Female,South,B.E.,10th Pass,Hindi,3G/Moderate,No,9,6,24.3,65.9,4.6,5,4.64,56.2,57.7,5.0,3.0,4.0,2.0,2.0,63.0,3.0,3.0,1.0,3.0,5+/day,Fail
Male,West,B.Com,Post-Graduate,Regional,2G/Slow,Yes,6,4,4.3,63.8,7.3,4,5.17,50.9,21.8,2.0,2.0,3.0,3.0,4.0,38.0,3.0,3.0,3.0,3.0,5+/day,Fail
Female,East,B.E.,12th Pass,English,4G/Good,No,8,5,13.9,76.3,9.2,5,6.51,61.7,50.1,5.0,4.0,1.0,2.0,5.0,63.0,3.0,3.0,2.0,5.0,1-3/day,At-Risk
Other,South,B.Tech,12th Pass,Hindi,4G/Good,Yes,9,8,14.2,92.3,4.3,3,6.31,70.3,50.6,5.0,4.0,4.0,4.0,4.0,38.0,3.0,1.0,3.0,7.0,5+/day,Pass
Male,South,B.E.,12th Pass,English,3G/Moderate,Yes,9,6,16.5,93.4,4.9,2,4.87,56.1,63.2,4.0,5.0,4.0,2.0,4.0,63.0,4.0,2.0,2.0,5.0,5+/day,Pass
Male,North,B.Tech,10th Pass,English,4G/Good,No,8,6,10.0,87.1,4.6,5,5.83,55.3,60.5,3.0,3.0,4.0,1.0,4.0,88.0,2.0,4.0,3.0,1.0,3-5/day,At-Risk
Female,East,B.Tech,10th Pass,Hindi,4G/Good,Yes,4,7,12.8,84.4,7.2,0,5.4,46.9,70.8,4.0,4.0,3.0,4.0,5.0,63.0,4.0,4.0,4.0,5.0,Never,Pass
Male,North,B.Tech,Graduate,English,2G/Slow,No,8,8,31.1,97.3,7.1,5,7.33,45.6,84.2,5.0,4.0,4.0,4.0,4.0,38.0,3.0,1.0,3.0,7.0,5+/day,Pass
Female,North,B.Tech,Graduate,Regional,4G/Good,No,2,6,16.2,76.1,7.9,3,6.85,65.8,75.0,4.0,2.0,4.0,1.0,2.0,13.0,3.0,2.0,3.0,5.0,5+/day,Pass
Male,West,BCA,10th Pass,English,5G/Excellent,No,3,7,11.8,88.7,6.6,5,5.47,50.9,52.4,3.0,3.0,1.0,1.0,1.0,88.0,4.0,3.0,3.0,5.0,1-3/day,Pass
Male,West,B.Tech,Graduate,English,4G/Good,No,9,7,19.6,100.0,9.2,1,7.05,69.0,63.5,3.0,3.0,4.0,1.0,5.0,63.0,3.0,2.0,4.0,3.0,5+/day,At-Risk
Other,West,B.Tech,Graduate,Hindi,4G/Good,Yes,10,4,18.5,96.8,7.3,5,6.5,48.4,65.0,3.0,4.0,5.0,4.0,5.0,88.0,2.0,4.0,3.0,5.0,5+/day,Pass
Female,East,B.Tech,Post-Graduate,Hindi,No Access,No,4,8,31.5,68.5,8.4,3,6.47,74.4,55.2,4.0,5.0,4.0,2.0,3.0,38.0,1.0,4.0,2.0,3.0,1-3/day,At-Risk
Female,Central,B.Tech,10th Pass,Hindi,4G/Good,No,2,8,16.1,75.1,6.7,4,5.31,65.9,14.3,3.0,4.0,4.0,1.0,3.0,88.0,1.0,3.0,4.0,3.0,1-3/day,At-Risk
Male,Central,B.Tech,10th Pass,English,5G/Excellent,No,3,6,21.4,100.0,5.9,3,6.71,70.8,70.0,4.0,3.0,4.0,3.0,3.0,88.0,3.0,4.0,4.0,5.0,5+/day,Pass
Female,Northeast,BCA,Graduate,Regional,4G/Good,No,7,4,9.6,75.1,6.2,0,3.26,41.2,45.0,5.0,3.0,4.0,3.0,1.0,38.0,2.0,4.0,2.0,5.0,5+/day,At-Risk
Female,West,B.Com,10th Pass,Regional,3G/Moderate,No,9,5,13.0,100.0,8.6,5,3.48,30.2,58.3,4.0,2.0,5.0,3.0,1.0,88.0,3.0,3.0,4.0,5.0,1-3/day,Fail
Female,South,M.Tech,Below 10th,Hindi,4G/Good,No,7,6,13.7,76.8,7.7,0,5.52,80.5,37.7,4.0,4.0,3.0,1.0,3.0,63.0,3.0,4.0,3.0,3.0,5+/day,At-Risk
Female,Central,M.Tech,Graduate,Regional,5G/Excellent,No,8,7,7.6,79.6,7.6,2,5.15,62.5,37.9,4.0,1.0,5.0,3.0,2.0,38.0,3.0,3.0,3.0,1.0,5+/day,At-Risk
Female,South,B.Tech,10th Pass,Hindi,3G/Moderate,No,3,5,18.3,71.0,8.0,3,5.7,54.7,80.1,3.0,3.0,4.0,2.0,5.0,63.0,3.0,4.0,3.0,1.0,5+/day,Fail
Male,North,B.Tech,12th Pass,English,4G/Good,No,7,5,19.8,73.0,6.9,3,6.28,44.2,34.3,4.0,3.0,4.0,5.0,3.0,38.0,2.0,2.0,4.0,7.0,3-5/day,At-Risk
Male,South,B.Tech,12th Pass,English,3G/Moderate,No,1,6,18.9,79.7,10.7,4,6.98,62.9,46.3,4.0,1.0,5.0,4.0,5.0,38.0,3.0,1.0,2.0,7.0,5+/day,At-Risk
Female,North,MCA,Graduate,English,4G/Good,Yes,6,4,6.7,84.2,6.2,0,6.42,58.3,65.6,3.0,2.0,4.0,1.0,3.0,63.0,3.0,3.0,3.0,5.0,Never,At-Risk
Male,Central,B.Tech,10th Pass,Regional,4G/Good,No,3,8,11.2,77.2,6.7,1,5.87,63.9,30.9,4.0,2.0,5.0,3.0,1.0,38.0,2.0,3.0,4.0,5.0,5+/day,At-Risk
Female,East,BCA,Graduate,English,5G/Excellent,Yes,2,4,15.2,90.4,5.8,2,5.77,53.3,38.0,3.0,3.0,4.0,2.0,5.0,63.0,3.0,4.0,3.0,1.0,5+/day,Pass
Male,East,B.Tech,12th Pass,Hindi,4G/Good,No,4,6,9.8,77.2,7.2,3,3.44,13.4,46.5,3.0,3.0,5.0,3.0,4.0,38.0,3.0,4.0,4.0,3.0,5+/day,At-Risk
Female,West,B.Tech,12th Pass,English,4G/Good,No,9,8,3.7,57.2,3.9,2,4.22,32.9,36.4,3.0,3.0,3.0,3.0,3.0,88.0,2.0,2.0,2.0,7.0,5+/day,Fail
Female,East,B.Com,10th Pass,Hindi,5G/Excellent,No,6,5,24.7,79.5,3.0,3,6.19,70.1,52.0,3.0,4.0,5.0,4.0,5.0,63.0,1.0,3.0,3.0,3.0,5+/day,Pass
Male,North,MCA,10th Pass,English,3G/Moderate,No,9,7,28.6,76.3,5.5,5,5.33,41.9,55.7,5.0,3.0,3.0,2.0,3.0,13.0,3.0,4.0,4.0,1.0,5+/day,Pass
Male,East,MCA,12th Pass,Regional,4G/Good,No,8,4,26.0,99.8,7.4,3,5.26,39.5,61.7,2.0,1.0,2.0,2.0,5.0,63.0,4.0,4.0,3.0,1.0,3-5/day,At-Risk
Male,West,BCA,12th Pass,English,4G/Good,Yes,5,8,20.0,92.8,8.0,4,6.3,66.8,68.8,3.0,3.0,1.0,1.0,1.0,88.0,4.0,3.0,3.0,5.0,1-3/day,Pass
Female,South,M.Tech,Post-Graduate,Regional,3G/Moderate,Yes,8,4,13.8,93.9,4.6,3,5.99,58.7,57.4,3.0,3.0,3.0,1.0,1.0,63.0,3.0,4.0,4.0,7.0,3-5/day,Pass
Female,West,BCA,12th Pass,Regional,3G/Moderate,No,2,8,33.2,90.4,4.0,2,6.38,46.0,61.0,1.0,2.0,2.0,3.0,4.0,13.0,3.0,2.0,2.0,5.0,5+/day,Pass
Male,North,B.Com,12th Pass,Hindi,4G/Good,No,8,7,25.5,87.3,5.4,2,6.86,75.0,81.5,4.0,2.0,5.0,3.0,1.0,63.0,4.0,4.0,4.0,7.0,5+/day,Pass
Female,North,B.Tech,12th Pass,English,4G/Good,Yes,1,6,12.2,87.2,5.4,4,7.21,54.2,73.6,2.0,2.0,2.0,1.0,4.0,88.0,4.0,3.0,4.0,5.0,3-5/day,Pass
Male,North,BCA,Graduate,English,3G/Moderate,No,3,6,28.6,93.1,6.8,4,7.26,70.2,75.3,4.0,2.0,3.0,3.0,4.0,88.0,3.0,4.0,4.0,1.0,5+/day,Pass
Male,South,BCA,12th Pass,Regional,5G/Excellent,Yes,7,8,19.2,89.0,6.7,2,7.04,75.7,64.9,5.0,1.0,4.0,4.0,5.0,88.0,3.0,2.0,4.0,3.0,3-5/day,At-Risk
Female,Northeast,B.E.,10th Pass,English,4G/Good,No,4,8,27.2,75.7,8.7,2,6.84,60.7,70.3,1.0,2.0,5.0,2.0,5.0,38.0,3.0,4.0,3.0,7.0,5+/day,At-Risk
Male,Northeast,M.Tech,Graduate,English,5G/Excellent,Yes,7,6,29.2,65.0,5.9,3,7.12,69.2,73.2,4.0,2.0,5.0,2.0,2.0,38.0,4.0,1.0,3.0,1.0,5+/day,At-Risk
Male,South,B.Com,12th Pass,Hindi,3G/Moderate,No,1,5,13.4,59.4,4.5,0,5.09,31.6,37.9,5.0,3.0,5.0,1.0,4.0,88.0,3.0,4.0,4.0,5.0,5+/day,Fail
Male,East,B.E.,12th Pass,English,5G/Excellent,Yes,7,5,17.1,71.8,7.0,2,7.07,74.6,62.0,2.0,2.0,3.0,4.0,4.0,88.0,4.0,3.0,4.0,1.0,5+/day,At-Risk
Male,West,B.E.,12th Pass,English,4G/Good,Yes,3,5,19.7,73.2,5.1,1,7.38,65.6,43.8,5.0,4.0,4.0,4.0,4.0,38.0,3.0,1.0,3.0,7.0,5+/day,At-Risk
Male,North,B.E.,Graduate,Hindi,5G/Excellent,No,2,7,18.6,80.9,5.1,0,6.35,74.5,74.5,4.0,3.0,4.0,2.0,3.0,88.0,1.0,3.0,4.0,5.0,5+/day,Pass
Male,North,M.Tech,10th Pass,English,4G/Good,No,9,8,10.8,80.5,9.0,1,5.49,36.1,24.3,3.0,5.0,4.0,3.0,5.0,88.0,4.0,3.0,3.0,5.0,3-5/day,At-Risk
Female,Central,BCA,Below 10th,English,4G/Good,No,2,4,18.8,100.0,7.9,0,5.27,38.2,58.2,4.0,1.0,4.0,2.0,4.0,38.0,3.0,2.0,3.0,5.0,3-5/day,At-Risk
Male,East,B.Tech,Graduate,Hindi,4G/Good,No,3,4,16.0,88.7,5.9,2,4.85,51.1,64.1,2.0,2.0,1.0,4.0,5.0,88.0,4.0,3.0,2.0,7.0,3-5/day,Pass
Female,Central,B.E.,Below 10th,English,4G/Good,No,3,8,16.1,73.1,9.2,4,6.29,45.4,38.4,1.0,2.0,5.0,2.0,5.0,38.0,3.0,4.0,3.0,7.0,5+/day,Fail
Male,South,B.Tech,Graduate,Hindi,5G/Excellent,No,4,6,7.0,98.5,7.7,4,5.92,55.5,38.6,5.0,4.0,4.0,4.0,4.0,38.0,3.0,1.0,3.0,7.0,5+/day,Pass
Male,West,MCA,Below 10th,English,2G/Slow,No,7,8,16.4,79.2,7.1,2,3.6,32.6,42.7,4.0,1.0,5.0,3.0,2.0,38.0,3.0,3.0,3.0,1.0,5+/day,At-Risk
Female,North,B.Tech,10th Pass,Hindi,5G/Excellent,No,7,5,33.0,88.8,5.5,0,6.81,59.1,40.3,4.0,2.0,5.0,2.0,2.0,38.0,4.0,1.0,3.0,1.0,5+/day,Pass
Female,South,B.E.,Below 10th,English,5G/Excellent,Yes,9,5,21.2,87.6,3.4,2,5.22,44.7,52.2,4.0,2.0,4.0,3.0,2.0,63.0,1.0,4.0,4.0,3.0,5+/day,Pass
Male,East,MCA,12th Pass,English,4G/Good,Yes,10,4,15.8,82.5,5.2,0,5.39,37.7,78.5,3.0,4.0,3.0,5.0,5.0,63.0,3.0,2.0,3.0,3.0,3-5/day,Pass
Female,South,B.Tech,Graduate,English,3G/Moderate,No,8,8,21.8,99.0,5.8,5,4.55,35.1,47.8,5.0,2.0,5.0,2.0,3.0,88.0,3.0,2.0,3.0,7.0,3-5/day,Fail
Female,North,B.Tech,10th Pass,English,5G/Excellent,No,6,4,27.9,75.0,4.7,2,6.29,63.1,73.8,4.0,3.0,4.0,4.0,4.0,63.0,4.0,4.0,4.0,3.0,1-3/day,Pass
Female,South,B.E.,10th Pass,Regional,4G/Good,Yes,6,6,13.0,83.5,6.7,5,6.44,42.6,63.6,4.0,2.0,5.0,3.0,1.0,38.0,1.0,3.0,3.0,3.0,3-5/day,Pass
Male,North,B.Tech,Post-Graduate,English,5G/Excellent,Yes,5,7,29.8,71.2,3.4,1,7.39,73.2,72.2,5.0,2.0,3.0,2.0,4.0,88.0,4.0,3.0,2.0,7.0,5+/day,Fail
Male,West,B.Tech,12th Pass,Hindi,5G/Excellent,Yes,2,7,10.5,86.2,8.5,5,7.32,54.5,37.3,2.0,4.0,5.0,4.0,5.0,13.0,3.0,2.0,3.0,1.0,5+/day,Pass
Male,East,B.Com,Graduate,Regional,2G/Slow,No,6,6,15.3,86.9,5.8,2,6.14,70.3,54.9,4.0,2.0,2.0,1.0,4.0,63.0,3.0,3.0,3.0,5.0,5+/day,At-Risk
Female,North,MCA,Post-Graduate,Hindi,4G/Good,Yes,6,5,14.7,83.0,7.6,0,6.78,50.7,70.5,5.0,2.0,3.0,2.0,5.0,88.0,4.0,4.0,2.0,5.0,5+/day,At-Risk
Male,North,M.Tech,Post-Graduate,English,4G/Good,No,5,5,26.5,82.8,7.6,3,7.98,81.6,82.7,4.0,2.0,2.0,1.0,4.0,88.0,3.0,3.0,2.0,5.0,5+/day,Pass
Female,North,B.Com,Graduate,English,5G/Excellent,No,6,5,10.3,79.9,4.6,5,5.4,51.1,74.9,2.0,2.0,4.0,2.0,3.0,63.0,1.0,2.0,4.0,5.0,5+/day,Pass
Male,East,B.Tech,10th Pass,Regional,3G/Moderate,No,5,4,25.4,86.5,3.9,4,5.94,57.9,46.4,2.0,4.0,4.0,5.0,4.0,13.0,4.0,3.0,3.0,1.0,5+/day,Pass
Male,North,B.Tech,Post-Graduate,Hindi,3G/Moderate,Yes,4,4,16.7,89.4,5.5,3,6.55,71.0,54.2,3.0,2.0,5.0,3.0,3.0,38.0,3.0,3.0,3.0,3.0,3-5/day,Pass
Female,West,B.Tech,Graduate,Hindi,5G/Excellent,No,3,7,19.0,67.5,7.1,2,6.24,62.8,50.1,5.0,3.0,5.0,4.0,2.0,13.0,3.0,3.0,3.0,5.0,5+/day,At-Risk
Male,North,MCA,Graduate,English,2G/Slow,No,1,5,26.3,78.7,6.7,0,6.42,59.1,49.3,4.0,5.0,3.0,4.0,4.0,38.0,3.0,2.0,3.0,3.0,5+/day,Pass
Female,North,BCA,Below 10th,Regional,4G/Good,Yes,4,5,21.4,77.7,8.2,4,7.06,59.9,67.8,2.0,2.0,4.0,1.0,4.0,13.0,3.0,1.0,4.0,7.0,5+/day,Pass
Female,Central,B.Tech,Post-Graduate,Hindi,3G/Moderate,No,9,6,26.9,89.9,7.1,2,6.83,40.5,63.8,4.0,3.0,4.0,4.0,5.0,88.0,4.0,4.0,4.0,3.0,5+/day,At-Risk
Female,West,B.E.,Graduate,English,4G/Good,No,7,7,25.3,96.5,7.2,3,5.34,70.2,63.6,4.0,2.0,5.0,3.0,1.0,38.0,2.0,3.0,4.0,5.0,5+/day,Pass
Female,North,B.E.,Graduate,Hindi,4G/Good,No,7,4,36.3,87.1,5.3,4,7.94,59.3,42.9,5.0,4.0,1.0,2.0,5.0,63.0,3.0,3.0,2.0,5.0,1-3/day,Pass
Female,Northeast,B.E.,Below 10th,English,4G/Good,Yes,7,7,26.1,83.7,6.1,2,7.16,73.8,55.4,5.0,1.0,4.0,2.0,1.0,88.0,3.0,2.0,3.0,5.0,5+/day,At-Risk
Female,East,M.Tech,10th Pass,English,5G/Excellent,Yes,4,5,18.9,72.8,6.2,4,6.85,63.6,84.0,3.0,4.0,3.0,4.0,4.0,38.0,3.0,2.0,2.0,3.0,5+/day,Pass
Female,Northeast,B.E.,Post-Graduate,Regional,2G/Slow,No,7,5,18.4,100.0,7.4,1,5.46,32.5,55.6,5.0,3.0,4.0,2.0,2.0,63.0,3.0,3.0,1.0,3.0,5+/day,At-Risk
Male,East,B.Com,12th Pass,English,4G/Good,No,2,4,30.2,70.9,7.6,4,8.05,61.3,64.6,3.0,4.0,5.0,4.0,5.0,63.0,1.0,3.0,3.0,3.0,5+/day,At-Risk
Male,West,B.E.,10th Pass,Hindi,4G/Good,No,8,4,20.3,66.9,6.2,1,6.48,64.9,67.3,4.0,3.0,4.0,1.0,4.0,38.0,2.0,3.0,4.0,7.0,3-5/day,Fail
Male,Central,BCA,Graduate,English,4G/Good,Yes,10,7,21.7,90.6,6.2,5,5.39,39.9,37.6,5.0,1.0,5.0,2.0,2.0,38.0,3.0,1.0,3.0,5.0,5+/day,At-Risk
Male,North,B.Com,Below 10th,English,4G/Good,Yes,8,8,26.5,75.9,7.0,4,6.63,49.7,77.8,3.0,3.0,4.0,1.0,4.0,63.0,3.0,1.0,4.0,7.0,1-3/day,At-Risk
Female,West,B.Com,12th Pass,Hindi,2G/Slow,No,9,5,15.9,91.2,9.4,4,4.83,55.3,44.4,3.0,4.0,5.0,3.0,4.0,63.0,2.0,4.0,3.0,3.0,3-5/day,At-Risk
Female,South,B.Tech,10th Pass,Regional,5G/Excellent,No,5,5,12.1,99.2,3.9,4,6.57,60.8,33.4,2.0,1.0,4.0,4.0,4.0,38.0,3.0,3.0,2.0,5.0,5+/day,Pass
Female,North,B.Tech,10th Pass,English,4G/Good,No,10,8,22.4,78.8,5.1,1,5.77,67.7,73.4,3.0,1.0,3.0,1.0,2.0,88.0,1.0,4.0,3.0,3.0,5+/day,At-Risk
Male,North,B.E.,10th Pass,English,3G/Moderate,No,8,7,14.9,87.5,5.2,2,4.41,42.1,62.1,4.0,4.0,5.0,1.0,4.0,38.0,2.0,3.0,4.0,1.0,5+/day,At-Risk
Female,North,B.E.,10th Pass,Hindi,4G/Good,Yes,2,6,29.0,76.6,4.5,3,7.96,50.8,61.9,5.0,1.0,4.0,2.0,1.0,63.0,1.0,2.0,3.0,5.0,1-3/day,Pass
Male,West,BCA,10th Pass,English,3G/Moderate,No,10,6,1.2,82.9,5.3,4,3.6,29.0,57.7,5.0,1.0,4.0,3.0,5.0,88.0,4.0,2.0,3.0,5.0,5+/day,Fail
Female,East,B.Com,12th Pass,English,2G/Slow,Yes,10,5,14.9,80.5,7.1,5,6.14,61.2,68.6,2.0,3.0,4.0,3.0,4.0,88.0,2.0,3.0,4.0,5.0,5+/day,Pass
Female,East,B.Tech,Post-Graduate,English,2G/Slow,No,8,6,20.5,93.5,7.9,3,4.19,38.1,66.3,1.0,2.0,3.0,3.0,1.0,63.0,4.0,3.0,4.0,3.0,5+/day,Pass
Male,North,B.E.,12th Pass,English,3G/Moderate,No,10,7,14.0,75.5,6.8,3,5.03,62.4,48.9,5.0,4.0,5.0,2.0,4.0,38.0,3.0,3.0,3.0,5.0,5+/day,At-Risk
Male,South,B.Tech,10th Pass,English,3G/Moderate,No,9,6,28.7,73.9,6.8,4,5.32,39.5,54.5,2.0,2.0,4.0,1.0,4.0,13.0,3.0,1.0,4.0,7.0,5+/day,Fail
Male,Central,M.Tech,10th Pass,English,4G/Good,No,6,4,20.4,79.6,5.1,1,7.68,74.1,89.4,5.0,1.0,4.0,2.0,1.0,88.0,3.0,2.0,3.0,5.0,5+/day,At-Risk
Female,South,B.Com,Graduate,English,4G/Good,Yes,6,7,14.2,90.0,3.0,0,5.27,45.3,16.7,2.0,2.0,4.0,1.0,4.0,13.0,3.0,1.0,4.0,7.0,5+/day,At-Risk
Female,West,B.E.,Post-Graduate,Regional,4G/Good,Yes,4,8,20.6,72.4,7.1,0,7.2,57.2,59.8,4.0,3.0,4.0,4.0,4.0,38.0,1.0,2.0,2.0,1.0,5+/day,Pass
Female,West,B.Tech,10th Pass,English,No Access,No,8,5,9.0,67.8,8.5,0,3.89,33.6,59.3,3.0,2.0,5.0,3.0,4.0,38.0,3.0,3.0,2.0,1.0,5+/day,Fail
Male,West,MCA,10th Pass,Regional,5G/Excellent,No,7,7,22.6,96.1,7.9,4,5.18,38.9,35.7,2.0,2.0,4.0,2.0,3.0,63.0,1.0,2.0,4.0,5.0,5+/day,At-Risk
Male,East,BCA,12th Pass,Hindi,5G/Excellent,No,9,6,28.2,55.3,6.4,3,5.23,45.1,53.8,4.0,4.0,3.0,4.0,5.0,38.0,3.0,2.0,1.0,3.0,5+/day,Fail
Female,Northeast,B.E.,Graduate,English,5G/Excellent,No,1,7,17.9,66.4,6.6,0,6.36,72.6,52.0,4.0,3.0,4.0,4.0,5.0,88.0,4.0,4.0,4.0,3.0,5+/day,Fail
Female,South,M.Tech,12th Pass,Regional,4G/Good,No,10,8,18.9,100.0,8.6,5,4.42,81.6,29.3,3.0,2.0,5.0,1.0,4.0,63.0,1.0,3.0,2.0,3.0,1-3/day,At-Risk
Male,Central,B.Com,12th Pass,English,4G/Good,Yes,8,7,11.0,61.0,5.5,4,5.41,56.9,46.8,4.0,3.0,4.0,1.0,4.0,38.0,2.0,3.0,4.0,7.0,3-5/day,Fail
Male,North,BCA,Graduate,English,3G/Moderate,Yes,8,8,13.6,76.7,5.8,4,5.49,54.6,55.7,5.0,2.0,5.0,2.0,4.0,88.0,1.0,3.0,4.0,5.0,5+/day,At-Risk
Female,South,BCA,Post-Graduate,English,5G/Excellent,Yes,9,8,26.3,74.2,3.8,4,7.01,60.7,74.5,4.0,2.0,2.0,4.0,3.0,13.0,3.0,2.0,3.0,3.0,5+/day,Pass
Male,North,B.Tech,10th Pass,Hindi,3G/Moderate,No,7,7,18.1,54.5,7.2,1,5.15,40.1,78.8,2.0,4.0,1.0,5.0,5.0,63.0,3.0,4.0,4.0,5.0,5+/day,Fail
Male,West,BCA,Post-Graduate,Hindi,3G/Moderate,No,9,5,34.5,70.0,5.8,5,6.56,72.0,52.0,3.0,2.0,4.0,2.0,2.0,13.0,3.0,3.0,3.0,1.0,5+/day,At-Risk
Male,South,B.E.,10th Pass,English,4G/Good,Yes,10,5,22.9,85.2,6.1,2,4.88,49.1,57.2,3.0,2.0,4.0,1.0,3.0,63.0,3.0,3.0,3.0,5.0,Never,At-Risk
Female,North,B.Tech,Graduate,English,4G/Good,No,8,6,10.9,91.1,7.5,1,5.75,42.0,72.5,4.0,1.0,5.0,2.0,5.0,38.0,4.0,4.0,2.0,3.0,1-3/day,At-Risk
Female,North,B.Tech,12th Pass,Hindi,4G/Good,Yes,9,7,35.0,95.2,5.4,3,7.07,86.9,67.7,1.0,3.0,5.0,5.0,4.0,0.0,3.0,3.0,4.0,3.0,3-5/day,Pass
Female,Central,B.Tech,12th Pass,English,2G/Slow,Yes,9,7,8.8,77.5,7.2,4,4.81,71.4,35.4,5.0,5.0,4.0,2.0,4.0,88.0,4.0,3.0,1.0,7.0,5+/day,At-Risk
Female,Northeast,B.Tech,Graduate,English,4G/Good,No,1,4,16.2,59.8,7.3,1,6.0,64.4,72.2,3.0,3.0,4.0,1.0,2.0,63.0,3.0,3.0,4.0,3.0,5+/day,Fail
Male,East,B.E.,10th Pass,Hindi,5G/Excellent,No,3,5,20.1,82.6,6.0,0,4.93,36.0,69.8,3.0,3.0,3.0,3.0,3.0,88.0,2.0,2.0,2.0,7.0,5+/day,Pass
Male,East,BCA,Below 10th,Regional,5G/Excellent,No,6,8,21.0,98.5,7.8,2,5.09,40.5,60.8,4.0,2.0,4.0,1.0,2.0,13.0,3.0,2.0,3.0,5.0,5+/day,Pass
Female,East,BCA,12th Pass,English,4G/Good,No,7,4,14.5,100.0,6.3,4,6.1,44.8,51.1,4.0,3.0,4.0,5.0,3.0,38.0,2.0,2.0,4.0,7.0,3-5/day,Pass
Male,South,B.E.,12th Pass,English,4G/Good,Yes,4,7,18.9,93.8,7.6,1,5.66,77.2,52.8,3.0,1.0,4.0,1.0,4.0,63.0,3.0,3.0,4.0,5.0,5+/day,At-Risk
Female,Central,B.E.,10th Pass,Regional,2G/Slow,No,10,4,28.2,65.6,5.6,0,3.98,28.8,15.8,4.0,3.0,4.0,3.0,3.0,88.0,3.0,4.0,4.0,5.0,5+/day,Fail
Male,North,MCA,Post-Graduate,English,3G/Moderate,No,2,5,28.3,79.7,7.4,0,8.34,66.1,73.7,3.0,3.0,3.0,1.0,1.0,63.0,3.0,4.0,4.0,7.0,3-5/day,Pass
Male,South,B.E.,10th Pass,Hindi,3G/Moderate,No,4,7,31.6,84.8,6.0,1,6.64,69.6,74.8,4.0,3.0,4.0,2.0,3.0,88.0,1.0,3.0,4.0,5.0,5+/day,Pass
Male,South,B.Com,12th Pass,Regional,4G/Good,Yes,6,5,12.8,86.7,7.0,1,6.39,58.0,42.2,4.0,4.0,3.0,4.0,5.0,38.0,3.0,2.0,1.0,3.0,5+/day,Pass
Male,East,B.E.,10th Pass,Regional,4G/Good,Yes,4,4,20.9,60.7,7.0,5,5.87,39.2,56.0,3.0,3.0,5.0,3.0,4.0,38.0,3.0,4.0,4.0,3.0,5+/day,Fail
Male,South,BCA,12th Pass,English,4G/Good,Yes,10,6,22.0,100.0,5.9,5,6.26,65.7,49.3,1.0,2.0,5.0,3.0,3.0,38.0,3.0,4.0,3.0,1.0,3-5/day,Pass
Male,East,B.Tech,10th Pass,English,2G/Slow,Yes,2,8,6.1,97.8,5.9,5,5.0,71.1,69.3,4.0,5.0,4.0,3.0,5.0,88.0,3.0,3.0,4.0,7.0,5+/day,Pass
Other,North,BCA,12th Pass,English,4G/Good,No,9,8,16.7,82.0,6.2,5,4.58,37.7,59.0,4.0,3.0,4.0,2.0,3.0,88.0,1.0,2.0,3.0,5.0,5+/day,At-Risk
Male,East,M.Tech,10th Pass,Regional,3G/Moderate,Yes,1,6,22.7,83.5,6.6,3,6.2,50.1,72.2,4.0,2.0,4.0,2.0,3.0,63.0,3.0,3.0,3.0,7.0,3-5/day,Pass
Female,North,B.Com,Below 10th,Regional,4G/Good,No,10,6,17.8,76.0,7.4,4,5.55,67.3,54.2,2.0,2.0,3.0,2.0,3.0,63.0,3.0,3.0,2.0,7.0,5+/day,At-Risk
Female,North,B.Com,Graduate,English,3G/Moderate,No,7,6,14.0,96.8,6.9,5,5.08,59.6,57.6,2.0,3.0,2.0,2.0,5.0,63.0,3.0,3.0,4.0,3.0,5+/day,Pass
Other,North,B.Tech,12th Pass,Hindi,4G/Good,No,9,5,21.4,68.1,3.0,0,5.16,37.9,35.0,3.0,2.0,1.0,1.0,4.0,13.0,4.0,3.0,3.0,3.0,1-3/day,Fail
Female,West,BCA,10th Pass,Regional,4G/Good,Yes,3,7,27.3,83.4,7.8,3,7.24,90.3,63.9,3.0,4.0,2.0,4.0,4.0,88.0,1.0,4.0,3.0,1.0,5+/day,Pass
Female,South,B.E.,Below 10th,English,3G/Moderate,No,6,6,20.2,72.0,7.1,0,4.32,34.5,34.7,3.0,4.0,4.0,2.0,5.0,63.0,2.0,3.0,3.0,3.0,5+/day,Fail
Male,West,BCA,Graduate,English,2G/Slow,Yes,9,5,3.6,81.8,8.3,1,5.11,57.2,39.1,5.0,1.0,5.0,3.0,3.0,63.0,4.0,1.0,4.0,1.0,3-5/day,At-Risk
Male,West,B.Tech,10th Pass,English,4G/Good,Yes,9,4,27.2,96.0,7.8,0,6.08,41.4,41.2,5.0,1.0,4.0,3.0,5.0,88.0,4.0,2.0,3.0,5.0,5+/day,Fail
Male,West,M.Tech,Post-Graduate,English,2G/Slow,Yes,4,4,9.8,74.3,5.9,0,6.29,68.8,39.5,1.0,2.0,5.0,2.0,5.0,38.0,3.0,4.0,3.0,7.0,5+/day,Fail
Female,East,B.Com,12th Pass,Regional,4G/Good,No,8,6,10.4,84.2,4.7,4,5.51,41.5,44.2,4.0,3.0,4.0,1.0,4.0,63.0,3.0,3.0,4.0,5.0,3-5/day,Fail
Female,South,B.E.,10th Pass,Regional,4G/Good,Yes,8,4,20.5,80.5,9.2,1,4.91,43.5,54.1,5.0,3.0,4.0,2.0,2.0,63.0,3.0,3.0,1.0,3.0,5+/day,At-Risk
Male,South,B.Tech,Graduate,English,3G/Moderate,No,7,6,20.6,73.2,8.4,0,6.96,54.2,61.1,3.0,4.0,4.0,2.0,5.0,63.0,3.0,4.0,4.0,5.0,3-5/day,Fail
Male,West,B.Tech,Graduate,English,4G/Good,Yes,6,4,14.1,74.6,7.6,2,6.72,40.4,85.3,3.0,4.0,3.0,4.0,4.0,38.0,3.0,2.0,2.0,3.0,5+/day,Pass
Female,East,BCA,10th Pass,English,5G/Excellent,No,3,4,23.8,74.7,5.3,3,6.5,47.9,75.7,4.0,2.0,5.0,5.0,5.0,63.0,2.0,3.0,4.0,3.0,3-5/day,Fail
Male,Northeast,B.Tech,12th Pass,Regional,4G/Good,No,4,7,18.5,60.3,4.5,5,5.38,49.9,61.3,1.0,2.0,3.0,3.0,1.0,63.0,4.0,3.0,4.0,3.0,5+/day,At-Risk
Female,Northeast,B.Com,12th Pass,Hindi,5G/Excellent,No,9,7,7.8,80.1,5.8,5,3.59,24.5,47.2,5.0,2.0,5.0,1.0,1.0,38.0,4.0,4.0,3.0,7.0,3-5/day,Fail
Female,North,BCA,Post-Graduate,Hindi,3G/Moderate,Yes,10,4,11.5,82.9,7.8,0,5.38,31.7,45.7,4.0,1.0,1.0,4.0,5.0,88.0,1.0,3.0,3.0,1.0,5+/day,At-Risk
Female,North,BCA,Graduate,Hindi,4G/Good,No,7,7,16.4,63.8,3.0,0,3.9,42.6,58.9,4.0,1.0,4.0,4.0,4.0,38.0,3.0,4.0,4.0,1.0,5+/day,Fail
Female,West,BCA,10th Pass,English,4G/Good,No,8,6,18.8,76.6,5.4,3,4.88,75.5,43.2,4.0,4.0,4.0,2.0,5.0,63.0,3.0,4.0,1.0,5.0,3-5/day,At-Risk
Female,South,B.Tech,10th Pass,Hindi,5G/Excellent,Yes,6,8,14.7,79.3,10.5,0,5.46,58.1,59.7,5.0,4.0,3.0,5.0,5.0,88.0,4.0,4.0,4.0,5.0,5+/day,At-Risk
Male,North,B.Com,10th Pass,Regional,2G/Slow,No,1,6,5.6,91.7,6.0,1,4.96,61.1,73.5,4.0,1.0,3.0,2.0,4.0,38.0,4.0,3.0,3.0,3.0,5+/day,At-Risk
Female,Central,BCA,10th Pass,English,3G/Moderate,No,9,7,13.6,100.0,6.6,0,4.45,46.7,33.2,5.0,5.0,5.0,4.0,5.0,88.0,4.0,4.0,4.0,3.0,5+/day,Fail
Female,North,B.Com,10th Pass,Hindi,2G/Slow,No,3,5,23.1,86.7,6.5,1,5.84,57.2,44.9,4.0,2.0,2.0,1.0,4.0,63.0,3.0,3.0,3.0,5.0,5+/day,At-Risk
Male,Central,B.E.,Graduate,English,5G/Excellent,No,3,4,18.9,65.5,9.1,1,6.73,60.6,42.6,5.0,1.0,4.0,4.0,3.0,38.0,1.0,1.0,2.0,7.0,5+/day,Fail
Male,West,BCA,Below 10th,Hindi,4G/Good,Yes,9,7,24.9,70.9,6.0,1,5.76,52.7,31.9,4.0,5.0,3.0,4.0,4.0,38.0,3.0,2.0,3.0,3.0,5+/day,At-Risk
Male,West,B.Tech,10th Pass,Hindi,5G/Excellent,Yes,4,7,23.9,82.9,3.8,5,7.4,53.4,65.5,4.0,3.0,4.0,1.0,2.0,13.0,1.0,4.0,4.0,7.0,5+/day,Pass
Male,North,BCA,12th Pass,Hindi,3G/Moderate,No,8,7,6.3,76.6,8.0,3,3.57,43.9,52.6,3.0,2.0,5.0,1.0,5.0,88.0,3.0,3.0,3.0,7.0,3-5/day,Fail
Female,North,MCA,10th Pass,Regional,2G/Slow,Yes,4,6,13.8,81.5,4.9,1,3.94,29.5,56.4,2.0,3.0,3.0,3.0,5.0,13.0,3.0,4.0,4.0,7.0,5+/day,At-Risk
Female,East,MCA,Below 10th,English,3G/Moderate,No,2,4,23.2,91.9,4.3,0,5.56,46.4,45.6,5.0,2.0,5.0,5.0,5.0,88.0,4.0,3.0,3.0,3.0,5+/day,At-Risk
Male,North,MCA,Below 10th,Hindi,4G/Good,No,5,8,21.9,79.9,8.8,4,7.17,40.8,73.3,4.0,1.0,5.0,2.0,4.0,88.0,3.0,4.0,4.0,5.0,5+/day,Fail
Male,South,B.Tech,Below 10th,English,5G/Excellent,No,3,7,21.9,100.0,7.6,1,7.13,63.7,81.2,2.0,3.0,3.0,3.0,5.0,13.0,3.0,4.0,4.0,7.0,5+/day,Pass
Female,South,B.Com,Graduate,Regional,4G/Good,No,4,5,25.4,63.1,6.0,0,7.58,53.0,82.1,4.0,2.0,3.0,5.0,5.0,13.0,3.0,4.0,3.0,7.0,5+/day,At-Risk
Male,North,B.Com,Graduate,English,5G/Excellent,No,3,4,27.3,88.5,8.2,0,6.8,64.8,43.0,2.0,2.0,5.0,3.0,5.0,38.0,4.0,2.0,3.0,3.0,5+/day,Pass
Male,North,B.Tech,Below 10th,Regional,3G/Moderate,Yes,1,8,6.2,62.0,8.0,2,3.83,43.0,36.1,5.0,5.0,4.0,2.0,4.0,88.0,4.0,3.0,1.0,7.0,5+/day,Fail
Female,West,B.Com,10th Pass,English,4G/Good,Yes,4,5,15.5,71.8,5.5,0,7.65,62.3,67.1,4.0,3.0,4.0,1.0,4.0,38.0,2.0,3.0,4.0,7.0,3-5/day,Fail
Female,North,B.Tech,10th Pass,English,4G/Good,No,9,8,22.9,92.1,6.8,2,6.95,43.2,54.9,4.0,2.0,5.0,3.0,1.0,38.0,1.0,3.0,3.0,3.0,3-5/day,Pass
Male,North,BCA,12th Pass,English,3G/Moderate,No,7,8,23.9,57.3,6.3,0,6.32,62.8,45.3,2.0,3.0,4.0,2.0,2.0,38.0,3.0,4.0,2.0,1.0,5+/day,Fail
Male,West,B.Tech,12th Pass,Regional,No Access,No,6,4,30.6,85.6,5.5,1,5.57,71.4,73.9,4.0,3.0,4.0,2.0,5.0,88.0,4.0,3.0,3.0,1.0,5+/day,At-Risk
Male,Central,B.Com,12th Pass,English,4G/Good,No,10,6,28.8,67.1,6.6,5,5.65,64.5,47.8,2.0,2.0,5.0,3.0,5.0,38.0,4.0,2.0,3.0,3.0,5+/day,Fail
Female,South,B.Tech,10th Pass,English,No Access,No,9,5,26.4,81.2,7.7,2,5.28,60.3,46.1,4.0,2.0,3.0,2.0,5.0,38.0,3.0,2.0,2.0,5.0,5+/day,At-Risk
Female,North,B.E.,Below 10th,English,5G/Excellent,No,4,7,15.1,74.4,5.1,2,5.27,44.9,63.1,3.0,4.0,4.0,2.0,5.0,63.0,2.0,3.0,3.0,3.0,5+/day,Fail
Male,East,B.E.,Graduate,English,5G/Excellent,Yes,6,8,24.4,82.2,7.7,2,7.77,73.6,57.6,5.0,4.0,2.0,3.0,3.0,88.0,3.0,1.0,3.0,3.0,5+/day,Pass
Female,Central,B.Tech,Graduate,English,4G/Good,No,3,5,32.3,86.8,3.7,1,7.59,48.2,62.5,5.0,3.0,3.0,4.0,5.0,38.0,2.0,4.0,3.0,7.0,5+/day,Pass
Female,West,BCA,Post-Graduate,Hindi,4G/Good,No,3,4,28.9,94.7,6.8,4,8.04,57.5,52.1,5.0,2.0,5.0,5.0,5.0,88.0,4.0,3.0,3.0,3.0,5+/day,Pass
Male,West,B.Tech,Below 10th,English,3G/Moderate,No,10,5,21.1,83.7,5.4,1,3.92,54.5,57.0,2.0,2.0,5.0,3.0,5.0,38.0,4.0,2.0,3.0,3.0,5+/day,At-Risk
Male,South,BCA,Graduate,Hindi,2G/Slow,Yes,10,7,28.6,89.4,8.9,4,6.97,50.2,67.7,5.0,3.0,4.0,4.0,4.0,88.0,3.0,3.0,3.0,3.0,5+/day,Pass
Female,East,B.Com,Graduate,English,5G/Excellent,No,8,7,20.0,81.2,4.1,1,5.37,52.7,80.4,4.0,3.0,4.0,3.0,3.0,88.0,3.0,4.0,4.0,5.0,5+/day,At-Risk
Male,North,MCA,Post-Graduate,English,4G/Good,No,5,4,20.1,65.9,6.1,0,7.79,68.9,68.6,4.0,4.0,3.0,1.0,3.0,63.0,3.0,4.0,3.0,3.0,5+/day,At-Risk
Male,West,M.Tech,10th Pass,Hindi,4G/Good,Yes,8,5,16.9,68.3,5.3,1,5.4,32.5,75.2,2.0,1.0,4.0,4.0,4.0,38.0,3.0,3.0,2.0,5.0,5+/day,Fail
Female,West,B.E.,Graduate,English,4G/Good,No,9,6,8.8,99.9,5.6,4,4.66,52.9,48.9,3.0,2.0,3.0,2.0,4.0,88.0,4.0,1.0,1.0,1.0,1-3/day,At-Risk
Female,Central,B.Tech,Below 10th,English,4G/Good,No,2,6,25.2,67.4,4.8,3,6.74,77.9,69.7,4.0,3.0,5.0,2.0,4.0,38.0,3.0,3.0,3.0,5.0,5+/day,Fail
Female,South,B.E.,12th Pass,English,2G/Slow,No,7,8,17.8,84.3,6.8,0,5.58,78.7,62.9,2.0,3.0,3.0,3.0,5.0,13.0,3.0,4.0,4.0,7.0,5+/day,Pass
Female,North,B.Tech,10th Pass,English,4G/Good,No,2,8,19.5,84.1,6.8,2,5.25,60.8,62.7,4.0,3.0,4.0,1.0,4.0,13.0,1.0,2.0,2.0,1.0,3-5/day,Pass
Female,East,B.Com,Graduate,Hindi,4G/Good,Yes,7,5,22.1,83.4,3.9,1,6.5,65.1,67.5,3.0,1.0,3.0,1.0,2.0,88.0,1.0,4.0,3.0,3.0,5+/day,At-Risk
Male,West,B.Tech,Graduate,Hindi,5G/Excellent,No,3,8,14.4,94.3,7.4,5,6.52,63.9,64.3,5.0,3.0,5.0,3.0,4.0,88.0,3.0,4.0,3.0,5.0,5+/day,At-Risk
Female,West,B.Com,10th Pass,Hindi,4G/Good,Yes,8,7,24.7,74.3,4.1,0,5.39,59.2,56.6,4.0,4.0,5.0,2.0,5.0,63.0,3.0,3.0,4.0,7.0,5+/day,Fail
Male,North,B.Tech,12th Pass,English,3G/Moderate,No,4,4,17.5,79.5,6.5,4,5.78,58.8,68.6,1.0,2.0,2.0,3.0,4.0,13.0,3.0,2.0,2.0,5.0,5+/day,Pass
Male,South,MCA,Below 10th,English,3G/Moderate,Yes,9,8,17.7,77.9,9.1,2,3.98,69.4,42.7,4.0,4.0,3.0,4.0,5.0,38.0,3.0,2.0,1.0,3.0,5+/day,Pass
Female,East,B.Tech,12th Pass,English,4G/Good,Yes,4,6,0.0,54.8,5.2,4,5.58,62.7,50.5,3.0,4.0,4.0,2.0,5.0,63.0,2.0,3.0,3.0,3.0,5+/day,Fail
Female,South,B.Tech,10th Pass,Hindi,4G/Good,Yes,2,7,19.6,72.9,6.1,0,6.45,70.7,50.0,5.0,5.0,3.0,1.0,3.0,13.0,2.0,3.0,4.0,5.0,3-5/day,At-Risk
Male,Northeast,BCA,10th Pass,Hindi,4G/Good,Yes,4,6,12.0,94.8,5.3,0,4.91,48.6,47.3,4.0,1.0,3.0,2.0,3.0,88.0,3.0,3.0,3.0,7.0,3-5/day,Fail
Female,East,B.Tech,Graduate,English,4G/Good,No,5,8,16.0,100.0,5.5,0,5.5,27.6,63.5,4.0,1.0,5.0,1.0,4.0,63.0,4.0,3.0,4.0,3.0,3-5/day,Fail
Male,West,BCA,Below 10th,Regional,4G/Good,No,8,8,13.1,93.4,7.0,0,4.55,14.2,49.6,2.0,2.0,2.0,1.0,4.0,88.0,4.0,3.0,4.0,5.0,3-5/day,Fail
Male,East,BCA,12th Pass,English,3G/Moderate,No,3,7,13.6,86.7,8.9,4,6.03,48.5,71.5,5.0,4.0,5.0,2.0,4.0,38.0,3.0,3.0,3.0,5.0,5+/day,At-Risk
Male,West,B.Tech,Graduate,Regional,4G/Good,Yes,9,6,16.9,65.5,6.4,3,5.77,67.2,48.6,5.0,1.0,5.0,3.0,4.0,63.0,1.0,3.0,3.0,3.0,5+/day,Fail
Female,South,B.Com,Post-Graduate,English,3G/Moderate,No,9,4,21.9,84.2,8.3,0,5.63,61.3,50.2,4.0,1.0,4.0,4.0,4.0,38.0,3.0,4.0,4.0,1.0,5+/day,At-Risk
Female,Northeast,B.E.,Graduate,Regional,4G/Good,No,10,4,29.0,83.2,5.4,2,4.42,44.7,32.3,1.0,2.0,5.0,1.0,5.0,13.0,3.0,3.0,3.0,3.0,5+/day,At-Risk
Male,South,BCA,10th Pass,English,4G/Good,No,3,7,19.6,100.0,8.2,4,6.87,69.6,71.4,2.0,4.0,4.0,5.0,4.0,13.0,4.0,3.0,3.0,1.0,5+/day,Pass
Female,East,B.E.,Graduate,Regional,3G/Moderate,No,8,8,15.3,61.0,9.0,1,5.66,61.4,27.7,4.0,2.0,4.0,1.0,4.0,63.0,3.0,1.0,4.0,3.0,5+/day,Fail
Male,North,BCA,10th Pass,English,4G/Good,Yes,6,7,16.3,67.0,8.3,1,7.72,90.4,85.1,4.0,5.0,4.0,2.0,5.0,38.0,2.0,2.0,4.0,5.0,5+/day,At-Risk
Female,East,B.Tech,Post-Graduate,English,4G/Good,Yes,6,6,25.2,96.5,7.6,4,8.73,69.4,87.6,2.0,5.0,2.0,5.0,5.0,63.0,2.0,2.0,3.0,3.0,3-5/day,Pass
Male,South,B.Tech,Graduate,English,3G/Moderate,No,2,4,21.5,100.0,7.4,4,8.52,63.6,92.4,3.0,4.0,2.0,4.0,4.0,88.0,1.0,4.0,3.0,1.0,5+/day,Pass
Male,South,B.E.,Graduate,Regional,5G/Excellent,No,8,8,9.7,86.0,5.4,0,4.23,48.9,50.4,5.0,1.0,5.0,1.0,5.0,38.0,1.0,3.0,2.0,3.0,5+/day,Fail
Female,Central,B.E.,Below 10th,Regional,2G/Slow,No,7,6,13.6,77.6,4.3,4,3.91,47.2,77.7,1.0,4.0,2.0,3.0,4.0,63.0,2.0,3.0,4.0,7.0,5+/day,At-Risk
Male,North,B.E.,12th Pass,English,4G/Good,Yes,2,4,18.6,88.9,7.5,2,7.17,65.5,78.7,5.0,1.0,5.0,1.0,5.0,38.0,1.0,3.0,2.0,3.0,5+/day,Pass
Male,West,BCA,Graduate,Hindi,3G/Moderate,No,4,4,16.9,100.0,5.3,1,6.88,65.9,75.2,5.0,2.0,3.0,1.0,4.0,13.0,3.0,2.0,4.0,5.0,5+/day,Pass
Female,Central,BCA,Graduate,Hindi,5G/Excellent,No,5,5,14.3,74.2,5.4,2,5.15,71.9,57.1,5.0,1.0,5.0,2.0,2.0,38.0,3.0,1.0,3.0,5.0,5+/day,Fail
Female,North,B.Tech,Below 10th,English,5G/Excellent,No,9,8,16.8,87.6,4.3,5,6.53,61.3,40.5,4.0,2.0,2.0,1.0,4.0,63.0,3.0,3.0,3.0,5.0,5+/day,At-Risk
Male,West,B.Tech,Post-Graduate,English,4G/Good,No,10,7,20.1,79.6,5.6,2,5.86,51.8,55.3,1.0,4.0,3.0,2.0,4.0,13.0,2.0,3.0,2.0,7.0,1-3/day,Pass
Male,South,B.E.,Below 10th,Regional,5G/Excellent,Yes,2,5,20.8,86.4,8.1,0,7.45,61.4,60.2,4.0,5.0,4.0,2.0,4.0,63.0,4.0,2.0,2.0,5.0,5+/day,Pass
Male,North,B.Tech,12th Pass,Hindi,3G/Moderate,Yes,7,4,18.4,91.3,7.9,5,5.37,38.3,50.0,3.0,3.0,4.0,1.0,5.0,63.0,3.0,2.0,4.0,3.0,5+/day,At-Risk
Male,South,B.Tech,Graduate,English,2G/Slow,No,5,8,24.6,75.0,4.5,4,6.29,49.8,56.9,4.0,3.0,4.0,4.0,5.0,88.0,4.0,4.0,4.0,3.0,5+/day,At-Risk
Male,Central,B.Tech,Below 10th,English,3G/Moderate,No,2,8,21.3,93.8,5.1,5,4.95,66.5,60.3,3.0,5.0,5.0,1.0,5.0,38.0,3.0,3.0,4.0,7.0,3-5/day,At-Risk
Female,North,B.Com,Below 10th,English,3G/Moderate,Yes,10,5,11.0,76.1,3.8,1,5.05,49.4,51.9,3.0,4.0,5.0,3.0,1.0,38.0,1.0,3.0,3.0,5.0,5+/day,Pass
Other,East,BCA,Graduate,Hindi,4G/Good,Yes,3,6,15.7,88.9,7.0,1,6.61,55.5,44.3,2.0,2.0,2.0,1.0,4.0,88.0,4.0,3.0,4.0,5.0,3-5/day,At-Risk
Male,East,B.Tech,10th Pass,English,4G/Good,No,5,6,17.1,58.7,6.8,1,6.63,72.6,39.7,3.0,3.0,4.0,2.0,5.0,63.0,3.0,4.0,3.0,1.0,5+/day,Fail
Male,Northeast,B.Tech,Below 10th,Hindi,4G/Good,Yes,10,7,17.0,91.2,6.9,2,6.61,57.8,69.4,3.0,1.0,4.0,1.0,4.0,63.0,3.0,3.0,4.0,5.0,5+/day,At-Risk
Male,North,BCA,Graduate,English,4G/Good,No,1,8,12.6,71.4,5.8,5,5.58,69.5,41.7,5.0,3.0,3.0,2.0,3.0,13.0,3.0,4.0,4.0,1.0,5+/day,At-Risk
Male,West,B.E.,Graduate,English,3G/Moderate,No,7,5,14.3,76.0,7.5,1,5.5,60.3,27.9,1.0,5.0,4.0,3.0,4.0,38.0,3.0,3.0,4.0,7.0,5+/day,Pass
Female,West,MCA,12th Pass,English,No Access,No,1,4,24.4,54.9,6.1,1,5.05,36.4,51.0,4.0,2.0,5.0,3.0,1.0,88.0,3.0,3.0,4.0,5.0,1-3/day,Fail
Male,West,B.Com,10th Pass,Regional,4G/Good,No,6,6,11.2,79.3,7.9,2,5.41,63.7,60.1,2.0,3.0,2.0,3.0,1.0,13.0,1.0,3.0,1.0,1.0,1-3/day,Pass
Male,Central,BCA,Below 10th,English,4G/Good,Yes,6,5,16.1,97.9,4.9,0,4.53,49.1,48.2,5.0,4.0,1.0,2.0,5.0,63.0,3.0,3.0,2.0,5.0,1-3/day,At-Risk
Female,Northeast,B.Tech,Graduate,Regional,2G/Slow,No,1,7,26.9,63.2,7.8,2,4.77,46.0,39.9,2.0,4.0,1.0,5.0,5.0,63.0,3.0,4.0,4.0,5.0,5+/day,At-Risk
Male,North,MCA,12th Pass,English,2G/Slow,Yes,7,7,17.6,84.3,7.1,2,6.28,60.7,82.4,5.0,3.0,4.0,5.0,3.0,63.0,4.0,4.0,4.0,5.0,3-5/day,Pass
Female,East,B.Com,Graduate,Hindi,4G/Good,No,8,8,34.8,57.5,7.5,5,5.86,56.3,38.8,3.0,4.0,4.0,1.0,3.0,88.0,1.0,3.0,4.0,3.0,1-3/day,Fail
Male,South,BCA,Graduate,English,3G/Moderate,No,3,7,29.4,80.2,6.0,0,6.53,43.7,65.6,2.0,2.0,2.0,1.0,5.0,88.0,4.0,4.0,4.0,5.0,5+/day,At-Risk
Female,South,BCA,12th Pass,Hindi,5G/Excellent,Yes,10,7,2.9,92.3,9.1,3,4.51,43.4,54.8,4.0,5.0,4.0,2.0,3.0,38.0,1.0,4.0,2.0,3.0,1-3/day,Pass
Female,South,B.Tech,Below 10th,Regional,3G/Moderate,Yes,1,6,10.5,80.7,5.4,5,4.98,45.4,53.3,4.0,4.0,4.0,2.0,5.0,63.0,3.0,4.0,1.0,5.0,3-5/day,At-Risk
Female,South,B.E.,Post-Graduate,English,No Access,Yes,2,6,18.5,91.4,9.9,3,6.36,40.3,64.5,2.0,2.0,2.0,1.0,5.0,88.0,4.0,4.0,4.0,5.0,5+/day,At-Risk
Female,South,BCA,12th Pass,English,4G/Good,No,1,7,15.9,76.0,7.2,4,5.8,51.6,68.9,1.0,2.0,5.0,2.0,5.0,38.0,3.0,4.0,3.0,7.0,5+/day,At-Risk
Male,Central,B.Com,12th Pass,Hindi,5G/Excellent,Yes,9,8,23.0,100.0,8.2,4,6.48,59.4,50.5,3.0,2.0,4.0,3.0,4.0,88.0,3.0,3.0,3.0,5.0,5+/day,At-Risk
Male,North,BCA,Post-Graduate,English,4G/Good,No,4,6,22.6,95.2,8.7,2,7.94,100.0,74.6,4.0,2.0,5.0,4.0,1.0,88.0,2.0,3.0,4.0,1.0,3-5/day,Pass
Female,Central,MCA,Post-Graduate,Hindi,4G/Good,No,7,6,7.5,84.5,7.7,4,5.63,35.9,51.7,5.0,1.0,4.0,1.0,3.0,38.0,3.0,2.0,3.0,7.0,5+/day,Fail
Female,East,B.Tech,12th Pass,English,No Access,No,5,7,26.2,100.0,9.3,3,4.91,46.1,38.3,5.0,1.0,5.0,3.0,3.0,63.0,4.0,1.0,4.0,1.0,3-5/day,At-Risk
Male,West,B.Tech,10th Pass,Hindi,4G/Good,No,9,8,31.6,98.7,7.9,4,7.41,59.7,49.7,4.0,3.0,4.0,4.0,5.0,88.0,4.0,4.0,4.0,3.0,5+/day,At-Risk
Male,Northeast,B.E.,Post-Graduate,Hindi,3G/Moderate,Yes,9,7,8.5,75.6,7.6,3,5.13,39.6,46.7,5.0,5.0,3.0,1.0,3.0,13.0,2.0,3.0,4.0,5.0,3-5/day,Pass
Male,South,B.Tech,Graduate,English,4G/Good,No,6,4,15.4,88.0,7.2,3,7.23,84.3,69.3,5.0,3.0,5.0,2.0,4.0,88.0,3.0,3.0,3.0,5.0,5+/day,At-Risk
Male,South,BCA,12th Pass,Hindi,4G/Good,Yes,5,4,15.8,78.4,7.1,2,5.69,76.2,51.2,5.0,4.0,5.0,2.0,4.0,38.0,3.0,3.0,3.0,5.0,5+/day,Pass
Male,South,B.Tech,12th Pass,English,3G/Moderate,Yes,10,8,26.8,93.0,8.2,4,8.56,66.1,79.4,4.0,2.0,4.0,2.0,3.0,63.0,3.0,4.0,2.0,7.0,5+/day,Pass
Female,South,MCA,12th Pass,English,2G/Slow,No,1,4,28.6,100.0,5.2,4,6.43,72.3,67.8,5.0,1.0,4.0,3.0,5.0,63.0,3.0,4.0,3.0,3.0,5+/day,At-Risk
Male,Central,MCA,Graduate,English,4G/Good,No,4,8,15.0,64.2,6.3,0,5.18,59.1,48.6,5.0,4.0,4.0,4.0,4.0,38.0,3.0,1.0,3.0,7.0,5+/day,Fail
Male,Northeast,B.E.,12th Pass,Hindi,4G/Good,Yes,5,4,14.8,83.4,7.3,0,6.13,62.2,63.7,4.0,1.0,3.0,2.0,3.0,88.0,3.0,3.0,3.0,7.0,3-5/day,At-Risk
Female,North,B.Tech,Graduate,English,5G/Excellent,No,9,5,25.1,99.5,5.4,3,7.62,67.0,98.7,2.0,2.0,3.0,2.0,3.0,63.0,3.0,3.0,2.0,7.0,5+/day,Pass
Female,North,BCA,Graduate,Regional,3G/Moderate,Yes,2,6,16.5,91.1,7.9,5,7.22,79.3,77.8,4.0,2.0,3.0,3.0,3.0,63.0,3.0,4.0,4.0,1.0,1-3/day,Pass
Female,South,B.Com,Graduate,Hindi,4G/Good,No,2,7,19.6,87.1,6.2,2,6.56,72.8,35.6,5.0,3.0,4.0,2.0,5.0,13.0,1.0,4.0,1.0,7.0,5+/day,Pass
Female,North,BCA,Graduate,English,2G/Slow,No,3,8,24.7,94.9,4.6,1,5.23,57.4,77.6,3.0,4.0,4.0,2.0,4.0,63.0,1.0,4.0,3.0,1.0,5+/day,Pass
Male,East,B.Tech,Graduate,Regional,3G/Moderate,No,3,4,23.1,65.9,5.6,4,5.76,36.7,64.7,3.0,4.0,4.0,3.0,3.0,38.0,3.0,3.0,4.0,7.0,5+/day,At-Risk
Female,North,B.Tech,10th Pass,English,4G/Good,No,7,5,20.0,88.8,7.9,4,5.59,62.9,41.7,5.0,2.0,3.0,2.0,5.0,88.0,4.0,4.0,2.0,5.0,5+/day,Fail
Female,East,B.Tech,Below 10th,Hindi,5G/Excellent,No,1,4,8.8,96.8,4.9,3,6.61,81.8,53.1,4.0,1.0,5.0,5.0,2.0,88.0,2.0,4.0,3.0,1.0,5+/day,Pass
Male,North,B.Tech,Graduate,English,3G/Moderate,No,2,5,22.2,88.8,5.1,3,6.39,61.8,75.5,5.0,2.0,4.0,1.0,4.0,63.0,4.0,1.0,4.0,1.0,3-5/day,At-Risk
Female,South,MCA,12th Pass,Hindi,4G/Good,No,1,7,25.0,67.4,7.3,4,8.19,65.7,77.2,3.0,4.0,5.0,3.0,4.0,63.0,2.0,4.0,3.0,3.0,3-5/day,At-Risk
Female,West,MCA,Below 10th,Hindi,4G/Good,No,9,6,23.3,77.5,4.5,3,4.59,58.2,57.1,5.0,4.0,3.0,5.0,5.0,88.0,4.0,4.0,4.0,5.0,5+/day,At-Risk
Male,East,B.Tech,Below 10th,Hindi,3G/Moderate,Yes,10,6,8.4,82.1,7.4,2,4.76,60.9,36.2,5.0,4.0,3.0,1.0,4.0,13.0,3.0,3.0,3.0,7.0,5+/day,At-Risk
Male,Central,B.Tech,10th Pass,English,5G/Excellent,Yes,9,5,23.7,72.2,3.4,4,6.07,51.2,53.4,4.0,3.0,4.0,3.0,5.0,88.0,4.0,4.0,2.0,7.0,5+/day,Fail
Male,Northeast,B.Tech,Graduate,English,4G/Good,Yes,3,4,13.1,71.2,7.2,4,6.79,68.4,54.5,3.0,2.0,5.0,3.0,4.0,38.0,3.0,3.0,2.0,1.0,5+/day,At-Risk
Male,South,B.Com,Graduate,English,4G/Good,No,3,6,1.2,87.9,6.4,0,4.21,55.1,56.6,1.0,2.0,5.0,3.0,3.0,38.0,3.0,4.0,3.0,1.0,3-5/day,Pass
Male,North,B.E.,10th Pass,English,4G/Good,Yes,1,4,16.9,100.0,9.0,3,7.33,52.9,65.0,4.0,2.0,5.0,2.0,3.0,63.0,3.0,2.0,3.0,3.0,3-5/day,Pass
Female,Northeast,BCA,Graduate,English,4G/Good,Yes,5,8,10.0,59.4,3.6,5,5.35,62.3,53.8,4.0,2.0,1.0,3.0,5.0,38.0,4.0,3.0,4.0,7.0,5+/day,Fail
Male,Central,B.E.,10th Pass,Hindi,5G/Excellent,Yes,3,4,18.0,76.2,5.5,0,7.36,63.5,66.3,4.0,3.0,4.0,4.0,4.0,38.0,1.0,2.0,2.0,1.0,5+/day,Pass
Female,Northeast,BCA,Graduate,Regional,3G/Moderate,No,2,8,9.3,73.3,7.3,3,6.19,62.0,53.0,4.0,1.0,4.0,2.0,4.0,38.0,3.0,4.0,3.0,1.0,5+/day,Fail
Female,North,B.E.,12th Pass,English,No Access,No,3,8,16.5,100.0,6.4,1,5.48,52.9,36.0,4.0,5.0,4.0,2.0,3.0,38.0,1.0,4.0,2.0,3.0,1-3/day,Pass
Female,Central,B.Tech,Graduate,English,5G/Excellent,No,8,6,6.6,90.7,5.8,4,5.5,57.4,63.7,4.0,2.0,5.0,3.0,5.0,88.0,4.0,1.0,3.0,7.0,5+/day,At-Risk
Female,South,BCA,10th Pass,Regional,5G/Excellent,Yes,8,8,13.3,98.7,3.8,0,5.6,62.1,61.0,4.0,2.0,5.0,3.0,1.0,63.0,4.0,4.0,4.0,7.0,5+/day,At-Risk
Male,West,BCA,10th Pass,Regional,4G/Good,No,1,4,20.4,92.6,7.1,4,6.63,65.0,59.1,5.0,4.0,3.0,2.0,4.0,88.0,1.0,3.0,3.0,3.0,5+/day,Pass
Male,Central,B.Tech,Graduate,English,3G/Moderate,No,2,7,30.4,96.2,9.9,0,8.72,72.4,72.0,4.0,3.0,3.0,1.0,5.0,63.0,2.0,2.0,1.0,3.0,3-5/day,Pass
Female,North,B.Tech,Below 10th,English,4G/Good,No,1,4,16.0,85.4,5.4,0,6.01,49.2,50.9,3.0,2.0,3.0,2.0,1.0,63.0,2.0,4.0,2.0,7.0,3-5/day,Pass
Female,Central,B.E.,Post-Graduate,Hindi,2G/Slow,No,8,5,17.9,87.7,6.6,1,5.14,66.2,65.3,5.0,2.0,4.0,2.0,4.0,38.0,3.0,3.0,2.0,1.0,5+/day,At-Risk
Female,South,B.E.,12th Pass,Regional,4G/Good,No,1,5,23.6,88.3,7.0,4,6.91,56.0,64.8,4.0,2.0,5.0,3.0,1.0,88.0,3.0,3.0,4.0,5.0,1-3/day,Pass
Male,Central,BCA,12th Pass,English,2G/Slow,No,6,4,20.8,82.4,5.9,2,5.61,44.4,45.5,4.0,4.0,4.0,2.0,5.0,63.0,3.0,4.0,1.0,5.0,3-5/day,At-Risk
Female,South,B.Com,12th Pass,Hindi,4G/Good,No,10,5,21.2,82.1,6.4,3,5.09,32.1,54.7,5.0,1.0,5.0,3.0,4.0,63.0,1.0,3.0,3.0,3.0,5+/day,Fail
Male,Central,B.Tech,Below 10th,Hindi,No Access,No,8,7,22.9,87.7,4.9,4,4.09,52.6,31.6,4.0,2.0,5.0,3.0,1.0,38.0,1.0,3.0,3.0,3.0,3-5/day,At-Risk
Female,North,B.Tech,12th Pass,English,4G/Good,Yes,8,5,15.3,87.4,4.4,3,5.71,52.3,50.0,2.0,2.0,3.0,3.0,4.0,38.0,3.0,3.0,3.0,3.0,5+/day,Pass
Other,West,B.Tech,Post-Graduate,Hindi,4G/Good,Yes,7,6,12.5,84.5,8.8,2,6.95,65.7,64.5,2.0,2.0,3.0,4.0,4.0,88.0,4.0,3.0,4.0,1.0,5+/day,Pass
Male,East,B.E.,10th Pass,English,4G/Good,No,8,7,20.0,84.2,6.3,5,5.16,59.3,57.2,5.0,2.0,3.0,1.0,4.0,13.0,3.0,2.0,4.0,5.0,5+/day,At-Risk
Female,East,B.E.,Graduate,Hindi,3G/Moderate,No,8,6,1.7,90.5,7.3,5,5.44,52.4,44.2,5.0,3.0,4.0,2.0,5.0,13.0,1.0,4.0,1.0,7.0,5+/day,At-Risk
Male,North,BCA,12th Pass,Hindi,2G/Slow,No,10,6,3.6,80.5,7.2,2,2.74,23.5,30.6,4.0,5.0,4.0,2.0,5.0,38.0,2.0,2.0,4.0,5.0,5+/day,Fail
Male,West,B.Tech,Graduate,English,3G/Moderate,No,3,7,28.5,67.4,5.1,3,6.67,56.6,60.5,4.0,4.0,3.0,2.0,4.0,38.0,3.0,3.0,3.0,7.0,5+/day,At-Risk
Male,North,BCA,10th Pass,Hindi,4G/Good,No,2,6,25.9,84.5,4.5,3,5.52,34.5,38.2,4.0,3.0,4.0,4.0,5.0,88.0,4.0,4.0,4.0,3.0,5+/day,Fail
Female,East,M.Tech,12th Pass,Hindi,4G/Good,Yes,4,5,13.2,71.2,5.6,3,6.21,77.6,44.2,3.0,2.0,3.0,2.0,4.0,63.0,4.0,3.0,3.0,5.0,5+/day,Fail
Female,South,B.Com,Post-Graduate,Regional,No Access,Yes,5,4,9.4,94.5,6.8,2,6.37,58.9,54.4,3.0,2.0,5.0,1.0,5.0,88.0,3.0,3.0,3.0,7.0,3-5/day,Fail
Female,Central,B.Com,10th Pass,English,4G/Good,No,2,7,21.8,75.0,5.3,2,6.3,50.4,41.7,5.0,4.0,1.0,3.0,5.0,63.0,1.0,3.0,3.0,1.0,3-5/day,Pass
Male,North,MCA,12th Pass,English,4G/Good,No,8,4,22.9,76.0,5.8,2,4.97,61.5,47.5,3.0,4.0,3.0,4.0,4.0,38.0,3.0,2.0,2.0,3.0,5+/day,Pass
Female,North,B.Com,12th Pass,Regional,4G/Good,No,8,7,11.8,87.0,3.5,4,3.47,18.6,43.0,4.0,3.0,4.0,4.0,4.0,88.0,3.0,3.0,4.0,3.0,5+/day,Fail
Female,North,B.Tech,12th Pass,Hindi,3G/Moderate,No,4,7,17.1,81.9,6.4,3,4.22,60.7,29.8,4.0,1.0,5.0,2.0,5.0,38.0,4.0,4.0,2.0,3.0,1-3/day,Fail
Male,South,B.Tech,12th Pass,Regional,5G/Excellent,No,5,6,5.4,96.2,6.6,4,4.84,41.1,50.3,4.0,2.0,4.0,2.0,3.0,63.0,3.0,4.0,2.0,7.0,5+/day,At-Risk
Other,North,B.Tech,12th Pass,English,4G/Good,No,5,4,14.9,79.5,6.5,1,6.32,72.1,35.7,4.0,3.0,3.0,1.0,5.0,63.0,2.0,2.0,1.0,3.0,3-5/day,Pass
Male,East,BCA,Below 10th,English,5G/Excellent,Yes,5,5,16.3,78.5,5.0,2,4.64,47.5,47.3,5.0,4.0,3.0,5.0,5.0,88.0,4.0,4.0,4.0,5.0,5+/day,At-Risk
Female,Northeast,B.Com,Post-Graduate,English,4G/Good,No,9,4,19.1,72.8,5.0,5,5.55,28.6,52.4,4.0,2.0,3.0,3.0,3.0,63.0,3.0,4.0,4.0,1.0,1-3/day,Fail
Male,West,B.Tech,Graduate,Regional,5G/Excellent,Yes,9,7,33.5,67.8,4.9,4,5.86,42.9,53.3,1.0,3.0,4.0,3.0,4.0,38.0,2.0,3.0,3.0,3.0,1-3/day,At-Risk
Male,East,BCA,10th Pass,Regional,2G/Slow,No,4,5,9.7,75.7,5.9,2,4.16,42.6,64.4,5.0,4.0,2.0,3.0,3.0,88.0,3.0,1.0,3.0,3.0,5+/day,At-Risk
Male,North,BCA,12th Pass,Hindi,4G/Good,No,1,6,28.5,86.9,5.4,0,7.33,67.1,81.4,4.0,2.0,2.0,1.0,4.0,63.0,3.0,3.0,3.0,5.0,5+/day,Pass
Female,West,B.Com,Graduate,English,4G/Good,No,8,5,13.9,97.4,8.6,3,5.21,48.7,33.4,2.0,4.0,5.0,1.0,2.0,63.0,3.0,3.0,3.0,5.0,5+/day,Pass
Male,North,BCA,Post-Graduate,English,4G/Good,No,1,5,13.2,92.2,9.2,2,6.55,64.4,63.3,3.0,2.0,4.0,2.0,2.0,13.0,3.0,3.0,3.0,1.0,5+/day,Pass
Male,West,B.Com,Post-Graduate,Hindi,4G/Good,No,7,4,25.3,75.2,7.9,3,6.52,35.7,50.9,5.0,4.0,1.0,2.0,5.0,63.0,3.0,3.0,2.0,5.0,1-3/day,Pass
Female,South,B.Tech,Graduate,Hindi,3G/Moderate,No,4,7,13.1,83.9,6.6,4,6.9,67.1,72.5,3.0,2.0,5.0,2.0,4.0,63.0,4.0,3.0,3.0,5.0,5+/day,At-Risk
Female,South,B.Tech,10th Pass,Hindi,5G/Excellent,Yes,1,7,11.8,82.3,6.0,0,7.03,47.6,56.1,4.0,2.0,1.0,2.0,5.0,88.0,1.0,4.0,2.0,1.0,5+/day,Pass
Male,South,B.E.,Post-Graduate,English,4G/Good,No,4,7,22.3,95.9,5.2,3,7.48,79.9,73.6,3.0,4.0,4.0,3.0,2.0,63.0,1.0,4.0,4.0,7.0,5+/day,Pass
Male,Northeast,B.E.,Graduate,English,5G/Excellent,Yes,7,8,21.3,97.8,6.6,1,7.2,46.3,68.3,4.0,2.0,5.0,3.0,5.0,88.0,4.0,1.0,3.0,7.0,5+/day,At-Risk
Male,North,B.Tech,10th Pass,English,No Access,No,8,6,14.3,58.6,6.3,2,4.36,65.4,41.2,1.0,1.0,4.0,2.0,4.0,88.0,2.0,4.0,3.0,7.0,5+/day,Fail
Male,East,BCA,10th Pass,Hindi,4G/Good,No,2,4,30.6,98.7,4.9,3,5.69,48.8,49.7,5.0,3.0,4.0,2.0,4.0,63.0,3.0,4.0,4.0,7.0,5+/day,At-Risk
Female,North,MCA,12th Pass,English,4G/Good,No,9,7,14.5,63.2,5.3,5,2.57,24.5,41.5,5.0,3.0,4.0,2.0,2.0,63.0,3.0,3.0,1.0,3.0,5+/day,Fail
Female,West,BCA,Graduate,Regional,4G/Good,No,5,5,6.8,85.3,3.6,5,3.89,59.2,46.4,4.0,2.0,5.0,3.0,1.0,38.0,2.0,3.0,4.0,5.0,5+/day,At-Risk
Female,Central,B.Tech,10th Pass,Hindi,4G/Good,Yes,8,8,9.8,56.9,5.0,1,4.27,50.9,28.4,4.0,2.0,3.0,3.0,3.0,63.0,3.0,4.0,4.0,1.0,1-3/day,Fail
Male,South,B.E.,Below 10th,English,3G/Moderate,Yes,2,6,9.6,94.2,7.1,3,6.51,73.3,85.4,4.0,3.0,4.0,2.0,5.0,13.0,2.0,2.0,2.0,1.0,5+/day,Pass
Female,East,B.E.,Below 10th,English,3G/Moderate,No,2,7,15.4,77.9,8.0,4,5.81,55.8,63.7,4.0,2.0,5.0,5.0,5.0,63.0,2.0,3.0,4.0,3.0,3-5/day,At-Risk
Female,Central,B.Tech,12th Pass,Regional,4G/Good,No,4,8,28.0,90.1,7.3,5,5.77,58.9,57.3,4.0,1.0,5.0,2.0,5.0,38.0,4.0,4.0,2.0,3.0,1-3/day,At-Risk
Female,East,BCA,10th Pass,English,4G/Good,Yes,4,6,5.3,78.5,5.7,2,5.81,64.1,65.1,3.0,3.0,4.0,1.0,4.0,88.0,2.0,4.0,3.0,1.0,3-5/day,At-Risk
Female,East,B.Tech,Graduate,English,3G/Moderate,Yes,3,5,29.9,93.7,4.0,2,6.1,55.2,41.3,4.0,2.0,1.0,3.0,5.0,38.0,4.0,3.0,4.0,7.0,5+/day,Pass
Female,East,B.Tech,Below 10th,Regional,4G/Good,No,5,8,13.0,62.0,4.7,1,4.85,69.5,32.2,2.0,3.0,2.0,3.0,1.0,13.0,1.0,3.0,1.0,1.0,1-3/day,Pass
Female,West,MCA,Post-Graduate,Hindi,4G/Good,Yes,2,4,13.9,89.3,7.2,5,6.7,47.8,39.7,3.0,4.0,2.0,3.0,4.0,38.0,2.0,1.0,3.0,3.0,5+/day,Pass
Male,North,B.Tech,Graduate,Hindi,4G/Good,Yes,1,6,12.3,87.0,7.1,5,8.95,75.8,46.8,4.0,3.0,4.0,2.0,5.0,13.0,2.0,2.0,2.0,1.0,5+/day,Pass
Female,Northeast,B.Com,Post-Graduate,English,No Access,No,4,8,14.2,86.5,5.5,0,4.63,62.9,49.8,1.0,2.0,5.0,1.0,5.0,13.0,3.0,3.0,3.0,3.0,5+/day,At-Risk
Female,South,B.E.,Graduate,Regional,4G/Good,No,6,8,16.1,88.2,5.9,5,4.49,25.4,41.9,4.0,2.0,3.0,1.0,5.0,38.0,2.0,4.0,3.0,1.0,3-5/day,At-Risk
Female,North,B.Com,Below 10th,English,4G/Good,No,6,6,16.9,95.6,9.4,0,7.13,59.1,65.6,4.0,1.0,5.0,2.0,5.0,38.0,4.0,4.0,2.0,3.0,1-3/day,At-Risk
Male,West,B.Tech,12th Pass,English,4G/Good,No,2,8,19.9,93.8,3.9,1,5.63,30.4,52.7,2.0,2.0,4.0,1.0,4.0,13.0,3.0,1.0,4.0,7.0,5+/day,At-Risk
Female,South,BCA,Below 10th,English,5G/Excellent,No,6,8,3.2,65.1,6.5,3,4.25,40.0,61.9,5.0,1.0,4.0,4.0,3.0,38.0,1.0,1.0,2.0,7.0,5+/day,Fail
Female,North,B.Tech,Post-Graduate,English,4G/Good,No,4,6,16.9,83.4,4.7,0,6.59,60.4,58.8,4.0,1.0,5.0,1.0,4.0,63.0,4.0,3.0,4.0,3.0,3-5/day,Fail
Male,West,MCA,10th Pass,Regional,3G/Moderate,Yes,10,5,21.3,86.3,4.8,2,5.66,41.6,32.4,5.0,2.0,4.0,2.0,4.0,38.0,3.0,3.0,2.0,1.0,5+/day,At-Risk
Male,Central,B.E.,12th Pass,Hindi,2G/Slow,Yes,1,4,17.4,81.2,7.1,1,5.72,54.6,46.1,2.0,2.0,3.0,4.0,4.0,88.0,4.0,3.0,4.0,1.0,5+/day,Pass
Female,Central,B.Tech,Graduate,Hindi,3G/Moderate,Yes,1,6,16.0,83.9,9.0,1,7.02,51.8,95.8,3.0,4.0,5.0,4.0,5.0,88.0,2.0,4.0,3.0,5.0,5+/day,Pass
Female,Central,M.Tech,Post-Graduate,Regional,2G/Slow,Yes,2,7,14.3,87.7,7.4,2,7.08,69.6,50.0,4.0,3.0,4.0,1.0,4.0,63.0,3.0,3.0,4.0,5.0,3-5/day,At-Risk
Female,Northeast,B.E.,Graduate,English,5G/Excellent,No,4,8,25.3,91.1,8.8,0,5.78,60.2,62.2,2.0,4.0,4.0,5.0,4.0,13.0,4.0,3.0,3.0,1.0,5+/day,Pass
Male,North,B.Tech,Graduate,English,5G/Excellent,No,8,4,21.2,88.8,3.6,4,6.69,68.4,75.4,4.0,2.0,1.0,2.0,5.0,88.0,1.0,4.0,2.0,1.0,5+/day,Pass
Female,South,B.E.,12th Pass,Hindi,4G/Good,No,3,4,16.4,92.4,7.2,1,6.87,61.9,65.4,1.0,2.0,4.0,4.0,4.0,88.0,4.0,4.0,4.0,5.0,3-5/day,Pass
Male,Northeast,BCA,12th Pass,Hindi,3G/Moderate,No,5,6,21.5,100.0,7.9,5,6.22,47.9,38.0,5.0,1.0,4.0,2.0,1.0,88.0,3.0,2.0,3.0,5.0,5+/day,At-Risk
Male,South,B.Tech,Below 10th,Hindi,2G/Slow,No,3,7,24.4,79.5,6.1,3,5.73,40.4,52.8,4.0,1.0,5.0,2.0,4.0,63.0,3.0,3.0,3.0,3.0,3-5/day,Fail
Male,East,B.E.,Graduate,English,5G/Excellent,No,8,7,8.3,80.4,7.7,1,4.93,52.1,27.7,4.0,3.0,4.0,5.0,3.0,38.0,2.0,2.0,4.0,7.0,3-5/day,Pass
Male,East,B.Tech,12th Pass,Hindi,5G/Excellent,Yes,4,5,21.5,90.4,10.4,5,6.95,45.4,73.5,1.0,2.0,3.0,3.0,1.0,63.0,4.0,3.0,4.0,3.0,5+/day,Pass
Male,South,BCA,Below 10th,English,3G/Moderate,No,8,7,12.0,81.9,6.7,5,4.59,63.2,47.8,4.0,2.0,4.0,3.0,3.0,13.0,4.0,4.0,4.0,3.0,3-5/day,At-Risk
Male,Central,MCA,Post-Graduate,English,4G/Good,No,8,6,27.0,77.9,5.9,4,6.13,59.4,82.5,5.0,5.0,4.0,2.0,4.0,88.0,4.0,3.0,1.0,7.0,5+/day,Pass
Male,East,B.E.,12th Pass,English,3G/Moderate,Yes,9,4,11.3,76.5,8.2,2,5.08,32.5,58.7,3.0,3.0,3.0,1.0,1.0,63.0,3.0,4.0,4.0,7.0,3-5/day,At-Risk
Male,South,B.E.,Graduate,English,3G/Moderate,Yes,2,4,17.8,89.5,8.2,5,8.18,65.9,35.4,4.0,3.0,3.0,1.0,1.0,63.0,4.0,3.0,3.0,5.0,5+/day,Pass
Male,Central,B.Tech,Graduate,English,No Access,Yes,10,7,19.9,87.4,6.1,0,5.9,61.9,50.2,4.0,2.0,1.0,3.0,5.0,38.0,4.0,3.0,4.0,7.0,5+/day,At-Risk
Male,East,B.Tech,Graduate,English,4G/Good,No,7,8,4.9,100.0,5.7,2,6.38,72.0,31.9,4.0,4.0,3.0,4.0,5.0,63.0,4.0,4.0,4.0,5.0,Never,At-Risk
Male,North,B.Tech,Below 10th,Regional,2G/Slow,Yes,10,5,3.3,69.7,8.2,2,5.43,55.9,73.4,5.0,2.0,4.0,2.0,4.0,38.0,3.0,3.0,2.0,1.0,5+/day,Fail
Female,East,B.E.,10th Pass,Regional,No Access,No,1,7,15.0,70.0,5.8,0,6.1,43.7,38.9,2.0,3.0,4.0,3.0,4.0,88.0,2.0,3.0,4.0,5.0,5+/day,Fail
Male,Northeast,B.E.,Graduate,Hindi,2G/Slow,No,4,6,29.7,82.8,6.4,2,5.73,69.5,67.3,3.0,2.0,5.0,3.0,3.0,38.0,3.0,3.0,3.0,3.0,3-5/day,Pass
Male,West,B.Com,Graduate,Regional,3G/Moderate,Yes,4,5,16.7,72.6,7.0,5,6.55,59.2,70.0,4.0,2.0,4.0,3.0,2.0,63.0,1.0,4.0,4.0,3.0,5+/day,At-Risk
Male,West,B.Tech,12th Pass,Regional,4G/Good,No,4,7,21.3,60.6,6.2,2,5.15,66.8,42.4,3.0,1.0,4.0,2.0,2.0,38.0,3.0,1.0,4.0,7.0,3-5/day,Fail
Male,West,BCA,12th Pass,English,3G/Moderate,No,7,5,0.0,76.9,6.5,1,5.36,58.0,68.7,4.0,4.0,5.0,2.0,5.0,63.0,3.0,3.0,4.0,7.0,5+/day,Fail
Female,South,B.E.,10th Pass,English,5G/Excellent,Yes,5,8,23.8,100.0,5.3,3,6.89,67.8,63.2,5.0,4.0,3.0,2.0,4.0,88.0,1.0,3.0,3.0,3.0,5+/day,Pass
Female,Northeast,B.E.,Post-Graduate,Regional,3G/Moderate,No,5,6,21.4,100.0,7.3,0,5.99,56.6,89.8,3.0,4.0,5.0,4.0,5.0,88.0,2.0,4.0,3.0,5.0,5+/day,Pass
Female,Central,M.Tech,10th Pass,Hindi,3G/Moderate,Yes,3,7,22.6,88.5,5.9,1,6.77,67.5,41.4,4.0,2.0,5.0,3.0,1.0,38.0,2.0,3.0,4.0,5.0,5+/day,Pass
Female,North,B.Tech,10th Pass,English,3G/Moderate,No,10,4,18.3,68.6,8.8,5,5.03,65.7,68.6,3.0,1.0,3.0,1.0,2.0,88.0,1.0,4.0,3.0,3.0,5+/day,Fail
Female,North,B.Tech,Graduate,Hindi,3G/Moderate,No,5,6,9.0,72.6,6.7,4,4.45,39.3,55.3,3.0,1.0,4.0,5.0,2.0,88.0,3.0,3.0,4.0,3.0,5+/day,Fail
Male,Central,BCA,10th Pass,English,2G/Slow,Yes,5,8,12.7,83.1,8.0,1,6.65,73.4,48.2,3.0,3.0,3.0,2.0,4.0,88.0,3.0,3.0,3.0,3.0,5+/day,Pass
Male,Northeast,B.Tech,Post-Graduate,English,3G/Moderate,No,8,8,11.6,76.0,7.4,1,6.75,61.5,80.4,4.0,3.0,4.0,1.0,2.0,13.0,1.0,4.0,4.0,7.0,5+/day,Pass
Male,Central,B.Tech,Below 10th,English,5G/Excellent,Yes,2,4,21.8,84.0,8.2,2,6.61,65.4,49.2,5.0,4.0,1.0,2.0,5.0,63.0,3.0,3.0,2.0,5.0,1-3/day,Pass
Male,Central,B.Tech,Below 10th,English,4G/Good,Yes,8,6,16.4,82.5,5.8,3,6.67,76.5,80.1,5.0,1.0,4.0,2.0,1.0,63.0,1.0,2.0,3.0,5.0,1-3/day,Pass
Female,East,B.Tech,12th Pass,English,5G/Excellent,Yes,4,7,23.8,67.3,4.7,1,6.71,55.3,45.5,4.0,4.0,5.0,2.0,5.0,63.0,3.0,3.0,4.0,7.0,5+/day,Fail
Female,West,BCA,12th Pass,Regional,2G/Slow,Yes,9,4,22.4,81.4,5.2,4,6.31,74.7,63.1,3.0,3.0,4.0,3.0,2.0,38.0,1.0,2.0,4.0,7.0,5+/day,Pass
Male,East,B.Tech,10th Pass,English,4G/Good,No,8,7,30.3,87.6,5.0,2,7.24,73.2,65.8,3.0,3.0,3.0,3.0,3.0,88.0,2.0,2.0,2.0,7.0,5+/day,Pass
Female,North,B.E.,12th Pass,English,3G/Moderate,No,5,5,18.7,77.5,5.3,1,5.1,58.0,80.1,2.0,2.0,4.0,2.0,3.0,13.0,4.0,4.0,2.0,3.0,5+/day,Pass
Female,West,B.E.,12th Pass,English,4G/Good,No,5,7,16.4,93.4,4.7,4,6.3,74.0,57.6,2.0,5.0,2.0,5.0,5.0,63.0,2.0,2.0,3.0,3.0,3-5/day,Pass
Male,East,B.E.,Graduate,Hindi,5G/Excellent,Yes,9,5,18.7,82.7,6.3,0,7.06,70.2,39.2,5.0,4.0,1.0,2.0,5.0,63.0,3.0,3.0,2.0,5.0,1-3/day,Pass
Male,West,B.Com,Below 10th,Regional,5G/Excellent,No,5,7,0.0,80.4,7.6,5,5.94,65.4,51.7,5.0,2.0,3.0,2.0,4.0,88.0,4.0,3.0,2.0,7.0,5+/day,Fail
Male,East,B.Tech,Post-Graduate,English,No Access,Yes,9,5,15.4,82.7,4.6,1,6.95,81.6,44.2,3.0,2.0,3.0,2.0,4.0,88.0,4.0,1.0,1.0,1.0,1-3/day,Pass
Male,East,B.Com,12th Pass,English,3G/Moderate,No,6,6,22.3,75.5,5.5,0,7.33,71.6,92.0,5.0,1.0,4.0,4.0,5.0,88.0,3.0,2.0,4.0,3.0,3-5/day,At-Risk
Male,North,BCA,10th Pass,English,No Access,No,1,8,15.9,86.9,8.0,0,5.49,8.9,51.2,3.0,3.0,1.0,1.0,1.0,88.0,4.0,3.0,3.0,5.0,1-3/day,At-Risk
Male,South,MCA,Below 10th,Hindi,No Access,Yes,8,6,16.2,71.7,4.2,4,4.15,37.5,32.2,3.0,4.0,2.0,4.0,4.0,88.0,1.0,4.0,3.0,1.0,5+/day,Fail
Male,North,B.E.,12th Pass,English,2G/Slow,No,1,4,15.8,100.0,6.5,2,6.3,70.4,52.3,2.0,2.0,2.0,1.0,5.0,88.0,4.0,4.0,4.0,5.0,5+/day,At-Risk
Male,North,B.E.,10th Pass,English,3G/Moderate,No,2,6,29.0,100.0,7.4,3,6.45,54.9,85.0,2.0,2.0,3.0,2.0,3.0,63.0,3.0,3.0,2.0,7.0,5+/day,Pass
Other,Central,M.Tech,10th Pass,English,3G/Moderate,No,6,6,19.8,81.1,9.6,3,6.24,46.2,81.4,4.0,3.0,4.0,4.0,2.0,38.0,2.0,3.0,4.0,5.0,Never,Pass
Female,North,M.Tech,10th Pass,English,4G/Good,No,5,8,16.8,88.8,3.0,1,5.56,43.8,61.5,3.0,2.0,4.0,2.0,2.0,13.0,3.0,3.0,3.0,1.0,5+/day,Pass
Female,South,B.Tech,Graduate,Regional,4G/Good,No,2,6,34.9,89.2,4.5,5,7.25,73.6,50.5,5.0,3.0,4.0,3.0,1.0,38.0,2.0,4.0,2.0,5.0,5+/day,Pass
Male,East,B.Tech,12th Pass,English,4G/Good,No,6,4,8.7,89.1,6.9,4,4.74,34.4,48.7,3.0,4.0,4.0,2.0,4.0,13.0,2.0,3.0,4.0,7.0,5+/day,At-Risk
Male,East,B.E.,Below 10th,English,2G/Slow,No,7,6,13.1,90.2,5.9,0,4.31,49.4,32.3,2.0,2.0,4.0,1.0,4.0,13.0,3.0,1.0,4.0,7.0,5+/day,At-Risk
Female,North,B.Com,12th Pass,Regional,3G/Moderate,Yes,3,6,10.3,91.1,3.0,1,5.23,48.2,59.9,4.0,1.0,5.0,1.0,4.0,63.0,4.0,3.0,4.0,3.0,3-5/day,Fail
Male,West,B.Tech,Graduate,Regional,4G/Good,No,8,6,12.5,90.3,5.8,2,6.77,74.2,46.8,4.0,1.0,3.0,2.0,4.0,38.0,4.0,3.0,3.0,3.0,5+/day,At-Risk
Male,West,BCA,Below 10th,English,4G/Good,Yes,4,6,26.6,72.6,5.1,5,6.49,68.5,74.4,3.0,4.0,3.0,4.0,4.0,38.0,3.0,2.0,2.0,3.0,5+/day,Pass
Female,North,BCA,Graduate,Regional,3G/Moderate,No,10,8,10.9,87.3,4.0,5,4.96,52.6,39.5,3.0,2.0,5.0,3.0,4.0,38.0,3.0,3.0,2.0,1.0,5+/day,At-Risk
Female,South,MCA,12th Pass,Hindi,5G/Excellent,No,9,8,18.1,73.1,5.9,3,3.85,35.1,44.0,5.0,1.0,4.0,3.0,5.0,88.0,4.0,2.0,3.0,5.0,5+/day,Fail
Male,Central,BCA,Post-Graduate,English,3G/Moderate,No,7,4,21.2,88.3,4.5,5,5.89,55.4,60.9,4.0,2.0,4.0,1.0,2.0,88.0,4.0,3.0,3.0,7.0,1-3/day,At-Risk
Male,Northeast,B.E.,Below 10th,Hindi,4G/Good,No,3,4,22.7,93.2,5.2,3,4.27,33.4,42.8,3.0,5.0,4.0,3.0,5.0,88.0,4.0,3.0,3.0,5.0,3-5/day,At-Risk
Male,West,B.Com,Post-Graduate,English,4G/Good,No,5,4,13.3,86.5,8.4,0,7.98,64.4,80.4,2.0,1.0,2.0,2.0,5.0,63.0,4.0,4.0,3.0,1.0,3-5/day,Pass
Male,North,BCA,12th Pass,English,3G/Moderate,Yes,9,6,21.8,91.0,9.3,5,6.41,73.6,59.2,2.0,3.0,2.0,3.0,1.0,13.0,1.0,3.0,1.0,1.0,1-3/day,Pass
Male,South,BCA,12th Pass,English,4G/Good,No,9,7,14.7,84.6,5.1,1,5.65,41.7,52.4,4.0,2.0,4.0,2.0,3.0,63.0,3.0,3.0,3.0,7.0,3-5/day,Fail
Male,East,B.Tech,12th Pass,Hindi,4G/Good,No,8,6,18.0,100.0,6.7,5,5.39,35.0,55.3,4.0,2.0,3.0,2.0,5.0,38.0,3.0,2.0,2.0,5.0,5+/day,At-Risk
Male,North,BCA,Below 10th,Regional,3G/Moderate,No,8,7,10.4,86.9,7.4,1,4.55,43.5,51.1,2.0,4.0,1.0,5.0,5.0,63.0,3.0,4.0,4.0,5.0,5+/day,Pass
Female,South,B.Tech,Post-Graduate,English,5G/Excellent,Yes,9,4,8.7,71.0,5.2,3,7.41,66.1,74.2,2.0,3.0,2.0,3.0,1.0,13.0,1.0,3.0,1.0,1.0,1-3/day,Pass
Female,East,B.Tech,12th Pass,English,3G/Moderate,No,5,6,20.4,76.2,5.0,2,6.3,53.0,26.0,5.0,1.0,5.0,1.0,5.0,38.0,1.0,3.0,2.0,3.0,5+/day,Fail
Female,South,BCA,Below 10th,Hindi,4G/Good,No,9,4,34.6,87.2,7.5,4,5.71,50.8,69.0,2.0,3.0,3.0,3.0,5.0,13.0,3.0,4.0,4.0,7.0,5+/day,Pass
Male,West,B.E.,Below 10th,Hindi,3G/Moderate,Yes,6,8,15.6,97.8,6.2,5,5.45,45.9,44.4,5.0,1.0,5.0,2.0,3.0,63.0,4.0,3.0,3.0,7.0,5+/day,Fail
Male,Northeast,BCA,Below 10th,Regional,4G/Good,Yes,6,4,17.7,86.8,6.2,0,3.88,56.2,22.8,2.0,3.0,2.0,2.0,5.0,63.0,3.0,3.0,4.0,3.0,5+/day,At-Risk
Male,South,B.Tech,12th Pass,English,3G/Moderate,Yes,10,6,22.2,84.7,4.7,3,6.05,73.0,38.8,3.0,2.0,4.0,3.0,4.0,88.0,3.0,3.0,3.0,5.0,5+/day,At-Risk
Male,Northeast,BCA,12th Pass,Hindi,4G/Good,Yes,6,8,25.4,68.6,5.0,3,6.14,38.4,76.5,4.0,1.0,3.0,2.0,3.0,88.0,3.0,3.0,3.0,7.0,3-5/day,Fail
Male,North,B.E.,12th Pass,English,4G/Good,No,7,8,25.7,100.0,6.6,1,7.17,72.8,71.7,2.0,2.0,4.0,2.0,3.0,63.0,1.0,2.0,4.0,5.0,5+/day,Pass
Female,Northeast,BCA,10th Pass,Hindi,No Access,No,9,7,21.7,66.1,5.8,0,4.09,9.2,15.4,3.0,5.0,4.0,3.0,5.0,88.0,4.0,3.0,3.0,5.0,3-5/day,Fail
Female,North,B.Tech,12th Pass,English,2G/Slow,Yes,3,5,16.8,63.5,6.6,3,5.92,70.5,57.2,4.0,4.0,5.0,2.0,3.0,38.0,2.0,3.0,3.0,3.0,5+/day,At-Risk
Female,North,BCA,12th Pass,English,5G/Excellent,No,6,8,22.8,76.4,7.9,3,6.96,65.7,54.8,4.0,3.0,4.0,4.0,2.0,38.0,2.0,3.0,4.0,5.0,Never,Pass
Male,West,MCA,Below 10th,English,5G/Excellent,No,10,5,20.7,89.1,6.7,5,6.26,55.4,56.6,5.0,4.0,1.0,1.0,4.0,38.0,3.0,3.0,3.0,1.0,5+/day,Pass
Female,East,B.Tech,10th Pass,Regional,4G/Good,Yes,5,4,17.6,77.2,5.5,3,7.4,49.9,38.2,4.0,2.0,5.0,3.0,1.0,88.0,3.0,3.0,4.0,5.0,1-3/day,At-Risk
Male,Central,B.Tech,Below 10th,Hindi,4G/Good,No,4,4,24.4,74.6,7.9,5,5.51,61.1,59.7,4.0,2.0,1.0,2.0,5.0,88.0,1.0,4.0,2.0,1.0,5+/day,Fail
Male,South,BCA,Post-Graduate,Regional,5G/Excellent,No,8,8,21.0,72.1,6.4,0,5.89,37.3,62.8,5.0,2.0,4.0,2.0,4.0,38.0,3.0,3.0,2.0,1.0,5+/day,Fail
Male,South,BCA,Graduate,English,2G/Slow,Yes,3,7,13.1,100.0,8.5,5,7.41,84.0,62.1,5.0,1.0,5.0,3.0,3.0,63.0,4.0,1.0,4.0,1.0,3-5/day,Pass
Female,East,BCA,Post-Graduate,Hindi,4G/Good,Yes,2,4,10.5,86.0,5.4,3,5.97,60.3,54.7,4.0,2.0,5.0,1.0,4.0,63.0,3.0,3.0,3.0,7.0,5+/day,At-Risk
Other,South,BCA,10th Pass,English,4G/Good,No,4,5,6.9,92.8,6.3,3,5.52,59.0,40.6,5.0,4.0,4.0,1.0,4.0,63.0,4.0,3.0,2.0,1.0,5+/day,At-Risk
Male,South,B.E.,Graduate,Hindi,4G/Good,No,3,8,11.4,100.0,6.0,5,6.04,51.8,52.3,3.0,4.0,4.0,3.0,2.0,63.0,1.0,4.0,4.0,7.0,5+/day,Pass
Female,West,B.E.,12th Pass,Regional,No Access,No,7,8,18.2,100.0,6.7,1,5.32,62.6,69.3,4.0,2.0,5.0,3.0,1.0,63.0,4.0,4.0,4.0,7.0,5+/day,At-Risk
Female,West,B.Tech,12th Pass,Regional,4G/Good,No,4,7,25.2,71.2,6.8,2,5.98,33.9,52.3,5.0,2.0,5.0,5.0,5.0,88.0,4.0,3.0,3.0,3.0,5+/day,Fail
Male,Northeast,B.Tech,10th Pass,Hindi,4G/Good,No,10,8,17.2,85.0,6.5,4,4.57,45.4,61.5,4.0,3.0,5.0,2.0,4.0,38.0,3.0,3.0,3.0,5.0,5+/day,At-Risk
Male,Central,BCA,Graduate,Hindi,5G/Excellent,No,9,6,20.1,91.4,7.7,5,5.23,33.0,43.5,4.0,2.0,5.0,2.0,3.0,63.0,3.0,2.0,3.0,3.0,3-5/day,At-Risk
Male,South,B.Tech,Post-Graduate,Regional,4G/Good,Yes,5,5,22.2,83.3,7.1,0,5.28,58.0,54.5,4.0,2.0,1.0,2.0,5.0,88.0,1.0,4.0,2.0,1.0,5+/day,Pass
Other,West,B.Com,10th Pass,English,5G/Excellent,No,3,6,9.5,73.9,10.2,4,5.79,44.6,57.6,5.0,1.0,3.0,5.0,5.0,38.0,4.0,3.0,3.0,1.0,5+/day,Fail
Male,South,MCA,10th Pass,Regional,5G/Excellent,No,2,6,15.0,50.0,10.4,3,6.49,61.8,54.6,5.0,1.0,4.0,2.0,1.0,63.0,1.0,2.0,3.0,5.0,1-3/day,Fail
Female,West,M.Tech,Graduate,Regional,4G/Good,Yes,6,5,9.9,98.2,5.4,2,5.07,44.2,71.5,5.0,2.0,2.0,3.0,3.0,63.0,4.0,3.0,3.0,5.0,3-5/day,At-Risk
Male,East,B.Com,Post-Graduate,Hindi,2G/Slow,No,6,8,15.6,100.0,5.7,1,6.25,64.8,63.7,5.0,3.0,5.0,4.0,2.0,13.0,3.0,3.0,3.0,5.0,5+/day,Pass
Female,Central,B.E.,Graduate,Hindi,4G/Good,No,1,8,19.9,90.8,4.6,1,6.82,66.7,74.0,4.0,4.0,3.0,2.0,4.0,38.0,3.0,3.0,3.0,1.0,3-5/day,Pass
Male,West,MCA,10th Pass,English,5G/Excellent,Yes,7,6,18.5,81.7,8.9,0,5.85,49.5,43.4,1.0,1.0,4.0,2.0,4.0,88.0,2.0,4.0,3.0,7.0,5+/day,At-Risk
Female,Central,B.Tech,12th Pass,English,2G/Slow,No,5,5,12.2,75.4,5.8,2,5.64,56.1,77.4,4.0,5.0,4.0,2.0,4.0,63.0,4.0,2.0,2.0,5.0,5+/day,Pass
Female,Northeast,B.Tech,10th Pass,Hindi,4G/Good,Yes,7,4,21.8,83.6,6.9,5,5.83,43.7,51.1,3.0,1.0,4.0,5.0,2.0,88.0,3.0,3.0,4.0,3.0,5+/day,Pass
Female,Central,MCA,Graduate,English,2G/Slow,Yes,4,5,19.8,98.0,4.7,0,6.24,86.5,69.9,4.0,4.0,5.0,1.0,4.0,38.0,2.0,3.0,4.0,1.0,5+/day,Pass
Female,Northeast,B.Tech,Graduate,Hindi,No Access,No,5,6,21.0,88.6,6.7,1,6.4,64.9,52.2,4.0,2.0,5.0,3.0,1.0,38.0,2.0,3.0,4.0,5.0,5+/day,Pass
Male,South,B.Com,12th Pass,Regional,4G/Good,Yes,7,5,19.1,55.9,3.8,3,4.06,42.7,32.6,5.0,2.0,5.0,1.0,1.0,38.0,4.0,4.0,3.0,7.0,3-5/day,Fail
Female,South,BCA,10th Pass,English,4G/Good,No,6,5,12.7,100.0,8.3,0,4.27,16.2,66.0,3.0,4.0,4.0,2.0,4.0,13.0,2.0,3.0,4.0,7.0,5+/day,At-Risk
Male,South,MCA,Post-Graduate,English,4G/Good,Yes,1,4,9.5,90.1,9.3,2,8.74,83.0,64.5,2.0,2.0,3.0,2.0,3.0,63.0,3.0,3.0,2.0,7.0,5+/day,Pass
Male,North,B.Tech,Graduate,Hindi,5G/Excellent,Yes,1,7,20.7,69.1,7.5,5,8.62,53.3,75.2,5.0,1.0,5.0,2.0,3.0,63.0,4.0,3.0,3.0,7.0,5+/day,Fail
Female,East,BCA,Post-Graduate,English,2G/Slow,Yes,2,7,21.0,89.1,5.1,0,7.99,66.0,58.8,5.0,3.0,4.0,4.0,4.0,88.0,3.0,3.0,3.0,3.0,5+/day,Pass
Male,East,B.Tech,12th Pass,English,2G/Slow,No,3,4,18.5,84.5,7.3,5,8.38,68.1,42.3,3.0,1.0,4.0,4.0,5.0,63.0,3.0,4.0,3.0,3.0,5+/day,Pass
Male,East,MCA,Graduate,English,5G/Excellent,Yes,1,5,32.7,84.5,6.8,1,9.19,100.0,77.0,2.0,4.0,1.0,5.0,5.0,63.0,3.0,4.0,4.0,5.0,5+/day,Pass
Other,Central,B.Tech,Graduate,English,4G/Good,No,10,6,14.8,69.9,8.6,0,5.58,57.5,75.6,3.0,2.0,5.0,2.0,4.0,63.0,4.0,3.0,3.0,5.0,5+/day,Fail
Male,Central,BCA,10th Pass,English,3G/Moderate,No,2,4,20.4,78.9,7.8,3,5.02,36.7,38.4,5.0,2.0,4.0,3.0,4.0,63.0,4.0,3.0,3.0,5.0,5+/day,Fail
Female,North,B.Tech,Post-Graduate,Regional,4G/Good,No,2,7,18.8,62.7,4.9,5,6.53,46.1,49.5,4.0,4.0,5.0,1.0,4.0,38.0,2.0,3.0,4.0,1.0,5+/day,Fail
Male,South,B.Tech,Below 10th,English,5G/Excellent,No,7,7,17.8,96.7,8.2,1,5.29,56.4,54.0,3.0,2.0,4.0,1.0,4.0,63.0,2.0,3.0,3.0,1.0,5+/day,At-Risk
Male,South,B.E.,Graduate,English,4G/Good,No,6,4,10.5,71.7,6.4,5,5.54,65.0,57.4,4.0,3.0,4.0,4.0,4.0,38.0,1.0,2.0,2.0,1.0,5+/day,At-Risk
Male,South,B.Tech,Post-Graduate,Regional,4G/Good,No,9,5,16.1,95.5,8.5,0,3.8,40.5,34.6,4.0,2.0,4.0,3.0,4.0,38.0,3.0,3.0,4.0,5.0,3-5/day,At-Risk
Female,West,BCA,10th Pass,Regional,3G/Moderate,No,10,8,24.7,89.4,4.2,4,3.51,36.6,22.6,2.0,4.0,4.0,5.0,4.0,13.0,4.0,3.0,3.0,1.0,5+/day,Pass
Female,East,B.Tech,12th Pass,English,3G/Moderate,No,5,6,22.1,77.2,7.3,5,6.03,57.6,62.2,4.0,4.0,5.0,2.0,5.0,13.0,3.0,2.0,4.0,5.0,5+/day,Pass
Female,East,B.Tech,12th Pass,Hindi,5G/Excellent,No,3,8,24.0,73.0,6.1,4,6.86,77.9,53.1,4.0,2.0,1.0,3.0,5.0,38.0,4.0,3.0,4.0,7.0,5+/day,Fail
Other,Northeast,BCA,Graduate,Hindi,4G/Good,No,1,6,13.7,84.5,6.6,1,5.53,59.7,65.4,4.0,2.0,5.0,3.0,1.0,88.0,3.0,3.0,4.0,5.0,1-3/day,At-Risk
Male,Northeast,B.Tech,Graduate,Hindi,3G/Moderate,No,1,8,24.5,95.0,5.5,3,6.77,62.4,47.9,4.0,2.0,4.0,1.0,4.0,0.0,3.0,3.0,3.0,5.0,5+/day,Pass
Male,North,B.E.,12th Pass,Regional,4G/Good,Yes,2,8,10.3,91.8,7.3,2,5.93,48.0,49.8,2.0,4.0,4.0,2.0,3.0,38.0,2.0,3.0,4.0,3.0,5+/day,Pass
Female,West,MCA,Graduate,Hindi,4G/Good,No,3,6,16.6,88.8,5.1,3,5.44,63.3,39.7,4.0,5.0,4.0,2.0,5.0,38.0,2.0,2.0,4.0,5.0,5+/day,Pass
Male,South,B.Tech,10th Pass,English,3G/Moderate,No,10,6,10.9,80.0,4.2,0,5.01,58.1,49.8,5.0,3.0,3.0,2.0,3.0,13.0,3.0,4.0,4.0,1.0,5+/day,At-Risk
Male,South,B.Tech,10th Pass,Hindi,4G/Good,No,10,7,30.4,91.8,5.4,1,5.18,66.2,40.0,5.0,4.0,2.0,3.0,3.0,88.0,3.0,1.0,3.0,3.0,5+/day,Pass
Male,North,B.Tech,12th Pass,Hindi,No Access,No,5,5,19.1,63.5,5.4,4,3.81,52.7,51.2,5.0,4.0,3.0,2.0,4.0,88.0,1.0,3.0,3.0,3.0,5+/day,Fail
Female,East,B.E.,Graduate,Hindi,3G/Moderate,No,7,5,24.6,85.0,6.0,2,7.98,76.1,65.6,4.0,2.0,5.0,3.0,1.0,38.0,2.0,3.0,4.0,5.0,5+/day,Pass
Female,South,B.E.,10th Pass,English,4G/Good,No,4,7,20.8,82.1,7.6,1,6.63,64.1,63.1,2.0,2.0,3.0,2.0,3.0,63.0,3.0,3.0,2.0,7.0,5+/day,Pass
Male,South,B.E.,Graduate,English,2G/Slow,Yes,10,8,21.7,67.3,5.1,1,5.77,46.4,57.3,5.0,4.0,2.0,3.0,3.0,88.0,3.0,1.0,3.0,3.0,5+/day,Fail
Male,West,MCA,10th Pass,Regional,3G/Moderate,No,6,6,10.7,77.8,7.7,1,4.11,48.5,30.4,5.0,2.0,5.0,2.0,4.0,88.0,1.0,3.0,4.0,5.0,5+/day,Fail
Female,West,B.Tech,Graduate,English,5G/Excellent,No,6,4,17.6,100.0,7.4,0,7.42,60.9,88.5,4.0,1.0,5.0,4.0,5.0,38.0,3.0,1.0,2.0,7.0,5+/day,Pass
Female,North,B.E.,Below 10th,English,4G/Good,No,2,8,10.4,88.9,8.0,4,5.85,37.1,72.9,4.0,2.0,4.0,2.0,5.0,63.0,2.0,3.0,3.0,5.0,5+/day,At-Risk
Male,North,B.E.,Graduate,Regional,4G/Good,No,6,5,14.7,93.3,5.9,5,4.87,72.0,38.2,5.0,3.0,4.0,4.0,4.0,88.0,3.0,3.0,3.0,3.0,5+/day,At-Risk
Female,Northeast,BCA,12th Pass,English,3G/Moderate,No,5,6,18.2,76.6,8.8,4,6.92,52.2,41.9,4.0,1.0,4.0,2.0,4.0,38.0,3.0,2.0,3.0,5.0,3-5/day,At-Risk
Male,North,B.Com,Post-Graduate,English,3G/Moderate,Yes,6,7,11.4,61.8,6.1,4,5.22,41.8,49.0,4.0,2.0,4.0,1.0,4.0,0.0,3.0,3.0,3.0,5.0,5+/day,Fail
Male,Central,B.E.,Graduate,Hindi,4G/Good,No,4,8,8.9,100.0,7.8,2,6.45,62.0,46.0,4.0,2.0,4.0,2.0,3.0,63.0,3.0,4.0,2.0,7.0,5+/day,At-Risk
Female,West,B.Com,Graduate,Hindi,3G/Moderate,No,1,4,9.4,73.2,9.0,5,5.25,54.1,46.1,5.0,4.0,2.0,3.0,3.0,88.0,3.0,1.0,3.0,3.0,5+/day,At-Risk
Female,South,B.Tech,Post-Graduate,Hindi,4G/Good,Yes,9,8,22.3,78.0,8.3,5,7.35,68.7,59.4,1.0,1.0,4.0,2.0,4.0,88.0,2.0,4.0,3.0,7.0,5+/day,At-Risk
Male,North,B.Tech,Graduate,Regional,4G/Good,Yes,3,7,15.7,65.8,6.3,5,7.89,65.3,45.7,5.0,5.0,5.0,4.0,5.0,88.0,4.0,4.0,4.0,3.0,5+/day,Fail
Female,North,B.Tech,10th Pass,English,4G/Good,No,1,4,8.8,98.7,4.8,0,5.04,56.4,33.9,4.0,2.0,5.0,2.0,2.0,38.0,4.0,1.0,3.0,1.0,5+/day,Pass
Female,North,B.E.,Graduate,Hindi,2G/Slow,Yes,4,8,17.4,86.0,5.1,3,7.45,80.9,46.4,2.0,2.0,1.0,1.0,4.0,88.0,4.0,3.0,3.0,1.0,5+/day,Pass
Female,North,B.Tech,Graduate,English,2G/Slow,Yes,7,7,22.8,80.4,5.0,4,6.09,47.1,65.9,5.0,3.0,5.0,3.0,4.0,88.0,3.0,4.0,3.0,5.0,5+/day,At-Risk
Female,East,B.Tech,12th Pass,English,5G/Excellent,No,4,8,17.0,89.4,5.5,3,6.54,46.3,53.2,4.0,2.0,4.0,4.0,1.0,63.0,3.0,3.0,3.0,3.0,1-3/day,Pass
Female,North,B.E.,Graduate,Hindi,5G/Excellent,No,4,6,7.8,77.6,6.4,1,3.94,16.6,55.0,3.0,2.0,5.0,3.0,3.0,38.0,3.0,3.0,3.0,3.0,3-5/day,At-Risk
Male,East,B.Tech,Graduate,English,4G/Good,No,9,8,16.5,74.7,7.5,5,6.3,54.0,36.9,4.0,3.0,4.0,3.0,5.0,88.0,4.0,4.0,2.0,7.0,5+/day,Fail
Male,East,B.Tech,Post-Graduate,Hindi,4G/Good,No,6,7,12.1,67.8,7.7,1,5.17,52.3,54.4,3.0,3.0,1.0,1.0,1.0,88.0,4.0,3.0,3.0,5.0,1-3/day,Fail
Male,South,B.Tech,Post-Graduate,English,4G/Good,No,9,5,19.4,66.3,7.9,1,5.84,60.1,59.8,3.0,2.0,1.0,3.0,4.0,0.0,2.0,3.0,2.0,3.0,5+/day,At-Risk
Male,North,M.Tech,10th Pass,English,2G/Slow,No,2,7,15.1,94.9,7.9,4,6.88,56.4,63.2,4.0,2.0,5.0,2.0,3.0,63.0,3.0,2.0,3.0,3.0,3-5/day,Pass
Female,North,B.Tech,12th Pass,Hindi,3G/Moderate,No,7,8,19.1,97.2,6.3,5,5.48,69.7,61.8,4.0,2.0,4.0,1.0,2.0,88.0,4.0,3.0,3.0,7.0,1-3/day,At-Risk
Male,North,BCA,Below 10th,Hindi,3G/Moderate,No,7,6,5.6,61.7,7.5,1,2.73,43.9,25.6,4.0,3.0,4.0,3.0,5.0,88.0,4.0,4.0,2.0,7.0,5+/day,Fail
Male,West,BCA,10th Pass,English,4G/Good,Yes,8,5,18.1,81.4,6.1,0,7.06,66.7,72.5,5.0,3.0,4.0,5.0,3.0,63.0,4.0,4.0,4.0,5.0,3-5/day,Pass
Male,South,B.E.,Graduate,Regional,4G/Good,No,10,7,15.7,83.3,7.0,5,4.93,45.8,38.3,4.0,1.0,3.0,2.0,4.0,38.0,4.0,3.0,3.0,3.0,5+/day,Fail
Male,West,B.Tech,10th Pass,English,5G/Excellent,No,9,5,11.4,74.2,6.2,1,4.72,34.1,41.6,4.0,2.0,4.0,3.0,4.0,63.0,3.0,4.0,3.0,3.0,5+/day,Fail
Male,South,B.E.,12th Pass,English,4G/Good,No,8,6,18.0,72.2,6.5,4,6.08,47.8,64.2,4.0,2.0,4.0,3.0,4.0,63.0,3.0,4.0,3.0,3.0,5+/day,Fail
Female,South,BCA,Graduate,English,5G/Excellent,Yes,2,4,15.4,83.2,6.0,0,7.93,60.8,85.6,4.0,3.0,5.0,1.0,2.0,38.0,3.0,3.0,3.0,7.0,5+/day,Pass
Male,East,B.E.,Graduate,English,5G/Excellent,No,3,5,17.1,73.6,3.8,4,8.09,74.6,45.7,3.0,3.0,1.0,1.0,1.0,88.0,4.0,3.0,3.0,5.0,1-3/day,At-Risk
Female,West,B.Tech,10th Pass,English,5G/Excellent,No,2,7,10.7,82.4,6.1,1,5.69,58.7,38.8,3.0,4.0,5.0,3.0,4.0,63.0,2.0,4.0,3.0,3.0,3-5/day,Pass
Female,South,B.Tech,10th Pass,Regional,3G/Moderate,Yes,1,6,18.6,69.0,7.4,0,5.78,36.7,57.1,3.0,1.0,4.0,1.0,5.0,88.0,4.0,3.0,4.0,1.0,3-5/day,Fail
Male,North,M.Tech,12th Pass,Hindi,3G/Moderate,No,7,7,4.6,75.0,7.9,1,5.06,55.7,65.8,5.0,1.0,5.0,2.0,2.0,38.0,3.0,1.0,3.0,5.0,5+/day,At-Risk
Male,East,B.E.,10th Pass,English,4G/Good,No,8,6,16.1,78.7,7.2,0,5.92,60.5,21.3,2.0,2.0,4.0,2.0,3.0,13.0,4.0,4.0,2.0,3.0,5+/day,Pass
Male,South,BCA,Post-Graduate,Regional,4G/Good,Yes,5,7,17.2,78.0,5.1,3,6.53,65.3,31.6,4.0,2.0,5.0,5.0,5.0,63.0,2.0,3.0,4.0,3.0,3-5/day,Pass
Female,South,B.E.,Graduate,English,4G/Good,No,10,6,29.2,95.8,5.7,0,6.6,60.5,83.5,5.0,4.0,2.0,3.0,3.0,88.0,3.0,1.0,3.0,3.0,5+/day,Pass
Female,West,M.Tech,12th Pass,English,5G/Excellent,No,9,8,15.6,75.4,4.1,3,5.6,48.3,88.8,5.0,2.0,3.0,2.0,3.0,63.0,4.0,3.0,3.0,7.0,5+/day,At-Risk
Male,East,B.E.,Graduate,English,5G/Excellent,No,4,7,28.6,93.3,7.5,1,7.46,83.9,67.4,3.0,2.0,3.0,2.0,4.0,88.0,4.0,1.0,1.0,1.0,1-3/day,Pass
Female,West,B.E.,10th Pass,English,4G/Good,No,1,6,25.3,46.3,5.2,0,5.82,42.0,48.1,5.0,1.0,5.0,1.0,5.0,38.0,1.0,3.0,2.0,3.0,5+/day,Fail
Female,East,B.Com,Graduate,Hindi,4G/Good,No,4,4,16.5,82.0,7.1,4,5.98,32.1,53.5,4.0,2.0,3.0,3.0,3.0,63.0,3.0,4.0,4.0,1.0,1-3/day,At-Risk
Male,West,BCA,10th Pass,English,5G/Excellent,No,5,6,17.5,56.9,7.2,5,4.91,39.5,25.6,4.0,2.0,5.0,2.0,3.0,63.0,3.0,2.0,3.0,3.0,3-5/day,Fail
Male,West,B.Tech,Graduate,Hindi,No Access,No,8,4,9.8,96.8,5.2,0,4.79,62.1,48.3,4.0,3.0,4.0,2.0,3.0,88.0,1.0,3.0,4.0,5.0,5+/day,At-Risk
Female,East,B.Tech,12th Pass,Hindi,2G/Slow,Yes,5,5,13.3,100.0,6.9,0,4.81,50.4,24.7,4.0,3.0,4.0,1.0,2.0,13.0,1.0,4.0,4.0,7.0,5+/day,At-Risk
Female,West,MCA,Below 10th,Regional,5G/Excellent,No,10,6,19.0,81.6,9.2,5,5.37,41.6,39.3,4.0,2.0,5.0,3.0,1.0,63.0,4.0,4.0,4.0,7.0,5+/day,Fail
Female,Northeast,MCA,10th Pass,Hindi,4G/Good,No,9,5,15.2,100.0,6.0,0,5.57,61.1,49.7,3.0,3.0,1.0,1.0,1.0,88.0,4.0,3.0,3.0,5.0,1-3/day,Pass
Female,South,B.E.,12th Pass,English,4G/Good,Yes,6,5,23.6,72.4,8.1,2,7.35,68.3,67.3,4.0,3.0,4.0,5.0,3.0,38.0,2.0,2.0,4.0,7.0,3-5/day,At-Risk
Female,South,BCA,Graduate,English,5G/Excellent,Yes,8,8,22.0,93.8,6.9,4,5.76,56.5,69.0,3.0,2.0,5.0,1.0,4.0,63.0,1.0,3.0,2.0,3.0,1-3/day,Pass
Male,West,BCA,Below 10th,Hindi,4G/Good,No,3,6,19.5,92.1,7.0,0,5.12,37.5,28.0,2.0,1.0,2.0,2.0,5.0,63.0,4.0,4.0,3.0,1.0,3-5/day,At-Risk
Female,East,B.E.,Graduate,English,4G/Good,No,3,8,22.2,80.2,6.4,0,6.04,65.6,95.5,5.0,5.0,5.0,4.0,5.0,88.0,4.0,4.0,4.0,3.0,5+/day,Pass
Female,North,BCA,Graduate,English,4G/Good,Yes,9,8,20.4,81.9,7.9,1,5.51,44.3,53.2,3.0,2.0,1.0,3.0,4.0,0.0,2.0,3.0,2.0,3.0,5+/day,Pass
Female,Central,B.Tech,Graduate,Hindi,3G/Moderate,Yes,6,5,17.9,86.0,6.3,5,6.15,73.8,36.3,4.0,3.0,5.0,1.0,2.0,13.0,4.0,3.0,3.0,5.0,5+/day,Pass
Male,North,B.Com,Graduate,English,3G/Moderate,Yes,4,7,12.6,84.5,7.4,5,8.21,55.8,83.0,5.0,2.0,4.0,2.0,4.0,38.0,3.0,3.0,2.0,1.0,5+/day,Pass
Male,West,MCA,10th Pass,Regional,5G/Excellent,No,8,5,30.7,86.1,7.9,4,6.76,65.9,67.4,2.0,3.0,2.0,2.0,5.0,63.0,3.0,3.0,4.0,3.0,5+/day,Pass
Male,West,BCA,12th Pass,English,3G/Moderate,Yes,4,5,22.3,100.0,8.0,0,7.97,56.2,52.8,4.0,4.0,4.0,4.0,4.0,88.0,4.0,4.0,4.0,5.0,5+/day,Pass
Male,Central,B.Tech,Post-Graduate,Regional,3G/Moderate,Yes,4,4,20.3,100.0,7.3,0,5.27,35.2,37.5,3.0,4.0,5.0,4.0,5.0,88.0,2.0,4.0,3.0,5.0,5+/day,At-Risk
Male,North,B.Tech,12th Pass,Regional,4G/Good,Yes,7,7,12.4,92.2,7.6,0,7.45,72.5,76.2,3.0,1.0,4.0,2.0,2.0,38.0,3.0,1.0,4.0,7.0,3-5/day,Pass
Female,East,B.E.,12th Pass,English,2G/Slow,No,7,5,34.7,100.0,6.5,3,7.78,58.5,57.8,4.0,3.0,4.0,3.0,4.0,88.0,1.0,2.0,3.0,5.0,1-3/day,Pass
Female,South,BCA,Graduate,Hindi,5G/Excellent,Yes,8,7,12.9,68.9,5.9,2,4.88,44.0,35.7,4.0,3.0,2.0,3.0,3.0,88.0,4.0,2.0,4.0,5.0,3-5/day,Fail
Male,South,BCA,10th Pass,Hindi,2G/Slow,Yes,10,4,18.2,91.9,7.0,4,3.61,27.3,43.0,1.0,2.0,5.0,1.0,5.0,13.0,3.0,3.0,3.0,3.0,5+/day,At-Risk
Female,North,B.E.,Graduate,Hindi,4G/Good,Yes,7,7,18.5,92.3,7.0,3,6.88,81.1,43.4,2.0,2.0,2.0,1.0,5.0,88.0,4.0,4.0,4.0,5.0,5+/day,At-Risk
Male,East,BCA,Post-Graduate,Hindi,3G/Moderate,Yes,8,6,8.5,77.1,7.0,0,7.34,59.3,87.6,1.0,2.0,5.0,2.0,5.0,38.0,3.0,4.0,3.0,7.0,5+/day,At-Risk
Male,East,MCA,Below 10th,Hindi,5G/Excellent,Yes,8,4,21.1,100.0,8.2,5,6.45,69.6,62.1,2.0,4.0,5.0,1.0,2.0,63.0,3.0,3.0,3.0,5.0,5+/day,Pass
Male,North,B.Tech,Graduate,English,4G/Good,No,7,7,20.3,100.0,6.6,4,6.41,51.3,62.0,5.0,2.0,4.0,1.0,4.0,63.0,4.0,1.0,4.0,1.0,3-5/day,At-Risk
Male,East,B.E.,10th Pass,English,4G/Good,No,1,8,10.5,88.4,4.5,3,6.03,37.7,37.0,4.0,2.0,5.0,2.0,3.0,63.0,3.0,2.0,3.0,3.0,3-5/day,At-Risk
Male,West,MCA,12th Pass,Regional,5G/Excellent,Yes,4,7,23.1,73.5,3.4,2,6.97,63.2,52.0,3.0,3.0,4.0,4.0,5.0,13.0,4.0,3.0,3.0,3.0,5+/day,At-Risk
Male,West,B.E.,Graduate,English,2G/Slow,No,3,4,11.2,63.6,6.8,3,4.84,58.9,64.3,3.0,2.0,5.0,3.0,4.0,38.0,3.0,3.0,2.0,1.0,5+/day,Fail
Male,Central,BCA,Graduate,English,4G/Good,No,9,8,15.7,69.6,8.0,1,5.76,53.0,45.1,3.0,2.0,3.0,2.0,4.0,88.0,4.0,1.0,1.0,1.0,1-3/day,Fail
Female,South,B.E.,Graduate,English,5G/Excellent,Yes,10,7,12.5,100.0,6.2,0,7.42,63.4,51.4,4.0,5.0,4.0,2.0,5.0,38.0,2.0,2.0,4.0,5.0,5+/day,Pass
Male,Central,B.Com,Post-Graduate,Regional,4G/Good,Yes,8,7,22.2,78.7,9.3,3,6.09,59.9,43.2,3.0,3.0,1.0,1.0,1.0,88.0,4.0,3.0,3.0,5.0,1-3/day,Pass
Female,Northeast,B.Tech,12th Pass,Hindi,4G/Good,No,9,4,21.5,95.8,6.7,5,5.8,64.0,41.7,5.0,2.0,4.0,1.0,2.0,38.0,4.0,3.0,3.0,1.0,1-3/day,At-Risk
Female,South,B.E.,Graduate,Regional,No Access,No,5,8,10.1,86.4,10.1,2,5.9,58.5,55.4,4.0,2.0,3.0,1.0,5.0,38.0,3.0,3.0,2.0,3.0,5+/day,At-Risk
Female,North,B.Tech,10th Pass,Regional,No Access,Yes,5,8,13.8,57.7,6.4,5,3.19,26.7,28.7,4.0,1.0,3.0,2.0,3.0,88.0,3.0,3.0,3.0,7.0,3-5/day,Fail
Female,South,B.Tech,10th Pass,Regional,No Access,Yes,10,7,13.9,78.9,8.9,5,4.23,35.9,40.6,5.0,2.0,3.0,2.0,3.0,63.0,4.0,3.0,3.0,7.0,5+/day,Fail
Male,South,B.E.,12th Pass,Hindi,5G/Excellent,No,5,6,22.5,70.5,5.9,0,5.41,59.5,64.9,3.0,3.0,5.0,3.0,4.0,38.0,3.0,4.0,4.0,3.0,5+/day,Fail
Male,East,B.Tech,Graduate,English,5G/Excellent,No,2,4,13.0,92.0,8.1,1,6.3,48.6,57.7,5.0,2.0,4.0,2.0,4.0,38.0,3.0,3.0,2.0,1.0,5+/day,Pass
Female,East,B.Com,12th Pass,English,3G/Moderate,No,7,4,17.1,92.7,7.4,5,7.38,63.3,86.0,2.0,1.0,2.0,2.0,5.0,63.0,4.0,4.0,3.0,1.0,3-5/day,Pass
Male,West,B.Com,Graduate,Hindi,3G/Moderate,No,8,5,16.4,79.8,7.0,1,6.56,71.6,48.9,4.0,4.0,5.0,2.0,5.0,63.0,3.0,3.0,4.0,7.0,5+/day,At-Risk
Female,East,B.Tech,Graduate,English,2G/Slow,Yes,5,8,15.7,100.0,7.0,3,7.71,70.9,47.8,2.0,4.0,5.0,4.0,5.0,13.0,3.0,2.0,3.0,1.0,5+/day,Pass
Female,North,BCA,Below 10th,Hindi,3G/Moderate,Yes,8,8,30.0,95.0,8.6,0,7.23,64.2,79.6,3.0,4.0,4.0,3.0,3.0,38.0,3.0,3.0,4.0,7.0,5+/day,Pass
Female,Northeast,B.E.,12th Pass,Hindi,4G/Good,No,6,5,13.3,76.9,6.3,3,5.23,36.3,54.7,5.0,2.0,4.0,1.0,4.0,63.0,4.0,1.0,4.0,1.0,3-5/day,Fail
Female,South,MCA,12th Pass,Hindi,4G/Good,No,4,7,16.4,88.5,6.7,1,6.37,40.7,57.8,3.0,3.0,4.0,1.0,2.0,63.0,3.0,3.0,4.0,3.0,5+/day,At-Risk
Other,Central,BCA,12th Pass,English,5G/Excellent,Yes,7,7,20.5,72.5,10.6,4,7.58,72.8,61.8,3.0,1.0,4.0,5.0,2.0,88.0,3.0,3.0,4.0,3.0,5+/day,At-Risk
Female,North,B.Tech,Graduate,English,4G/Good,No,8,4,15.0,78.0,7.3,3,5.83,56.6,42.2,4.0,4.0,5.0,2.0,5.0,63.0,3.0,3.0,4.0,7.0,5+/day,At-Risk
Male,Central,MCA,12th Pass,Hindi,4G/Good,No,9,7,13.9,89.3,8.4,4,5.57,38.1,19.8,5.0,1.0,5.0,2.0,3.0,63.0,4.0,3.0,3.0,7.0,5+/day,Fail
Female,North,BCA,Graduate,English,4G/Good,Yes,5,6,20.4,82.7,6.2,0,8.79,88.4,85.1,3.0,4.0,2.0,4.0,4.0,88.0,1.0,4.0,3.0,1.0,5+/day,Pass
Male,North,B.E.,Graduate,Hindi,4G/Good,No,9,6,23.5,65.0,5.7,1,6.35,44.8,70.9,5.0,2.0,4.0,3.0,4.0,63.0,4.0,3.0,3.0,5.0,5+/day,Fail
Male,North,B.Com,12th Pass,Hindi,4G/Good,No,8,6,27.1,87.0,7.7,3,6.31,50.2,43.6,2.0,2.0,2.0,1.0,5.0,88.0,4.0,4.0,4.0,5.0,5+/day,At-Risk
Female,West,B.Com,Graduate,Regional,3G/Moderate,No,1,5,16.6,78.2,6.9,3,6.43,53.6,38.5,3.0,5.0,5.0,1.0,5.0,38.0,3.0,3.0,4.0,7.0,3-5/day,At-Risk
Male,Northeast,B.E.,Below 10th,Regional,3G/Moderate,No,8,6,12.6,72.4,6.2,3,3.16,54.9,29.8,3.0,4.0,4.0,2.0,4.0,63.0,1.0,4.0,3.0,1.0,5+/day,Fail
Male,South,BCA,Below 10th,English,4G/Good,Yes,8,5,12.6,68.9,4.0,0,3.82,47.3,22.5,4.0,5.0,4.0,2.0,5.0,38.0,2.0,2.0,4.0,5.0,5+/day,Fail
Male,Central,B.Com,Below 10th,Hindi,5G/Excellent,No,7,4,27.8,79.7,3.8,5,3.27,40.1,57.3,5.0,2.0,3.0,2.0,4.0,88.0,4.0,3.0,2.0,7.0,5+/day,Fail
Female,East,B.Tech,12th Pass,English,4G/Good,No,1,4,20.3,85.1,3.6,5,5.96,48.6,38.5,4.0,4.0,4.0,2.0,5.0,63.0,3.0,4.0,1.0,5.0,3-5/day,At-Risk
Male,West,B.Tech,10th Pass,English,5G/Excellent,Yes,6,6,12.3,79.2,7.0,0,5.92,47.7,67.1,5.0,5.0,5.0,5.0,5.0,63.0,2.0,2.0,3.0,3.0,3-5/day,Pass
Female,Northeast,B.Tech,Post-Graduate,Hindi,No Access,No,2,5,13.2,85.7,4.9,5,5.47,41.3,40.2,3.0,3.0,4.0,1.0,4.0,88.0,2.0,4.0,3.0,1.0,3-5/day,At-Risk
Male,South,M.Tech,12th Pass,Hindi,4G/Good,Yes,6,6,10.2,78.9,3.9,5,6.26,80.8,68.5,4.0,1.0,5.0,2.0,4.0,88.0,3.0,4.0,4.0,5.0,5+/day,Fail
Female,South,BCA,Graduate,Hindi,5G/Excellent,Yes,2,7,17.4,89.1,5.2,2,7.14,53.0,70.0,4.0,1.0,5.0,2.0,5.0,38.0,4.0,4.0,2.0,3.0,1-3/day,At-Risk
Female,Central,B.Tech,10th Pass,English,4G/Good,No,2,5,21.4,80.2,3.6,5,5.93,42.2,77.8,3.0,3.0,5.0,3.0,4.0,38.0,3.0,4.0,4.0,3.0,5+/day,Pass
Male,Central,B.Com,10th Pass,Regional,5G/Excellent,Yes,7,5,28.8,62.4,5.6,3,7.53,63.5,48.4,5.0,2.0,2.0,3.0,3.0,63.0,4.0,3.0,3.0,5.0,3-5/day,Fail
Male,Central,BCA,10th Pass,English,4G/Good,No,10,5,25.6,67.6,5.5,0,4.34,66.8,28.2,5.0,5.0,3.0,1.0,3.0,13.0,2.0,3.0,4.0,5.0,3-5/day,Fail
Male,Central,M.Tech,Graduate,Regional,3G/Moderate,No,1,5,18.3,75.7,7.3,1,8.43,75.5,61.4,5.0,3.0,4.0,3.0,1.0,38.0,2.0,4.0,2.0,5.0,5+/day,Pass
Other,North,B.Tech,12th Pass,Hindi,3G/Moderate,Yes,5,7,13.2,97.1,6.7,0,5.61,49.2,86.0,4.0,4.0,3.0,1.0,3.0,63.0,3.0,4.0,3.0,3.0,5+/day,Pass
Female,Northeast,B.E.,12th Pass,English,4G/Good,No,1,6,21.2,70.5,5.8,0,6.07,45.6,45.7,1.0,1.0,4.0,2.0,4.0,88.0,2.0,4.0,3.0,7.0,5+/day,Fail
Female,South,BCA,12th Pass,English,5G/Excellent,No,9,4,5.6,86.7,7.5,3,4.51,56.7,46.2,5.0,3.0,4.0,4.0,4.0,88.0,3.0,3.0,3.0,3.0,5+/day,At-Risk
Male,Central,B.E.,Graduate,English,2G/Slow,No,5,8,12.5,86.9,4.6,4,4.56,62.0,50.0,4.0,2.0,5.0,3.0,1.0,63.0,4.0,4.0,4.0,7.0,5+/day,At-Risk
Female,East,BCA,Below 10th,Regional,4G/Good,No,5,8,22.4,67.4,5.8,1,4.08,30.3,39.7,2.0,4.0,4.0,5.0,4.0,13.0,4.0,3.0,3.0,1.0,5+/day,At-Risk
Female,East,MCA,Graduate,Regional,4G/Good,No,4,5,24.1,78.8,5.3,4,5.65,47.7,69.5,4.0,5.0,4.0,2.0,3.0,38.0,1.0,4.0,2.0,3.0,1-3/day,Pass
Female,East,B.E.,12th Pass,Hindi,2G/Slow,Yes,3,5,27.2,83.9,6.4,2,8.32,64.4,69.4,5.0,2.0,4.0,1.0,4.0,63.0,4.0,1.0,4.0,1.0,3-5/day,At-Risk
Female,South,MCA,Graduate,Hindi,2G/Slow,Yes,8,4,17.2,78.6,3.4,3,6.4,52.4,73.5,4.0,3.0,4.0,4.0,5.0,88.0,4.0,4.0,4.0,3.0,5+/day,At-Risk
Male,North,B.Tech,10th Pass,Hindi,4G/Good,No,7,8,27.1,88.8,9.9,5,6.61,61.8,82.2,1.0,5.0,4.0,3.0,4.0,38.0,3.0,3.0,4.0,7.0,5+/day,Pass
Male,Central,B.Tech,12th Pass,Hindi,3G/Moderate,Yes,9,5,15.3,88.3,7.0,4,5.29,41.7,54.6,5.0,4.0,3.0,2.0,4.0,88.0,1.0,3.0,3.0,3.0,5+/day,At-Risk
Female,Northeast,B.Tech,10th Pass,Hindi,3G/Moderate,No,6,7,14.8,84.5,7.1,0,6.92,61.1,56.6,4.0,1.0,5.0,3.0,2.0,38.0,3.0,3.0,3.0,1.0,5+/day,At-Risk
Female,North,B.E.,Post-Graduate,English,3G/Moderate,No,1,8,20.2,93.0,3.5,0,5.76,46.4,62.5,4.0,2.0,4.0,1.0,2.0,88.0,4.0,3.0,3.0,7.0,1-3/day,At-Risk
Female,West,B.E.,12th Pass,Regional,2G/Slow,Yes,5,7,26.0,82.0,6.8,2,5.96,51.4,72.4,4.0,2.0,3.0,3.0,4.0,88.0,3.0,4.0,4.0,1.0,5+/day,At-Risk
Male,West,MCA,Post-Graduate,Hindi,4G/Good,Yes,5,4,24.6,83.4,6.2,2,5.23,53.3,42.9,2.0,3.0,4.0,3.0,3.0,63.0,3.0,3.0,1.0,1.0,3-5/day,Pass
Male,South,BCA,12th Pass,English,4G/Good,Yes,7,4,25.2,85.4,8.2,1,8.35,80.5,80.7,2.0,2.0,5.0,3.0,5.0,38.0,4.0,2.0,3.0,3.0,5+/day,Pass
Male,South,B.E.,10th Pass,Regional,4G/Good,No,10,8,21.7,68.8,6.1,1,5.49,56.1,55.1,3.0,3.0,3.0,3.0,3.0,88.0,2.0,2.0,2.0,7.0,5+/day,Fail
Male,Northeast,BCA,12th Pass,Hindi,4G/Good,No,1,6,24.7,89.0,6.0,3,6.83,64.9,61.5,4.0,2.0,3.0,1.0,5.0,38.0,3.0,3.0,2.0,3.0,5+/day,Pass
Female,West,B.Tech,Below 10th,English,5G/Excellent,Yes,1,8,18.2,74.6,6.4,2,6.49,97.0,13.8,2.0,1.0,4.0,4.0,4.0,38.0,3.0,3.0,2.0,5.0,5+/day,At-Risk
Female,East,B.Tech,Post-Graduate,English,5G/Excellent,Yes,6,7,20.2,79.4,8.6,3,8.91,80.5,85.7,3.0,1.0,2.0,3.0,2.0,38.0,3.0,2.0,1.0,1.0,3-5/day,Pass
Male,East,BCA,Graduate,Hindi,5G/Excellent,Yes,6,6,37.5,88.6,4.1,4,8.23,89.6,71.2,4.0,1.0,4.0,2.0,4.0,38.0,3.0,2.0,3.0,5.0,3-5/day,Pass
Male,North,BCA,Graduate,Regional,4G/Good,Yes,9,7,24.2,87.4,3.9,1,6.17,61.8,57.3,5.0,2.0,3.0,2.0,3.0,63.0,4.0,3.0,3.0,7.0,5+/day,At-Risk
Male,East,MCA,12th Pass,Regional,5G/Excellent,No,3,7,18.1,64.9,3.1,3,6.99,56.8,52.0,5.0,1.0,5.0,3.0,4.0,63.0,1.0,3.0,3.0,3.0,5+/day,Fail
Male,North,B.E.,12th Pass,Hindi,4G/Good,No,5,7,23.6,65.1,8.1,2,7.08,79.5,41.7,3.0,4.0,5.0,4.0,5.0,63.0,1.0,3.0,3.0,3.0,5+/day,At-Risk
Female,North,BCA,Post-Graduate,English,3G/Moderate,Yes,5,5,10.6,70.0,7.9,4,5.53,67.3,39.9,3.0,3.0,4.0,1.0,4.0,88.0,2.0,4.0,3.0,1.0,3-5/day,Fail
Female,West,BCA,10th Pass,English,2G/Slow,No,1,6,15.7,84.4,4.7,1,6.19,62.4,44.0,4.0,3.0,2.0,3.0,3.0,88.0,4.0,2.0,4.0,5.0,3-5/day,Pass
Male,Central,B.Com,Graduate,English,4G/Good,Yes,6,5,16.6,97.7,4.4,3,5.94,62.5,73.2,1.0,2.0,2.0,3.0,4.0,13.0,3.0,2.0,2.0,5.0,5+/day,Pass
Female,South,B.Tech,12th Pass,Regional,2G/Slow,Yes,4,5,13.0,76.2,7.9,5,6.84,60.3,48.8,5.0,4.0,3.0,5.0,5.0,88.0,4.0,4.0,4.0,5.0,5+/day,Pass
Female,North,BCA,Post-Graduate,Regional,3G/Moderate,Yes,6,7,30.4,70.7,4.3,2,8.2,81.5,61.2,2.0,2.0,4.0,2.0,3.0,63.0,1.0,2.0,4.0,5.0,5+/day,At-Risk
Female,West,BCA,Graduate,English,4G/Good,No,8,4,21.3,70.8,6.1,3,4.51,50.0,54.9,3.0,1.0,3.0,4.0,4.0,63.0,3.0,3.0,3.0,5.0,5+/day,Fail
Male,Northeast,B.Com,Post-Graduate,Regional,4G/Good,No,8,8,22.1,87.2,5.7,1,6.17,58.6,76.6,3.0,3.0,5.0,3.0,4.0,38.0,3.0,4.0,4.0,3.0,5+/day,Pass
Female,West,B.Tech,12th Pass,Hindi,5G/Excellent,Yes,3,4,17.3,94.9,11.4,4,7.22,46.8,69.1,3.0,4.0,3.0,4.0,4.0,38.0,3.0,2.0,2.0,3.0,5+/day,Pass
Male,Northeast,B.E.,10th Pass,English,4G/Good,Yes,9,7,9.9,94.2,6.3,0,4.21,66.3,71.8,5.0,3.0,4.0,5.0,3.0,63.0,4.0,4.0,4.0,5.0,3-5/day,At-Risk
Male,East,B.Tech,12th Pass,Hindi,4G/Good,Yes,4,8,17.6,73.9,8.4,5,8.05,91.7,84.5,3.0,1.0,4.0,1.0,4.0,63.0,3.0,3.0,4.0,5.0,5+/day,Fail
Male,West,B.E.,Graduate,Regional,3G/Moderate,Yes,1,8,15.0,63.8,7.2,4,5.87,53.3,68.9,2.0,1.0,3.0,4.0,2.0,38.0,2.0,3.0,1.0,5.0,5+/day,Pass
Male,North,B.Tech,Graduate,English,4G/Good,No,9,7,10.9,83.0,5.8,3,4.73,42.5,59.1,3.0,1.0,4.0,1.0,4.0,63.0,3.0,3.0,4.0,5.0,5+/day,Fail
Male,South,B.Tech,Below 10th,Regional,4G/Good,Yes,5,5,23.3,99.8,5.6,3,5.91,54.7,65.5,4.0,3.0,4.0,4.0,4.0,63.0,4.0,4.0,4.0,3.0,1-3/day,Pass
Male,South,BCA,12th Pass,English,5G/Excellent,No,8,8,16.1,87.2,6.6,0,4.43,45.6,33.6,2.0,2.0,3.0,4.0,4.0,88.0,4.0,3.0,4.0,1.0,5+/day,At-Risk
Male,East,B.Tech,10th Pass,English,4G/Good,Yes,7,8,5.5,65.7,6.6,3,5.75,65.6,43.2,1.0,3.0,5.0,5.0,4.0,0.0,3.0,3.0,4.0,3.0,3-5/day,At-Risk
Female,Central,B.Tech,Graduate,English,4G/Good,No,5,8,18.0,81.2,5.7,5,5.61,27.4,54.3,4.0,5.0,3.0,4.0,4.0,38.0,3.0,2.0,3.0,3.0,5+/day,Pass
Female,Northeast,B.Tech,10th Pass,Regional,4G/Good,No,8,8,18.1,69.9,7.3,4,4.76,52.0,73.6,2.0,3.0,4.0,2.0,2.0,38.0,3.0,4.0,2.0,1.0,5+/day,At-Risk
Male,North,B.Tech,Graduate,English,5G/Excellent,No,1,6,23.3,86.0,6.6,1,7.34,47.5,53.4,3.0,3.0,1.0,1.0,1.0,88.0,4.0,3.0,3.0,5.0,1-3/day,Pass
Female,North,B.Com,10th Pass,Regional,5G/Excellent,Yes,4,5,18.8,81.5,5.5,4,7.54,50.7,59.6,5.0,3.0,4.0,3.0,1.0,88.0,3.0,2.0,2.0,7.0,5+/day,Pass
Female,South,BCA,10th Pass,Hindi,3G/Moderate,Yes,5,6,13.7,78.7,6.0,4,6.36,65.6,47.1,4.0,3.0,4.0,2.0,5.0,88.0,4.0,3.0,3.0,1.0,5+/day,At-Risk
Female,South,MCA,Post-Graduate,Hindi,4G/Good,Yes,4,6,21.5,74.4,7.3,5,7.24,65.7,65.6,4.0,3.0,4.0,4.0,5.0,88.0,4.0,4.0,4.0,3.0,5+/day,Fail
Male,East,B.E.,10th Pass,Regional,4G/Good,No,6,7,13.5,87.1,4.9,5,4.59,53.5,52.9,3.0,3.0,4.0,3.0,2.0,38.0,1.0,2.0,4.0,7.0,5+/day,Pass
Female,Central,B.Com,Below 10th,English,5G/Excellent,Yes,9,5,22.9,96.3,4.9,5,5.5,39.3,45.4,4.0,3.0,5.0,2.0,4.0,38.0,3.0,3.0,3.0,5.0,5+/day,At-Risk
Female,Central,B.E.,Below 10th,Regional,4G/Good,Yes,1,4,26.1,100.0,4.6,5,5.89,36.5,63.8,3.0,4.0,5.0,4.0,5.0,63.0,1.0,3.0,3.0,3.0,5+/day,Pass
Female,West,BCA,12th Pass,English,2G/Slow,No,10,5,0.6,87.0,6.0,4,3.27,42.7,44.2,5.0,3.0,4.0,2.0,5.0,13.0,1.0,4.0,1.0,7.0,5+/day,Fail
Male,Northeast,B.E.,12th Pass,Hindi,4G/Good,Yes,2,4,12.8,97.2,6.1,1,5.06,31.1,38.2,1.0,2.0,2.0,3.0,4.0,13.0,3.0,2.0,2.0,5.0,5+/day,Pass
Male,East,BCA,10th Pass,Hindi,4G/Good,No,1,8,21.3,69.9,4.8,3,5.83,34.2,74.6,3.0,2.0,4.0,2.0,2.0,13.0,3.0,3.0,3.0,1.0,5+/day,At-Risk
Female,North,BCA,Graduate,Regional,4G/Good,No,7,4,18.6,78.0,6.5,4,6.13,56.8,59.9,3.0,5.0,3.0,2.0,3.0,88.0,2.0,3.0,2.0,3.0,1-3/day,Pass
Male,East,B.Tech,Below 10th,English,3G/Moderate,No,2,4,27.1,70.5,6.5,1,6.04,38.4,91.1,5.0,2.0,5.0,3.0,4.0,88.0,1.0,3.0,2.0,3.0,3-5/day,Fail
Male,East,B.Tech,Graduate,Hindi,No Access,No,9,4,26.8,76.1,7.9,3,4.01,36.7,62.3,4.0,3.0,4.0,4.0,4.0,63.0,4.0,4.0,4.0,3.0,1-3/day,At-Risk
Male,West,BCA,Graduate,English,4G/Good,Yes,8,8,24.5,69.7,7.8,1,6.61,54.5,60.8,4.0,3.0,5.0,1.0,2.0,38.0,3.0,3.0,3.0,7.0,5+/day,Fail
Female,North,B.E.,Post-Graduate,English,5G/Excellent,Yes,10,8,6.2,100.0,3.5,1,6.32,61.6,54.3,2.0,2.0,1.0,1.0,4.0,88.0,4.0,3.0,3.0,1.0,5+/day,Pass
Female,South,B.Tech,Post-Graduate,English,5G/Excellent,Yes,1,6,16.9,77.5,6.9,4,8.5,77.6,93.2,5.0,1.0,5.0,2.0,2.0,38.0,3.0,1.0,3.0,5.0,5+/day,Pass
Male,South,B.E.,10th Pass,English,4G/Good,Yes,3,4,22.5,80.3,3.5,0,5.66,76.4,45.1,1.0,2.0,5.0,3.0,3.0,38.0,3.0,4.0,3.0,1.0,3-5/day,Pass
Female,Central,B.E.,10th Pass,Regional,5G/Excellent,Yes,6,5,17.8,63.4,7.4,4,6.33,44.0,39.3,4.0,3.0,4.0,1.0,2.0,13.0,1.0,4.0,4.0,7.0,5+/day,Fail
Male,South,MCA,Graduate,Hindi,3G/Moderate,No,3,7,17.1,57.9,7.3,1,6.35,34.5,56.3,5.0,5.0,5.0,5.0,5.0,63.0,2.0,2.0,3.0,3.0,3-5/day,Fail
Female,West,B.Tech,Below 10th,English,4G/Good,Yes,9,6,26.7,100.0,5.0,1,6.1,30.2,28.3,4.0,2.0,2.0,1.0,4.0,63.0,3.0,3.0,3.0,5.0,5+/day,At-Risk
Female,West,B.Tech,10th Pass,Regional,2G/Slow,Yes,10,4,20.5,79.1,7.0,1,5.56,58.4,57.0,5.0,2.0,5.0,3.0,4.0,88.0,1.0,3.0,2.0,3.0,3-5/day,At-Risk
Female,South,MCA,Below 10th,English,4G/Good,No,10,6,16.2,100.0,4.9,2,3.68,47.6,43.8,5.0,2.0,4.0,1.0,4.0,63.0,4.0,1.0,4.0,1.0,3-5/day,Fail
Female,East,BCA,12th Pass,Hindi,5G/Excellent,Yes,2,4,9.7,80.2,6.3,5,4.31,51.2,30.1,4.0,1.0,3.0,3.0,5.0,38.0,2.0,2.0,3.0,1.0,3-5/day,At-Risk
Male,Central,B.Tech,12th Pass,Regional,5G/Excellent,Yes,6,4,30.0,67.1,6.6,4,6.11,72.7,67.1,4.0,4.0,3.0,2.0,4.0,38.0,3.0,3.0,3.0,1.0,3-5/day,At-Risk
Female,East,MCA,10th Pass,Regional,4G/Good,Yes,2,6,20.1,82.3,6.1,0,6.4,46.0,70.0,4.0,1.0,3.0,2.0,4.0,38.0,4.0,3.0,3.0,3.0,5+/day,At-Risk
Male,Central,B.E.,Below 10th,English,4G/Good,No,3,4,14.7,82.9,7.6,5,5.68,48.7,32.2,4.0,3.0,5.0,2.0,4.0,38.0,3.0,3.0,3.0,5.0,5+/day,At-Risk
Female,North,B.E.,Graduate,Hindi,5G/Excellent,No,10,4,24.5,83.7,5.3,3,3.6,26.4,55.5,3.0,2.0,3.0,4.0,1.0,13.0,4.0,3.0,2.0,5.0,3-5/day,Pass
Female,North,B.Com,Below 10th,English,3G/Moderate,No,9,7,6.8,81.2,7.3,0,4.42,13.4,58.7,1.0,4.0,5.0,2.0,4.0,88.0,3.0,3.0,4.0,5.0,5+/day,Fail
Female,Central,B.Com,Post-Graduate,Regional,4G/Good,Yes,9,5,30.3,63.8,4.7,5,6.33,63.2,60.0,4.0,4.0,5.0,1.0,4.0,38.0,2.0,3.0,4.0,1.0,5+/day,Fail
Male,Northeast,B.E.,10th Pass,Hindi,3G/Moderate,No,2,8,22.3,63.6,3.3,0,6.56,68.2,48.7,3.0,2.0,3.0,4.0,1.0,13.0,4.0,3.0,2.0,5.0,3-5/day,At-Risk
Female,Central,B.Tech,Graduate,Regional,5G/Excellent,Yes,8,7,33.4,96.0,3.9,2,7.36,57.8,57.5,5.0,2.0,5.0,2.0,4.0,88.0,1.0,3.0,4.0,5.0,5+/day,At-Risk
Male,West,B.Tech,12th Pass,English,2G/Slow,No,3,8,22.4,100.0,5.0,1,6.63,53.8,66.7,4.0,4.0,5.0,1.0,5.0,38.0,1.0,3.0,4.0,5.0,3-5/day,Pass
Male,Central,B.Tech,Below 10th,Hindi,3G/Moderate,No,2,8,19.7,78.6,7.5,0,6.12,55.4,46.8,5.0,1.0,5.0,3.0,4.0,63.0,1.0,3.0,3.0,3.0,5+/day,At-Risk
Female,Northeast,B.Tech,12th Pass,Hindi,4G/Good,No,10,5,13.8,60.0,7.3,5,5.75,58.6,77.6,4.0,2.0,2.0,3.0,5.0,0.0,2.0,2.0,3.0,3.0,5+/day,At-Risk
Male,Northeast,B.E.,12th Pass,Hindi,3G/Moderate,No,8,7,14.9,96.4,6.2,1,5.27,48.8,62.1,4.0,1.0,5.0,2.0,4.0,38.0,1.0,3.0,2.0,7.0,5+/day,Fail
Female,East,B.Com,Graduate,Hindi,3G/Moderate,Yes,3,4,9.3,71.8,3.4,4,7.35,60.6,91.5,4.0,2.0,5.0,3.0,1.0,63.0,4.0,4.0,4.0,7.0,5+/day,Fail
Male,South,M.Tech,Graduate,Regional,4G/Good,Yes,8,5,31.8,86.2,9.2,1,6.16,71.5,49.0,2.0,3.0,2.0,2.0,5.0,63.0,3.0,3.0,4.0,3.0,5+/day,Pass
Male,Central,B.E.,Below 10th,Regional,5G/Excellent,No,6,4,18.9,75.7,4.2,5,6.18,60.2,50.0,5.0,1.0,5.0,4.0,2.0,38.0,4.0,3.0,3.0,3.0,5+/day,At-Risk
Female,South,BCA,10th Pass,English,3G/Moderate,Yes,1,4,24.1,76.1,7.0,1,6.68,75.0,47.3,4.0,2.0,3.0,3.0,4.0,88.0,3.0,4.0,4.0,1.0,5+/day,Pass
Female,East,B.Tech,10th Pass,Regional,5G/Excellent,No,2,4,25.2,71.6,5.9,4,5.85,64.5,63.2,2.0,3.0,3.0,2.0,1.0,63.0,1.0,4.0,3.0,7.0,3-5/day,At-Risk
Male,South,B.Tech,Below 10th,English,5G/Excellent,No,2,4,16.4,98.8,7.1,4,6.75,48.0,73.8,4.0,2.0,3.0,3.0,4.0,63.0,2.0,4.0,3.0,3.0,5+/day,Pass
Female,East,B.Tech,12th Pass,Hindi,4G/Good,No,7,7,12.4,87.4,8.5,5,5.47,72.1,49.9,2.0,2.0,5.0,3.0,5.0,38.0,4.0,2.0,3.0,3.0,5+/day,Pass
Male,East,MCA,Post-Graduate,Regional,4G/Good,No,6,8,13.0,86.0,6.8,5,5.47,46.7,42.6,4.0,5.0,4.0,2.0,4.0,63.0,4.0,2.0,2.0,5.0,5+/day,Pass
Female,North,B.Tech,12th Pass,English,No Access,Yes,2,8,7.2,82.5,7.6,0,6.18,59.9,50.6,5.0,2.0,5.0,2.0,3.0,88.0,3.0,2.0,3.0,7.0,3-5/day,At-Risk
Male,Central,M.Tech,Graduate,Regional,4G/Good,Yes,1,7,10.2,86.6,11.1,2,6.65,67.1,89.2,4.0,3.0,4.0,2.0,5.0,88.0,4.0,3.0,3.0,1.0,5+/day,At-Risk
Female,South,BCA,Graduate,Regional,3G/Moderate,Yes,5,8,21.7,67.8,8.0,5,6.79,53.6,67.0,3.0,3.0,4.0,1.0,4.0,88.0,2.0,4.0,3.0,1.0,3-5/day,Fail
Female,East,B.Tech,Graduate,Hindi,3G/Moderate,Yes,2,5,25.2,88.3,4.1,3,6.12,57.8,99.7,3.0,4.0,5.0,4.0,5.0,63.0,1.0,3.0,3.0,3.0,5+/day,Pass
Female,North,B.Tech,10th Pass,English,4G/Good,No,10,4,18.0,96.5,3.0,4,5.66,67.1,50.5,5.0,4.0,1.0,2.0,5.0,63.0,3.0,3.0,2.0,5.0,1-3/day,At-Risk
Male,North,BCA,Graduate,English,4G/Good,Yes,10,4,24.5,84.6,7.3,4,7.0,71.4,53.4,3.0,2.0,3.0,2.0,4.0,63.0,4.0,3.0,3.0,5.0,5+/day,Pass
Female,North,B.Com,Graduate,Regional,4G/Good,No,6,4,24.6,92.4,5.8,3,6.31,49.6,45.1,3.0,2.0,3.0,2.0,4.0,88.0,4.0,1.0,1.0,1.0,1-3/day,At-Risk
Female,West,BCA,10th Pass,English,4G/Good,Yes,2,6,15.8,77.1,7.7,1,5.9,44.7,70.5,3.0,2.0,5.0,3.0,4.0,38.0,3.0,3.0,2.0,1.0,5+/day,Pass
Female,North,B.Tech,10th Pass,Hindi,5G/Excellent,No,9,5,25.6,86.9,3.0,4,4.93,46.5,57.4,4.0,1.0,3.0,3.0,5.0,38.0,2.0,2.0,3.0,1.0,3-5/day,At-Risk
Male,Central,BCA,Post-Graduate,English,2G/Slow,No,5,6,16.9,77.4,8.2,3,5.21,56.8,70.6,3.0,3.0,4.0,1.0,5.0,63.0,3.0,2.0,4.0,3.0,5+/day,At-Risk
Female,North,B.Tech,Graduate,English,2G/Slow,No,7,7,15.0,62.2,6.3,0,4.51,51.9,34.2,3.0,2.0,1.0,1.0,4.0,13.0,4.0,3.0,3.0,3.0,1-3/day,Fail
Female,North,B.Com,10th Pass,Regional,4G/Good,No,4,6,18.6,79.2,9.6,5,6.23,65.6,48.6,3.0,3.0,4.0,1.0,5.0,63.0,3.0,2.0,4.0,3.0,5+/day,At-Risk
Male,North,BCA,12th Pass,English,No Access,No,2,8,8.1,95.5,6.5,2,5.29,56.0,38.6,4.0,3.0,4.0,4.0,4.0,63.0,4.0,4.0,4.0,3.0,1-3/day,At-Risk
Male,North,BCA,12th Pass,Regional,4G/Good,No,3,8,17.7,66.0,7.3,4,6.03,34.4,53.0,3.0,4.0,4.0,3.0,2.0,63.0,1.0,4.0,4.0,7.0,5+/day,At-Risk
Female,West,B.E.,12th Pass,Hindi,4G/Good,No,5,5,1.8,100.0,5.9,3,4.5,38.6,49.0,3.0,4.0,3.0,4.0,4.0,38.0,3.0,2.0,2.0,3.0,5+/day,Pass
Male,Northeast,BCA,10th Pass,Hindi,4G/Good,No,1,6,22.7,75.4,5.8,4,6.29,50.7,60.8,4.0,5.0,4.0,3.0,5.0,88.0,3.0,3.0,4.0,7.0,5+/day,At-Risk
Female,East,B.Tech,10th Pass,English,4G/Good,No,4,6,8.9,88.8,6.9,1,4.45,65.3,37.6,3.0,2.0,1.0,3.0,4.0,0.0,2.0,3.0,2.0,3.0,5+/day,Pass
Female,North,B.Tech,Graduate,Regional,4G/Good,No,4,4,18.0,100.0,6.0,4,4.87,69.7,70.9,5.0,4.0,1.0,3.0,5.0,63.0,1.0,3.0,3.0,1.0,3-5/day,Pass
Female,South,B.E.,Graduate,English,4G/Good,Yes,2,5,28.4,100.0,5.6,4,8.97,72.7,73.8,5.0,5.0,5.0,4.0,5.0,88.0,4.0,4.0,4.0,3.0,5+/day,Pass
Male,East,B.Com,Graduate,Hindi,No Access,No,9,4,18.5,100.0,7.1,1,4.06,58.9,60.7,3.0,2.0,1.0,3.0,4.0,0.0,2.0,3.0,2.0,3.0,5+/day,Pass
Male,Central,BCA,10th Pass,English,2G/Slow,Yes,6,5,4.7,72.9,5.6,4,2.89,33.0,8.7,1.0,5.0,4.0,3.0,4.0,38.0,3.0,3.0,4.0,7.0,5+/day,Fail
Female,North,B.Tech,Graduate,English,4G/Good,Yes,9,5,18.9,95.7,7.1,5,5.38,55.5,45.3,1.0,2.0,2.0,3.0,4.0,13.0,3.0,2.0,2.0,5.0,5+/day,Pass
Male,West,M.Tech,10th Pass,Hindi,3G/Moderate,Yes,6,6,16.2,74.9,4.1,1,6.02,58.4,90.6,3.0,3.0,4.0,2.0,5.0,63.0,3.0,4.0,3.0,1.0,5+/day,Fail
Female,South,B.Tech,12th Pass,Hindi,4G/Good,Yes,2,4,24.5,70.7,6.5,3,7.48,92.0,65.4,2.0,3.0,4.0,3.0,3.0,63.0,3.0,3.0,1.0,1.0,3-5/day,Pass
Male,South,B.Tech,Post-Graduate,English,3G/Moderate,Yes,1,7,17.2,75.0,6.2,2,7.87,76.2,58.4,3.0,1.0,3.0,1.0,2.0,88.0,1.0,4.0,3.0,3.0,5+/day,Pass
Male,South,B.Tech,12th Pass,Hindi,2G/Slow,No,4,4,25.8,97.2,3.1,2,6.23,54.2,68.1,5.0,2.0,1.0,1.0,5.0,88.0,4.0,3.0,1.0,5.0,3-5/day,At-Risk
Male,North,BCA,10th Pass,Regional,3G/Moderate,No,1,7,21.0,76.4,4.7,3,5.27,79.9,50.8,3.0,2.0,4.0,1.0,3.0,63.0,3.0,3.0,3.0,5.0,Never,At-Risk
Female,West,B.E.,10th Pass,English,4G/Good,Yes,8,8,24.1,72.7,3.0,0,5.56,53.0,77.3,5.0,1.0,4.0,1.0,3.0,38.0,3.0,2.0,3.0,7.0,5+/day,Fail
Other,North,B.E.,12th Pass,English,No Access,No,1,5,17.3,100.0,6.7,0,4.52,50.9,28.4,3.0,3.0,3.0,3.0,3.0,88.0,2.0,2.0,2.0,7.0,5+/day,Pass
Male,West,BCA,Graduate,English,2G/Slow,Yes,5,4,27.0,80.4,5.3,5,7.35,61.5,43.5,2.0,1.0,3.0,4.0,2.0,38.0,2.0,3.0,1.0,5.0,5+/day,Pass
Male,North,B.Tech,Post-Graduate,English,3G/Moderate,Yes,9,5,14.4,89.8,6.0,2,6.6,53.0,40.7,5.0,4.0,3.0,1.0,4.0,13.0,3.0,3.0,3.0,7.0,5+/day,Pass
Male,Central,MCA,Graduate,English,3G/Moderate,No,1,4,5.2,70.7,8.5,3,4.83,49.2,58.9,3.0,4.0,5.0,4.0,5.0,88.0,2.0,4.0,3.0,5.0,5+/day,Fail
Female,North,B.Tech,Graduate,English,5G/Excellent,No,4,8,10.3,77.3,6.5,4,7.49,68.4,59.0,4.0,2.0,2.0,4.0,3.0,13.0,3.0,2.0,3.0,3.0,5+/day,Pass
Male,Central,MCA,Graduate,Hindi,5G/Excellent,Yes,8,4,18.8,79.6,6.9,3,4.89,53.2,50.6,1.0,4.0,2.0,3.0,4.0,63.0,2.0,3.0,4.0,7.0,5+/day,Pass
Female,Northeast,BCA,Graduate,English,3G/Moderate,Yes,8,8,19.9,75.1,5.8,1,6.08,16.9,57.5,2.0,1.0,4.0,4.0,4.0,38.0,3.0,3.0,2.0,5.0,5+/day,At-Risk
Male,Central,BCA,Below 10th,Hindi,2G/Slow,Yes,1,5,19.1,81.0,5.4,3,3.96,38.0,59.1,4.0,3.0,3.0,1.0,5.0,63.0,2.0,2.0,1.0,3.0,3-5/day,At-Risk
Male,East,B.E.,Post-Graduate,Regional,4G/Good,No,8,6,26.5,71.3,4.3,5,5.03,48.6,72.5,3.0,4.0,4.0,2.0,5.0,63.0,2.0,3.0,3.0,3.0,5+/day,Fail
Male,West,BCA,10th Pass,Regional,5G/Excellent,Yes,3,7,19.3,81.1,7.6,0,5.12,52.8,70.6,3.0,3.0,4.0,1.0,5.0,63.0,3.0,2.0,4.0,3.0,5+/day,At-Risk
Other,South,B.Tech,Post-Graduate,Regional,5G/Excellent,No,7,5,20.3,95.7,8.8,4,7.32,74.9,62.4,2.0,2.0,1.0,1.0,4.0,88.0,4.0,3.0,3.0,1.0,5+/day,Pass
Male,North,M.Tech,Below 10th,English,No Access,No,10,6,24.9,61.9,8.3,4,6.26,32.2,60.3,4.0,3.0,1.0,5.0,5.0,38.0,3.0,4.0,2.0,5.0,1-3/day,Fail
Male,South,B.Tech,Graduate,English,4G/Good,No,1,5,6.3,80.4,4.7,2,5.34,49.5,77.0,3.0,3.0,4.0,2.0,5.0,63.0,3.0,4.0,3.0,1.0,5+/day,At-Risk
Female,North,B.Tech,Graduate,Regional,4G/Good,No,5,5,23.1,76.2,8.4,1,5.88,60.0,75.6,4.0,4.0,5.0,1.0,4.0,38.0,2.0,3.0,4.0,1.0,5+/day,Pass
Female,Central,BCA,Post-Graduate,English,5G/Excellent,No,4,4,27.2,75.1,6.3,4,8.98,100.0,70.1,4.0,1.0,4.0,2.0,4.0,38.0,3.0,4.0,3.0,1.0,5+/day,Pass
Male,North,BCA,Graduate,English,2G/Slow,No,4,8,23.0,100.0,8.7,2,6.04,59.6,71.9,5.0,3.0,4.0,3.0,1.0,38.0,2.0,4.0,2.0,5.0,5+/day,Pass
Male,East,B.Tech,10th Pass,Hindi,4G/Good,No,5,8,20.2,99.4,7.1,4,7.51,81.6,52.4,2.0,1.0,4.0,4.0,4.0,38.0,3.0,3.0,2.0,5.0,5+/day,Pass
Female,West,B.Com,12th Pass,English,3G/Moderate,Yes,3,4,23.6,76.1,7.0,0,8.06,54.4,44.6,5.0,2.0,3.0,2.0,4.0,88.0,4.0,3.0,2.0,7.0,5+/day,At-Risk
Male,East,B.Com,10th Pass,Regional,2G/Slow,No,7,4,3.0,65.7,7.0,4,4.37,46.8,23.7,3.0,4.0,4.0,2.0,4.0,13.0,2.0,3.0,4.0,7.0,5+/day,Fail
Female,West,BCA,10th Pass,Regional,4G/Good,Yes,2,5,17.1,100.0,4.0,0,8.02,77.2,58.5,4.0,1.0,5.0,5.0,2.0,88.0,2.0,4.0,3.0,1.0,5+/day,Pass
Female,North,B.E.,10th Pass,Regional,3G/Moderate,No,1,8,8.9,86.8,4.6,5,5.83,46.7,53.5,2.0,3.0,3.0,2.0,1.0,63.0,1.0,4.0,3.0,7.0,3-5/day,Pass
Male,East,BCA,10th Pass,Regional,4G/Good,Yes,6,5,20.7,68.1,5.6,3,4.53,56.7,58.8,4.0,2.0,4.0,3.0,2.0,63.0,1.0,4.0,4.0,3.0,5+/day,Fail
Male,South,B.Tech,12th Pass,English,4G/Good,Yes,1,6,11.0,71.1,6.0,0,6.06,43.5,76.5,4.0,3.0,5.0,2.0,4.0,38.0,3.0,3.0,3.0,5.0,5+/day,Fail
Male,Central,B.E.,Post-Graduate,Hindi,5G/Excellent,Yes,7,6,23.9,83.3,6.7,5,6.23,40.3,37.6,4.0,2.0,4.0,4.0,1.0,63.0,3.0,3.0,3.0,3.0,1-3/day,Pass
Female,West,B.Com,Post-Graduate,English,4G/Good,No,8,4,15.1,100.0,5.8,0,5.86,62.0,57.2,4.0,2.0,5.0,5.0,5.0,63.0,2.0,3.0,4.0,3.0,3-5/day,At-Risk
Male,Central,B.Com,Below 10th,Hindi,No Access,Yes,2,8,9.0,77.6,5.7,0,5.78,74.0,69.6,4.0,3.0,4.0,2.0,5.0,13.0,2.0,2.0,2.0,1.0,5+/day,Pass
Male,North,B.Com,Below 10th,English,3G/Moderate,Yes,4,6,11.4,87.4,8.4,5,5.61,64.9,63.1,4.0,3.0,4.0,2.0,5.0,13.0,2.0,2.0,2.0,1.0,5+/day,Pass
Female,South,B.Tech,10th Pass,Hindi,4G/Good,Yes,7,8,8.8,74.9,8.5,4,5.9,56.8,35.2,4.0,1.0,5.0,2.0,5.0,38.0,4.0,4.0,2.0,3.0,1-3/day,Fail
Other,North,B.Tech,10th Pass,Regional,4G/Good,Yes,6,8,17.8,87.7,7.4,5,5.8,51.5,53.3,4.0,2.0,5.0,2.0,3.0,63.0,3.0,2.0,3.0,3.0,3-5/day,Pass
Male,North,B.Tech,Below 10th,English,4G/Good,No,2,7,22.3,62.4,5.4,1,6.47,55.6,44.5,4.0,2.0,5.0,1.0,4.0,63.0,3.0,3.0,3.0,7.0,5+/day,Fail
Female,North,B.E.,10th Pass,English,4G/Good,Yes,4,6,13.5,89.7,7.1,5,5.62,57.6,58.1,4.0,3.0,4.0,1.0,4.0,63.0,3.0,3.0,4.0,5.0,3-5/day,At-Risk
Male,West,B.Tech,12th Pass,English,4G/Good,Yes,3,6,7.8,84.9,8.4,0,7.99,52.3,87.6,2.0,1.0,2.0,2.0,5.0,63.0,4.0,4.0,3.0,1.0,3-5/day,Pass
Male,North,B.E.,12th Pass,English,3G/Moderate,No,9,5,17.9,72.1,6.1,2,6.48,50.5,37.5,3.0,2.0,4.0,1.0,3.0,63.0,3.0,3.0,4.0,1.0,5+/day,Fail
Male,East,BCA,12th Pass,English,4G/Good,No,6,5,17.8,41.8,8.5,4,4.78,63.8,51.0,4.0,2.0,3.0,5.0,5.0,13.0,3.0,4.0,3.0,7.0,5+/day,Fail
Male,Central,MCA,10th Pass,Regional,4G/Good,No,2,8,14.5,100.0,9.4,1,5.53,61.8,59.4,4.0,2.0,5.0,3.0,1.0,63.0,4.0,4.0,4.0,7.0,5+/day,At-Risk
Male,West,BCA,Graduate,Hindi,5G/Excellent,No,2,4,12.5,61.1,8.0,1,5.64,54.4,73.2,2.0,2.0,3.0,2.0,3.0,63.0,3.0,3.0,2.0,7.0,5+/day,Fail
Male,South,MCA,Graduate,Hindi,4G/Good,Yes,3,5,27.0,97.1,7.4,4,8.41,80.4,82.0,2.0,4.0,5.0,4.0,5.0,13.0,3.0,2.0,3.0,1.0,5+/day,Pass
Female,South,B.Tech,10th Pass,Hindi,2G/Slow,No,5,5,13.9,72.1,7.0,2,5.16,53.5,58.4,3.0,2.0,3.0,2.0,4.0,63.0,4.0,3.0,3.0,5.0,5+/day,Fail
Female,South,B.Tech,Below 10th,English,4G/Good,No,6,8,7.9,86.6,7.5,3,4.63,69.0,37.4,3.0,2.0,4.0,1.0,4.0,63.0,4.0,4.0,2.0,7.0,5+/day,Fail
Female,North,MCA,10th Pass,English,4G/Good,No,5,6,17.4,89.4,7.1,4,5.23,37.5,62.7,3.0,1.0,4.0,4.0,5.0,63.0,3.0,4.0,3.0,3.0,5+/day,At-Risk
Male,West,B.E.,Below 10th,Regional,2G/Slow,No,1,5,21.7,100.0,4.7,1,6.57,54.3,47.4,4.0,4.0,4.0,3.0,3.0,88.0,4.0,3.0,3.0,3.0,5+/day,At-Risk
Male,South,BCA,12th Pass,Regional,4G/Good,Yes,1,4,21.2,69.0,8.5,3,7.51,70.0,65.6,1.0,3.0,5.0,5.0,4.0,0.0,3.0,3.0,4.0,3.0,3-5/day,Pass
Male,Northeast,B.Tech,10th Pass,English,3G/Moderate,Yes,7,8,6.8,81.5,6.6,1,5.43,64.3,66.3,3.0,3.0,3.0,1.0,3.0,13.0,4.0,3.0,3.0,3.0,5+/day,Pass
Female,West,B.Tech,12th Pass,English,4G/Good,No,10,6,26.5,70.4,10.2,0,7.2,80.8,63.3,4.0,2.0,3.0,5.0,5.0,13.0,3.0,4.0,3.0,7.0,5+/day,Fail
Female,East,BCA,10th Pass,English,5G/Excellent,Yes,7,7,19.5,69.5,10.6,3,6.42,78.4,57.9,4.0,2.0,4.0,4.0,1.0,63.0,3.0,3.0,3.0,3.0,1-3/day,At-Risk
Male,South,M.Tech,Graduate,English,4G/Good,No,10,4,22.0,83.1,6.1,5,7.24,56.6,72.6,1.0,2.0,2.0,3.0,4.0,13.0,3.0,2.0,2.0,5.0,5+/day,Pass
Male,North,B.Com,Below 10th,English,4G/Good,No,6,6,36.6,92.1,6.8,4,7.15,51.6,34.7,5.0,3.0,4.0,2.0,2.0,63.0,3.0,3.0,1.0,3.0,5+/day,Pass
Male,West,B.E.,12th Pass,Hindi,No Access,Yes,9,8,23.3,100.0,5.9,4,4.96,47.6,74.9,4.0,3.0,4.0,4.0,5.0,88.0,4.0,4.0,4.0,3.0,5+/day,At-Risk
Male,East,B.E.,10th Pass,Regional,2G/Slow,Yes,2,7,22.0,79.4,5.1,2,6.02,71.4,43.4,5.0,3.0,5.0,3.0,4.0,88.0,3.0,4.0,3.0,5.0,5+/day,At-Risk
Male,North,MCA,Below 10th,English,4G/Good,Yes,1,4,16.4,81.2,6.4,3,5.96,56.3,41.7,4.0,2.0,2.0,1.0,4.0,63.0,3.0,3.0,3.0,5.0,5+/day,At-Risk
Female,North,B.E.,Graduate,Hindi,4G/Good,Yes,6,5,18.0,81.9,6.5,2,5.89,52.8,34.3,5.0,1.0,4.0,3.0,5.0,63.0,3.0,4.0,3.0,3.0,5+/day,At-Risk
Female,North,B.E.,Graduate,English,4G/Good,Yes,6,5,9.6,84.0,4.5,4,5.33,58.6,62.1,4.0,3.0,4.0,3.0,4.0,38.0,1.0,4.0,4.0,5.0,3-5/day,Pass
Male,West,B.Com,Below 10th,Hindi,5G/Excellent,Yes,9,4,18.6,85.0,4.8,2,3.68,36.1,23.4,4.0,4.0,4.0,2.0,5.0,63.0,3.0,4.0,1.0,5.0,3-5/day,Fail
Male,North,MCA,Graduate,Hindi,3G/Moderate,Yes,10,5,29.4,68.1,3.0,3,5.89,58.8,63.7,5.0,5.0,5.0,4.0,5.0,88.0,4.0,4.0,4.0,3.0,5+/day,Fail
Other,East,B.Com,12th Pass,Regional,4G/Good,Yes,1,8,21.0,48.9,4.7,4,7.14,65.0,54.1,3.0,4.0,4.0,2.0,5.0,63.0,3.0,4.0,4.0,5.0,3-5/day,Fail
Male,South,B.Tech,12th Pass,English,4G/Good,Yes,1,4,33.6,78.8,7.8,1,7.32,66.9,66.7,2.0,2.0,1.0,1.0,4.0,88.0,4.0,3.0,3.0,1.0,5+/day,Pass
Male,East,B.E.,12th Pass,English,4G/Good,No,10,4,21.7,100.0,8.7,4,5.01,44.2,48.7,5.0,1.0,5.0,2.0,2.0,38.0,3.0,1.0,3.0,5.0,5+/day,At-Risk
Male,Northeast,MCA,Graduate,Hindi,4G/Good,No,6,5,20.0,82.9,3.5,2,5.17,50.4,32.7,5.0,1.0,5.0,4.0,2.0,38.0,4.0,3.0,3.0,3.0,5+/day,At-Risk
Male,Northeast,B.Tech,10th Pass,English,3G/Moderate,Yes,5,4,17.0,80.4,4.5,2,6.51,58.9,60.2,5.0,2.0,5.0,2.0,3.0,88.0,3.0,2.0,3.0,7.0,3-5/day,At-Risk
Male,South,MCA,10th Pass,English,5G/Excellent,Yes,6,7,31.8,81.7,8.3,4,6.75,53.1,49.1,4.0,1.0,5.0,4.0,5.0,38.0,3.0,1.0,2.0,7.0,5+/day,Pass
Female,North,B.Tech,10th Pass,English,4G/Good,No,6,4,14.7,73.6,5.2,0,6.09,46.3,63.3,4.0,2.0,4.0,1.0,4.0,0.0,3.0,3.0,3.0,5.0,5+/day,Fail
Male,South,MCA,Graduate,Hindi,4G/Good,Yes,4,5,12.9,80.8,5.8,0,7.85,52.6,64.7,4.0,2.0,5.0,1.0,4.0,63.0,3.0,3.0,3.0,7.0,5+/day,At-Risk
Male,East,BCA,Post-Graduate,English,4G/Good,No,10,5,11.8,82.5,5.5,0,3.94,52.8,49.2,4.0,5.0,3.0,4.0,4.0,38.0,3.0,2.0,3.0,3.0,5+/day,Pass
Female,East,B.Tech,Graduate,Regional,2G/Slow,Yes,8,5,33.8,82.5,7.9,1,8.37,87.2,58.7,4.0,2.0,4.0,3.0,4.0,63.0,3.0,4.0,3.0,3.0,5+/day,Pass
Male,West,B.E.,Graduate,English,4G/Good,Yes,5,5,19.0,83.3,9.0,1,8.61,82.7,66.8,3.0,2.0,3.0,4.0,1.0,13.0,4.0,3.0,2.0,5.0,3-5/day,Pass
Female,North,BCA,Post-Graduate,English,4G/Good,No,6,8,18.6,83.2,6.6,1,6.52,65.7,67.8,4.0,3.0,4.0,4.0,5.0,88.0,4.0,4.0,4.0,3.0,5+/day,At-Risk
Female,West,BCA,Graduate,Hindi,4G/Good,No,2,5,21.6,81.3,5.8,4,8.12,100.0,88.0,5.0,2.0,2.0,3.0,3.0,63.0,4.0,3.0,3.0,5.0,3-5/day,Pass
Male,North,B.E.,Graduate,English,4G/Good,No,1,7,16.2,95.6,6.2,5,7.37,61.3,57.9,2.0,2.0,4.0,2.0,3.0,63.0,1.0,2.0,4.0,5.0,5+/day,Pass
Female,West,M.Tech,Post-Graduate,Hindi,5G/Excellent,Yes,8,4,12.7,100.0,7.8,4,5.93,55.6,61.1,5.0,2.0,2.0,3.0,3.0,63.0,4.0,3.0,3.0,5.0,3-5/day,Pass
Male,South,B.E.,Below 10th,Hindi,4G/Good,No,6,6,12.3,61.7,7.3,3,3.86,42.3,25.5,3.0,1.0,2.0,3.0,2.0,38.0,3.0,2.0,1.0,1.0,3-5/day,At-Risk
Other,West,B.E.,12th Pass,Hindi,5G/Excellent,No,9,6,12.1,75.3,6.1,0,4.09,44.1,37.0,4.0,3.0,4.0,2.0,5.0,88.0,4.0,3.0,3.0,1.0,5+/day,Fail
Male,North,B.Tech,Graduate,Regional,3G/Moderate,No,5,8,4.0,55.4,6.4,3,5.42,30.3,34.3,2.0,3.0,4.0,3.0,4.0,88.0,2.0,3.0,4.0,5.0,5+/day,Fail
Other,South,B.Com,Post-Graduate,English,4G/Good,No,8,6,18.4,88.0,5.4,0,7.35,77.7,62.1,4.0,2.0,2.0,1.0,4.0,63.0,3.0,3.0,3.0,5.0,5+/day,At-Risk
Female,West,B.Tech,Graduate,Regional,2G/Slow,No,7,5,7.1,97.0,5.5,2,5.73,49.7,61.5,5.0,3.0,4.0,3.0,1.0,38.0,2.0,4.0,2.0,5.0,5+/day,Pass
Male,North,B.E.,Graduate,Regional,No Access,No,10,6,21.8,83.3,4.4,3,3.74,34.8,49.9,4.0,3.0,3.0,1.0,1.0,63.0,4.0,3.0,3.0,5.0,5+/day,At-Risk
Female,West,MCA,Post-Graduate,English,2G/Slow,Yes,1,7,23.9,83.5,8.2,4,8.99,82.2,93.5,3.0,3.0,4.0,1.0,4.0,63.0,3.0,1.0,4.0,7.0,1-3/day,Pass
Other,West,B.Tech,12th Pass,English,3G/Moderate,No,7,5,13.8,75.1,3.1,2,5.02,46.4,38.6,5.0,4.0,2.0,3.0,3.0,88.0,3.0,1.0,3.0,3.0,5+/day,At-Risk
Female,East,B.E.,Below 10th,English,No Access,No,4,6,20.4,84.3,6.9,3,6.37,56.9,34.8,5.0,1.0,5.0,2.0,3.0,63.0,4.0,3.0,3.0,7.0,5+/day,Fail
Male,South,B.Tech,Below 10th,English,4G/Good,No,6,5,23.1,81.1,6.5,2,6.17,46.2,48.9,5.0,3.0,4.0,2.0,5.0,13.0,1.0,4.0,1.0,7.0,5+/day,At-Risk
Female,East,MCA,12th Pass,Hindi,3G/Moderate,No,9,8,28.5,95.0,6.4,5,5.19,36.7,50.1,4.0,4.0,3.0,4.0,5.0,63.0,4.0,4.0,4.0,5.0,Never,At-Risk
Male,East,BCA,12th Pass,English,4G/Good,Yes,9,7,15.3,100.0,5.6,5,6.83,70.7,36.0,5.0,3.0,4.0,3.0,1.0,38.0,2.0,4.0,2.0,5.0,5+/day,Pass
Male,East,M.Tech,12th Pass,Regional,No Access,No,9,4,8.1,100.0,6.1,5,4.04,47.3,30.0,4.0,2.0,3.0,3.0,4.0,63.0,2.0,4.0,3.0,3.0,5+/day,At-Risk
Male,West,M.Tech,12th Pass,English,3G/Moderate,Yes,5,5,11.7,100.0,9.1,2,4.9,69.4,45.0,4.0,3.0,4.0,1.0,4.0,13.0,1.0,2.0,2.0,1.0,3-5/day,Pass
Male,South,BCA,Post-Graduate,English,4G/Good,No,4,7,6.4,89.8,6.6,2,5.92,37.5,73.9,2.0,2.0,4.0,2.0,3.0,63.0,1.0,2.0,4.0,5.0,5+/day,Pass
Female,North,BCA,10th Pass,English,4G/Good,Yes,6,8,21.3,86.0,6.7,4,5.47,52.0,62.6,3.0,4.0,4.0,3.0,5.0,38.0,2.0,2.0,3.0,7.0,5+/day,Pass
Male,North,B.E.,Graduate,English,2G/Slow,No,10,8,0.0,81.8,6.8,2,4.14,40.1,67.1,4.0,2.0,3.0,3.0,3.0,63.0,3.0,4.0,4.0,1.0,1-3/day,At-Risk
Female,North,B.E.,Post-Graduate,Regional,5G/Excellent,No,5,7,11.0,86.5,5.4,4,6.43,54.6,41.9,5.0,1.0,4.0,3.0,5.0,63.0,3.0,4.0,3.0,3.0,5+/day,Fail
Male,South,BCA,12th Pass,Hindi,3G/Moderate,No,10,6,18.1,86.1,5.6,1,4.26,51.3,50.9,4.0,1.0,5.0,4.0,5.0,38.0,3.0,1.0,2.0,7.0,5+/day,Fail
Male,West,B.Com,12th Pass,English,4G/Good,No,5,7,10.5,97.9,7.3,2,6.11,57.8,57.6,4.0,2.0,4.0,3.0,4.0,63.0,3.0,4.0,3.0,3.0,5+/day,At-Risk
Male,West,B.E.,Graduate,Regional,3G/Moderate,No,8,6,12.0,79.9,5.2,0,5.12,60.7,23.2,3.0,3.0,4.0,1.0,4.0,63.0,3.0,1.0,4.0,7.0,1-3/day,Fail
Male,North,B.Tech,Graduate,Regional,5G/Excellent,Yes,10,6,23.8,69.4,6.4,4,5.73,41.4,43.2,3.0,3.0,4.0,2.0,5.0,88.0,2.0,3.0,3.0,7.0,5+/day,Fail
Male,Central,B.E.,10th Pass,Regional,4G/Good,No,5,7,10.2,81.6,8.2,1,4.97,45.7,47.0,2.0,2.0,4.0,2.0,3.0,13.0,4.0,4.0,2.0,3.0,5+/day,At-Risk
Male,East,B.E.,Below 10th,Regional,5G/Excellent,No,1,8,14.8,70.9,5.5,4,3.92,28.0,56.3,5.0,4.0,1.0,1.0,4.0,38.0,3.0,3.0,3.0,1.0,5+/day,Fail
Female,Central,B.Tech,10th Pass,Hindi,3G/Moderate,No,5,4,24.5,79.4,6.3,2,5.22,40.9,37.6,5.0,3.0,5.0,3.0,4.0,88.0,3.0,4.0,3.0,5.0,5+/day,Fail
Male,West,B.E.,Below 10th,Hindi,No Access,No,5,4,15.4,61.3,6.1,4,4.4,30.4,51.5,3.0,4.0,3.0,5.0,5.0,63.0,3.0,2.0,3.0,3.0,3-5/day,Fail
Male,West,B.E.,10th Pass,English,4G/Good,No,5,7,34.8,82.4,7.3,3,6.91,73.2,48.6,4.0,3.0,2.0,3.0,3.0,88.0,4.0,2.0,4.0,5.0,3-5/day,Pass
Male,North,BCA,10th Pass,English,4G/Good,Yes,3,5,25.7,71.4,6.7,3,6.54,56.3,77.7,2.0,3.0,3.0,2.0,1.0,63.0,1.0,4.0,3.0,7.0,3-5/day,At-Risk
Female,North,B.E.,12th Pass,Hindi,2G/Slow,No,9,7,26.0,90.9,5.5,0,5.33,54.3,45.4,4.0,2.0,3.0,2.0,5.0,88.0,2.0,3.0,3.0,7.0,3-5/day,Fail
Female,North,BCA,Post-Graduate,Regional,3G/Moderate,Yes,5,4,8.3,77.5,5.7,4,4.8,23.3,43.8,3.0,4.0,2.0,3.0,4.0,38.0,2.0,1.0,3.0,3.0,5+/day,Pass
Male,West,M.Tech,Graduate,Hindi,4G/Good,Yes,2,7,17.3,59.0,5.5,2,6.25,66.5,58.5,4.0,2.0,5.0,3.0,1.0,88.0,3.0,3.0,4.0,5.0,1-3/day,Fail
Male,South,B.Com,Post-Graduate,Regional,No Access,No,5,8,16.0,77.1,5.4,2,5.36,51.8,28.3,4.0,1.0,5.0,2.0,4.0,63.0,3.0,3.0,3.0,3.0,3-5/day,Fail
Male,West,BCA,Graduate,English,4G/Good,No,9,4,15.1,81.0,3.9,5,5.02,51.7,46.1,2.0,3.0,4.0,3.0,4.0,88.0,2.0,3.0,4.0,5.0,5+/day,At-Risk
Female,South,B.Tech,Graduate,Hindi,4G/Good,Yes,8,4,14.2,86.0,6.8,5,6.24,72.7,64.2,4.0,2.0,2.0,3.0,5.0,0.0,2.0,2.0,3.0,3.0,5+/day,Pass
Male,Northeast,B.Com,12th Pass,Hindi,4G/Good,No,6,4,17.1,88.4,5.5,3,6.19,61.7,51.6,1.0,1.0,4.0,2.0,4.0,88.0,2.0,4.0,3.0,7.0,5+/day,At-Risk
Male,North,BCA,10th Pass,Hindi,No Access,Yes,9,8,1.2,72.3,7.2,4,3.8,22.7,37.7,5.0,5.0,5.0,5.0,5.0,63.0,2.0,2.0,3.0,3.0,3-5/day,Fail
Male,North,B.Tech,Graduate,Hindi,4G/Good,No,7,4,11.5,72.9,6.6,2,4.45,52.1,23.9,4.0,3.0,3.0,1.0,1.0,63.0,4.0,3.0,3.0,5.0,5+/day,Fail
Male,South,B.Tech,Post-Graduate,English,No Access,Yes,2,5,29.8,81.7,5.9,1,6.54,71.8,55.7,1.0,1.0,3.0,4.0,4.0,38.0,1.0,3.0,4.0,7.0,5+/day,Pass
Male,South,B.Tech,12th Pass,English,3G/Moderate,Yes,1,4,14.2,85.6,5.8,2,7.6,48.5,74.9,5.0,1.0,4.0,3.0,5.0,63.0,3.0,4.0,3.0,3.0,5+/day,At-Risk
Female,South,B.Tech,Below 10th,Regional,4G/Good,No,3,7,13.4,87.7,4.5,4,5.59,54.8,73.1,1.0,2.0,5.0,1.0,5.0,13.0,3.0,3.0,3.0,3.0,5+/day,At-Risk
Male,West,B.Tech,Graduate,English,5G/Excellent,No,4,5,17.5,93.4,6.7,3,7.12,48.0,48.2,3.0,2.0,3.0,2.0,4.0,88.0,4.0,1.0,1.0,1.0,1-3/day,Pass
Female,North,B.Com,10th Pass,Hindi,2G/Slow,Yes,9,6,18.2,61.9,6.4,1,5.9,67.7,76.6,3.0,4.0,4.0,3.0,3.0,38.0,3.0,3.0,4.0,7.0,5+/day,At-Risk
Male,South,B.E.,Below 10th,English,3G/Moderate,Yes,5,4,2.2,93.6,5.6,2,6.53,62.8,87.6,4.0,4.0,3.0,2.0,4.0,38.0,3.0,3.0,3.0,7.0,5+/day,Pass
Male,Northeast,BCA,Graduate,English,4G/Good,Yes,2,6,19.0,91.8,3.5,5,8.04,69.7,68.1,4.0,2.0,4.0,3.0,2.0,63.0,1.0,4.0,4.0,3.0,5+/day,Pass
Female,North,MCA,12th Pass,Regional,4G/Good,Yes,10,6,21.8,92.2,6.2,0,8.33,69.2,58.7,4.0,4.0,4.0,2.0,5.0,63.0,3.0,4.0,1.0,5.0,3-5/day,Pass
Male,Central,MCA,Graduate,Hindi,4G/Good,Yes,5,8,22.1,79.3,6.3,0,7.32,56.5,64.6,4.0,2.0,4.0,4.0,1.0,63.0,3.0,3.0,3.0,3.0,1-3/day,Pass
Female,Central,M.Tech,Post-Graduate,Regional,5G/Excellent,No,2,7,11.4,85.1,8.2,3,6.55,54.2,62.9,5.0,3.0,5.0,1.0,4.0,88.0,3.0,4.0,4.0,5.0,5+/day,At-Risk
Female,North,B.Com,12th Pass,English,5G/Excellent,No,9,7,28.8,87.9,6.6,1,6.14,52.2,55.8,3.0,4.0,4.0,3.0,5.0,38.0,2.0,2.0,3.0,7.0,5+/day,Pass
Male,South,B.E.,12th Pass,Hindi,4G/Good,No,6,6,28.0,79.8,8.3,0,6.86,67.7,24.4,3.0,3.0,4.0,1.0,5.0,63.0,3.0,2.0,4.0,3.0,5+/day,At-Risk
Female,South,B.Com,10th Pass,Regional,4G/Good,Yes,5,8,27.4,93.4,5.6,0,8.24,72.6,70.0,3.0,4.0,5.0,3.0,4.0,63.0,2.0,4.0,3.0,3.0,3-5/day,Pass
Male,West,BCA,10th Pass,Regional,5G/Excellent,No,2,5,23.5,67.8,6.1,2,6.19,55.5,61.6,5.0,1.0,4.0,4.0,5.0,88.0,3.0,2.0,4.0,3.0,3-5/day,Fail
Female,East,B.Tech,Graduate,Regional,2G/Slow,No,7,4,15.6,90.6,5.0,4,4.38,17.0,56.9,4.0,2.0,5.0,3.0,5.0,88.0,4.0,1.0,3.0,7.0,5+/day,Fail
Male,West,BCA,12th Pass,Hindi,4G/Good,Yes,7,5,18.0,87.9,6.1,2,6.39,76.7,84.8,4.0,3.0,4.0,4.0,4.0,88.0,3.0,3.0,4.0,3.0,5+/day,Pass
Female,West,BCA,10th Pass,English,4G/Good,No,2,4,28.0,100.0,7.7,2,7.92,82.4,47.0,4.0,5.0,4.0,2.0,4.0,63.0,4.0,2.0,2.0,5.0,5+/day,Pass
Male,North,B.Com,Below 10th,English,3G/Moderate,Yes,10,6,2.0,100.0,7.8,3,4.81,38.9,63.9,4.0,2.0,5.0,3.0,1.0,38.0,1.0,3.0,3.0,3.0,3-5/day,Pass
Male,Northeast,B.E.,12th Pass,Regional,5G/Excellent,Yes,6,8,12.9,79.7,6.8,2,6.77,61.2,52.5,4.0,2.0,2.0,4.0,3.0,13.0,3.0,2.0,3.0,3.0,5+/day,Pass
Female,West,BCA,12th Pass,Regional,4G/Good,Yes,10,8,21.2,100.0,4.5,5,5.0,52.2,37.1,2.0,1.0,5.0,2.0,4.0,38.0,4.0,4.0,4.0,3.0,3-5/day,At-Risk
Female,East,B.Tech,Graduate,Hindi,4G/Good,No,10,7,16.4,85.6,4.4,1,4.88,63.7,59.2,4.0,1.0,4.0,4.0,4.0,38.0,3.0,4.0,4.0,1.0,5+/day,At-Risk
Female,Central,B.Tech,12th Pass,English,5G/Excellent,Yes,3,7,15.2,86.0,6.1,1,7.27,80.6,79.7,1.0,3.0,4.0,3.0,4.0,38.0,2.0,3.0,3.0,3.0,1-3/day,Pass
Female,West,B.Tech,Below 10th,Hindi,4G/Good,No,8,5,29.4,86.7,5.5,4,6.43,58.6,61.9,3.0,3.0,1.0,1.0,1.0,88.0,4.0,3.0,3.0,5.0,1-3/day,Pass
Female,North,B.E.,12th Pass,English,5G/Excellent,No,5,7,23.8,65.9,7.5,0,6.62,45.3,54.5,4.0,2.0,5.0,3.0,3.0,63.0,4.0,3.0,3.0,1.0,1-3/day,Fail
Male,South,MCA,Post-Graduate,Hindi,3G/Moderate,No,8,4,24.7,95.6,7.2,0,5.25,57.2,46.8,2.0,5.0,2.0,5.0,5.0,63.0,2.0,2.0,3.0,3.0,3-5/day,Pass
Male,East,B.Tech,10th Pass,English,3G/Moderate,Yes,7,8,12.6,65.3,7.0,4,6.05,78.4,87.4,2.0,1.0,2.0,2.0,5.0,63.0,4.0,4.0,3.0,1.0,3-5/day,Fail
Male,North,B.E.,Graduate,Regional,3G/Moderate,No,8,8,14.1,88.1,5.6,5,6.55,52.3,54.7,2.0,3.0,4.0,2.0,2.0,38.0,3.0,4.0,2.0,1.0,5+/day,Pass
Male,Central,B.Tech,12th Pass,English,4G/Good,No,1,6,20.8,51.9,6.7,4,7.03,64.5,72.4,4.0,3.0,4.0,2.0,5.0,13.0,2.0,2.0,2.0,1.0,5+/day,Fail
Male,North,B.Tech,Graduate,Hindi,3G/Moderate,No,6,6,21.0,79.4,7.0,2,7.38,68.0,62.3,5.0,3.0,4.0,2.0,5.0,13.0,1.0,4.0,1.0,7.0,5+/day,Pass
Female,West,B.E.,10th Pass,English,2G/Slow,No,3,5,30.9,81.9,6.0,5,5.74,47.5,55.2,4.0,2.0,4.0,1.0,4.0,0.0,3.0,3.0,3.0,5.0,5+/day,At-Risk
Male,East,B.Tech,Post-Graduate,Hindi,5G/Excellent,Yes,5,6,20.6,89.7,6.1,3,9.05,57.3,92.0,3.0,2.0,3.0,2.0,4.0,88.0,4.0,1.0,1.0,1.0,1-3/day,Pass
Female,North,BCA,12th Pass,Hindi,5G/Excellent,Yes,2,4,29.6,99.4,7.0,0,8.36,59.1,96.3,4.0,2.0,4.0,3.0,4.0,63.0,3.0,4.0,3.0,3.0,5+/day,Pass
Male,Central,B.Tech,Graduate,Regional,4G/Good,No,4,7,22.6,81.1,4.9,0,5.86,61.8,47.6,4.0,3.0,5.0,2.0,4.0,38.0,3.0,3.0,3.0,5.0,5+/day,At-Risk
Male,Northeast,B.Tech,10th Pass,English,5G/Excellent,No,6,7,16.4,67.0,5.6,4,4.83,48.4,40.5,5.0,2.0,3.0,2.0,4.0,88.0,4.0,3.0,2.0,7.0,5+/day,Fail
Male,East,B.E.,Graduate,English,5G/Excellent,Yes,1,5,12.6,76.6,5.5,4,8.12,71.2,72.1,5.0,1.0,4.0,2.0,1.0,88.0,3.0,2.0,3.0,5.0,5+/day,Pass
Female,North,BCA,Graduate,Regional,4G/Good,Yes,2,7,23.6,84.8,8.0,0,8.88,64.1,66.7,2.0,4.0,4.0,5.0,4.0,13.0,4.0,3.0,3.0,1.0,5+/day,Pass
Female,North,B.Tech,10th Pass,English,4G/Good,Yes,2,8,15.4,83.9,5.7,0,6.72,63.3,36.5,3.0,3.0,4.0,1.0,4.0,88.0,2.0,4.0,3.0,1.0,3-5/day,At-Risk
Female,South,BCA,10th Pass,English,5G/Excellent,No,9,7,17.2,61.1,6.5,2,6.17,61.4,38.3,5.0,1.0,4.0,2.0,1.0,63.0,1.0,2.0,3.0,5.0,1-3/day,Fail
Male,South,MCA,Graduate,Hindi,4G/Good,Yes,5,6,12.2,75.9,7.5,0,7.0,57.5,65.7,5.0,3.0,5.0,4.0,2.0,13.0,3.0,3.0,3.0,5.0,5+/day,Pass
Female,East,BCA,Below 10th,Hindi,2G/Slow,Yes,5,8,18.0,75.6,5.4,5,5.19,52.1,51.8,4.0,3.0,5.0,2.0,4.0,38.0,3.0,3.0,3.0,5.0,5+/day,At-Risk
Male,Central,B.Tech,Graduate,English,4G/Good,No,6,6,22.2,79.5,7.8,5,6.43,55.6,30.3,2.0,5.0,2.0,5.0,5.0,63.0,2.0,2.0,3.0,3.0,3-5/day,Pass
Male,East,BCA,Below 10th,English,4G/Good,No,10,6,15.2,89.2,7.9,4,6.12,59.5,53.5,2.0,2.0,1.0,1.0,4.0,88.0,4.0,3.0,3.0,1.0,5+/day,At-Risk
Male,Central,BCA,10th Pass,Regional,5G/Excellent,No,3,5,13.0,72.5,3.3,1,5.17,66.8,62.6,5.0,3.0,4.0,3.0,1.0,88.0,3.0,2.0,2.0,7.0,5+/day,Fail
Male,West,B.Tech,Graduate,Hindi,4G/Good,No,9,5,18.5,94.8,7.0,5,7.69,59.7,77.0,4.0,5.0,4.0,2.0,4.0,63.0,4.0,2.0,2.0,5.0,5+/day,Pass
Male,East,M.Tech,Below 10th,English,5G/Excellent,No,3,8,21.3,90.9,8.1,5,5.71,80.8,47.9,2.0,2.0,4.0,1.0,4.0,13.0,3.0,1.0,4.0,7.0,5+/day,Pass
Female,Northeast,B.Com,Post-Graduate,English,4G/Good,No,4,7,17.9,56.9,5.9,1,5.67,93.8,61.6,4.0,2.0,5.0,3.0,1.0,88.0,3.0,3.0,4.0,5.0,1-3/day,Fail
Female,East,M.Tech,Graduate,Hindi,3G/Moderate,Yes,9,4,31.3,77.0,7.3,1,7.54,75.7,45.8,1.0,4.0,5.0,2.0,4.0,88.0,3.0,3.0,4.0,5.0,5+/day,Pass
Male,Northeast,MCA,12th Pass,English,4G/Good,No,10,7,18.7,84.5,4.5,5,4.44,58.8,58.4,5.0,2.0,3.0,2.0,4.0,88.0,4.0,3.0,2.0,7.0,5+/day,Fail
Male,South,BCA,Graduate,Regional,3G/Moderate,Yes,8,8,21.6,100.0,4.1,2,5.71,49.5,51.8,5.0,1.0,4.0,4.0,5.0,88.0,3.0,2.0,4.0,3.0,3-5/day,Fail
Male,North,BCA,Graduate,Hindi,4G/Good,Yes,6,4,24.2,67.6,5.9,1,6.61,61.3,69.4,1.0,4.0,3.0,2.0,4.0,13.0,2.0,3.0,2.0,7.0,1-3/day,Pass
Male,Northeast,BCA,10th Pass,Hindi,5G/Excellent,Yes,8,6,20.8,61.3,5.0,3,5.45,55.8,57.4,4.0,2.0,5.0,3.0,1.0,88.0,3.0,3.0,4.0,5.0,1-3/day,Fail
Female,East,MCA,Graduate,Regional,4G/Good,No,1,6,11.2,84.7,7.0,3,6.9,72.9,71.8,4.0,2.0,1.0,2.0,5.0,88.0,1.0,4.0,2.0,1.0,5+/day,Pass
Male,Central,BCA,10th Pass,English,5G/Excellent,No,4,4,12.2,69.9,7.0,2,5.77,55.2,81.6,1.0,4.0,5.0,2.0,4.0,88.0,3.0,3.0,4.0,5.0,5+/day,Fail
Female,Central,B.Tech,12th Pass,English,3G/Moderate,No,10,6,10.3,81.1,9.1,1,4.66,62.0,73.4,3.0,3.0,4.0,1.0,4.0,63.0,3.0,1.0,4.0,7.0,1-3/day,At-Risk
Male,North,B.E.,12th Pass,Hindi,4G/Good,No,4,7,8.8,73.2,7.7,4,3.68,57.6,23.3,2.0,3.0,4.0,3.0,4.0,88.0,2.0,3.0,4.0,5.0,5+/day,Fail
Other,East,M.Tech,Graduate,Hindi,3G/Moderate,Yes,2,5,19.9,93.1,5.6,2,8.33,73.1,65.2,5.0,1.0,4.0,3.0,5.0,88.0,4.0,2.0,3.0,5.0,5+/day,At-Risk
Male,South,B.Tech,Below 10th,English,4G/Good,Yes,2,7,26.7,90.9,6.6,5,6.96,55.0,81.5,4.0,3.0,4.0,1.0,4.0,13.0,1.0,2.0,2.0,1.0,3-5/day,Pass
Female,West,BCA,10th Pass,English,4G/Good,No,10,6,23.0,74.7,6.8,5,4.91,63.9,37.8,4.0,2.0,4.0,2.0,3.0,63.0,3.0,3.0,3.0,7.0,3-5/day,Fail
Male,West,B.Com,12th Pass,English,4G/Good,Yes,9,5,22.9,100.0,7.3,5,7.63,73.0,94.3,5.0,1.0,5.0,3.0,3.0,63.0,4.0,1.0,4.0,1.0,3-5/day,Pass
Female,South,BCA,10th Pass,English,2G/Slow,Yes,6,7,10.8,82.8,3.4,0,4.85,50.0,51.0,5.0,2.0,4.0,3.0,4.0,63.0,4.0,3.0,3.0,5.0,5+/day,Fail
Male,East,B.Com,Graduate,Hindi,4G/Good,No,7,6,21.5,86.0,5.8,2,6.84,53.2,48.6,2.0,3.0,4.0,2.0,2.0,38.0,3.0,4.0,2.0,1.0,5+/day,Pass
Male,West,BCA,Graduate,Hindi,4G/Good,No,4,7,21.7,74.1,8.1,3,7.64,70.2,67.9,4.0,2.0,4.0,3.0,2.0,63.0,1.0,4.0,4.0,3.0,5+/day,At-Risk
Female,North,B.Tech,10th Pass,English,4G/Good,Yes,3,6,29.7,73.2,7.1,5,7.85,67.8,57.8,5.0,3.0,4.0,2.0,4.0,63.0,3.0,4.0,4.0,7.0,5+/day,Fail
Female,Northeast,MCA,Below 10th,English,4G/Good,No,3,8,20.4,100.0,6.6,4,4.55,27.2,43.6,4.0,2.0,3.0,3.0,4.0,63.0,2.0,4.0,3.0,3.0,5+/day,At-Risk
Female,East,B.Tech,12th Pass,English,4G/Good,No,5,4,30.2,83.4,5.7,1,7.42,73.5,68.1,4.0,3.0,1.0,5.0,5.0,38.0,3.0,4.0,2.0,5.0,1-3/day,Pass
Female,Central,B.E.,12th Pass,English,5G/Excellent,Yes,6,6,18.9,84.7,6.3,5,6.09,66.5,47.8,4.0,2.0,4.0,2.0,3.0,63.0,3.0,4.0,2.0,7.0,5+/day,At-Risk
Female,South,B.Tech,10th Pass,English,5G/Excellent,Yes,2,7,21.1,75.9,6.6,3,7.33,65.1,65.9,4.0,2.0,4.0,3.0,2.0,63.0,1.0,4.0,4.0,3.0,5+/day,Pass
Male,North,B.Tech,10th Pass,English,4G/Good,Yes,7,6,26.2,85.3,5.1,1,6.51,62.6,50.4,5.0,5.0,5.0,5.0,5.0,63.0,2.0,2.0,3.0,3.0,3-5/day,Pass
Male,East,B.E.,10th Pass,English,4G/Good,Yes,7,6,19.8,82.2,6.9,5,6.49,78.5,53.7,4.0,4.0,5.0,2.0,5.0,13.0,3.0,2.0,4.0,5.0,5+/day,Pass
Male,North,B.E.,Below 10th,Hindi,4G/Good,Yes,1,7,7.4,81.8,6.6,1,5.98,60.0,40.3,2.0,3.0,4.0,3.0,4.0,88.0,2.0,3.0,4.0,5.0,5+/day,Pass
Female,Central,BCA,12th Pass,Regional,2G/Slow,No,7,7,11.1,100.0,5.9,2,3.78,46.5,38.7,3.0,2.0,5.0,1.0,4.0,63.0,1.0,3.0,2.0,3.0,1-3/day,Fail
Male,North,MCA,Graduate,English,3G/Moderate,No,4,5,36.7,83.6,5.9,2,6.75,64.3,71.3,4.0,1.0,3.0,2.0,4.0,38.0,4.0,3.0,3.0,3.0,5+/day,Pass
Male,West,B.Tech,12th Pass,Regional,3G/Moderate,No,4,6,18.7,68.4,4.6,3,6.88,80.3,64.9,3.0,1.0,4.0,5.0,2.0,88.0,3.0,3.0,4.0,3.0,5+/day,At-Risk
Female,East,B.Tech,Graduate,Regional,3G/Moderate,Yes,3,8,22.9,88.0,8.2,1,9.12,90.9,92.8,5.0,3.0,4.0,4.0,4.0,88.0,3.0,3.0,3.0,3.0,5+/day,Pass
Female,South,BCA,Below 10th,Regional,4G/Good,Yes,9,4,10.5,77.6,7.2,5,3.8,58.2,42.9,4.0,3.0,4.0,3.0,4.0,38.0,1.0,4.0,4.0,5.0,3-5/day,At-Risk
Male,North,BCA,12th Pass,Regional,4G/Good,No,3,6,20.4,69.8,6.9,2,6.89,70.3,68.0,4.0,2.0,1.0,3.0,5.0,38.0,4.0,3.0,4.0,7.0,5+/day,Fail
Male,West,B.Com,12th Pass,Hindi,3G/Moderate,No,4,7,27.3,73.4,7.3,3,6.91,74.2,70.6,3.0,2.0,5.0,2.0,4.0,63.0,4.0,3.0,3.0,5.0,5+/day,Fail
Male,East,B.Tech,Graduate,Hindi,5G/Excellent,No,3,5,4.9,95.1,3.0,5,6.36,49.2,54.6,4.0,2.0,4.0,3.0,2.0,63.0,1.0,4.0,4.0,3.0,5+/day,Pass
Male,South,M.Tech,Graduate,English,5G/Excellent,Yes,8,6,19.5,69.7,9.0,1,8.09,71.7,43.9,3.0,1.0,4.0,4.0,5.0,63.0,3.0,4.0,3.0,3.0,5+/day,Fail
Male,Central,B.E.,Graduate,Hindi,5G/Excellent,No,8,8,19.4,70.3,3.0,0,5.26,58.9,36.1,4.0,2.0,3.0,1.0,5.0,38.0,3.0,3.0,2.0,3.0,5+/day,Fail
Female,South,BCA,Graduate,Hindi,4G/Good,No,10,7,20.3,82.8,7.8,0,5.71,71.6,83.1,3.0,1.0,4.0,3.0,5.0,63.0,3.0,4.0,4.0,7.0,3-5/day,At-Risk
Female,South,B.Tech,Below 10th,Hindi,2G/Slow,Yes,8,8,32.8,78.1,6.6,3,7.14,78.6,72.2,3.0,1.0,4.0,3.0,5.0,63.0,3.0,4.0,4.0,7.0,3-5/day,At-Risk
Female,East,B.E.,Graduate,Hindi,2G/Slow,No,5,8,16.2,70.2,4.9,0,5.11,48.2,40.0,4.0,1.0,3.0,3.0,5.0,38.0,2.0,2.0,3.0,1.0,3-5/day,Fail
Male,North,B.Tech,Graduate,English,3G/Moderate,No,7,4,14.7,93.0,6.7,4,5.71,51.8,82.5,2.0,1.0,4.0,4.0,4.0,38.0,3.0,3.0,2.0,5.0,5+/day,Pass
Female,Central,B.Tech,Post-Graduate,Hindi,3G/Moderate,Yes,3,4,16.8,76.9,7.2,5,6.1,53.5,44.6,2.0,5.0,2.0,5.0,5.0,63.0,2.0,2.0,3.0,3.0,3-5/day,Pass
Male,South,B.E.,Graduate,English,5G/Excellent,No,8,6,34.6,66.5,5.7,5,6.2,41.6,29.8,5.0,1.0,5.0,1.0,5.0,38.0,1.0,3.0,2.0,3.0,5+/day,Fail
Male,North,MCA,Graduate,Hindi,5G/Excellent,No,10,4,19.1,85.6,8.3,3,5.61,58.5,58.4,5.0,4.0,2.0,3.0,3.0,88.0,3.0,1.0,3.0,3.0,5+/day,Pass
Female,South,BCA,12th Pass,Regional,5G/Excellent,Yes,2,6,22.1,91.8,4.2,3,7.01,61.3,64.1,4.0,2.0,3.0,2.0,5.0,88.0,2.0,3.0,3.0,7.0,3-5/day,At-Risk
Male,East,BCA,Graduate,Regional,4G/Good,Yes,8,6,1.9,87.6,4.9,1,4.7,44.4,35.3,3.0,1.0,3.0,4.0,4.0,63.0,3.0,3.0,3.0,5.0,5+/day,At-Risk
Male,East,B.E.,Post-Graduate,Regional,4G/Good,Yes,6,7,18.8,89.9,4.6,5,5.7,71.3,54.7,2.0,3.0,2.0,3.0,1.0,13.0,1.0,3.0,1.0,1.0,1-3/day,Pass
Female,West,B.E.,Graduate,English,4G/Good,Yes,2,7,16.8,89.7,4.4,4,6.06,54.5,49.4,2.0,3.0,4.0,2.0,2.0,38.0,3.0,4.0,2.0,1.0,5+/day,Pass
Male,North,B.Com,12th Pass,Regional,5G/Excellent,No,6,5,18.6,78.8,6.7,5,4.93,42.7,51.3,3.0,3.0,5.0,3.0,4.0,38.0,3.0,4.0,4.0,3.0,5+/day,At-Risk
Female,South,BCA,Below 10th,English,4G/Good,No,10,4,15.7,76.4,8.9,3,3.56,52.2,37.7,4.0,3.0,4.0,1.0,4.0,13.0,1.0,2.0,2.0,1.0,3-5/day,At-Risk
Male,Northeast,B.Tech,Graduate,Regional,3G/Moderate,No,2,5,8.9,73.9,7.8,5,6.8,80.8,83.0,3.0,2.0,3.0,2.0,1.0,63.0,2.0,4.0,2.0,7.0,3-5/day,At-Risk
Female,North,B.Tech,Graduate,English,3G/Moderate,No,3,8,16.1,81.9,6.0,2,5.2,51.4,60.7,3.0,4.0,4.0,2.0,5.0,63.0,3.0,4.0,4.0,5.0,3-5/day,At-Risk
Male,Northeast,BCA,Graduate,English,4G/Good,Yes,5,6,28.6,62.4,8.6,3,6.83,59.3,83.2,4.0,3.0,4.0,1.0,4.0,63.0,3.0,3.0,4.0,5.0,3-5/day,Fail
Male,North,B.E.,Below 10th,Hindi,3G/Moderate,No,1,6,18.9,68.1,8.0,4,6.18,57.6,63.1,5.0,4.0,2.0,3.0,3.0,88.0,3.0,1.0,3.0,3.0,5+/day,At-Risk
Female,Northeast,B.Tech,Graduate,Hindi,5G/Excellent,Yes,9,7,5.4,97.9,5.5,5,7.01,75.4,41.9,2.0,2.0,5.0,3.0,5.0,38.0,4.0,2.0,3.0,3.0,5+/day,Pass
Male,South,MCA,10th Pass,English,4G/Good,Yes,10,8,9.8,92.8,6.1,3,5.12,48.4,35.1,5.0,1.0,4.0,4.0,3.0,38.0,1.0,1.0,2.0,7.0,5+/day,At-Risk
Male,East,BCA,Graduate,Hindi,4G/Good,No,3,6,20.0,83.9,6.9,0,6.59,65.5,94.9,5.0,3.0,3.0,4.0,5.0,38.0,2.0,4.0,3.0,7.0,5+/day,Pass
Male,North,BCA,10th Pass,Hindi,No Access,No,1,6,10.6,100.0,5.3,4,6.07,48.2,11.2,4.0,2.0,5.0,3.0,1.0,38.0,2.0,3.0,4.0,5.0,5+/day,At-Risk
Male,North,B.Tech,Graduate,English,4G/Good,No,6,8,19.6,86.6,5.0,2,7.23,100.0,62.6,4.0,2.0,3.0,2.0,5.0,88.0,2.0,3.0,3.0,7.0,3-5/day,At-Risk
Male,North,B.E.,10th Pass,Hindi,4G/Good,No,1,8,26.8,82.3,7.6,4,7.17,61.8,33.2,4.0,3.0,4.0,1.0,4.0,63.0,3.0,3.0,4.0,5.0,3-5/day,At-Risk
Male,North,B.Com,Below 10th,English,4G/Good,No,3,6,21.3,65.8,8.0,3,5.98,62.6,64.4,2.0,3.0,2.0,3.0,1.0,13.0,1.0,3.0,1.0,1.0,1-3/day,Pass
Female,South,M.Tech,12th Pass,Hindi,4G/Good,No,7,8,11.1,78.7,5.0,2,6.26,65.5,41.3,1.0,4.0,5.0,2.0,4.0,88.0,3.0,3.0,4.0,5.0,5+/day,At-Risk
Male,East,B.Tech,Below 10th,English,5G/Excellent,Yes,4,4,19.2,93.8,7.0,2,6.94,73.8,62.8,2.0,2.0,3.0,2.0,3.0,63.0,3.0,3.0,2.0,7.0,5+/day,Pass
Male,East,B.Tech,Graduate,Hindi,4G/Good,No,9,8,23.2,88.7,7.0,2,5.76,45.1,59.6,1.0,5.0,4.0,3.0,4.0,38.0,3.0,3.0,4.0,7.0,5+/day,Pass
Male,West,B.E.,Post-Graduate,English,4G/Good,Yes,7,5,12.9,100.0,4.8,0,5.92,60.7,68.3,5.0,5.0,3.0,1.0,3.0,13.0,2.0,3.0,4.0,5.0,3-5/day,Pass
Male,West,B.E.,Post-Graduate,English,5G/Excellent,Yes,5,5,10.4,82.3,7.0,4,6.93,68.0,60.8,4.0,3.0,4.0,2.0,5.0,88.0,4.0,3.0,3.0,1.0,5+/day,Pass
Female,East,BCA,10th Pass,Hindi,5G/Excellent,Yes,9,6,17.4,51.3,7.3,5,7.04,52.7,44.3,5.0,2.0,5.0,1.0,1.0,38.0,4.0,4.0,3.0,7.0,3-5/day,Fail
Male,South,B.Com,Graduate,Hindi,3G/Moderate,Yes,3,6,28.9,86.6,7.3,3,8.53,73.4,85.2,4.0,3.0,4.0,3.0,4.0,38.0,1.0,4.0,4.0,5.0,3-5/day,Pass
Female,East,B.E.,10th Pass,Regional,5G/Excellent,No,8,7,11.1,52.6,6.1,0,4.62,30.6,67.2,3.0,4.0,3.0,4.0,4.0,38.0,3.0,2.0,2.0,3.0,5+/day,Fail
Male,South,B.Tech,Post-Graduate,Regional,3G/Moderate,Yes,8,8,14.9,76.3,6.9,2,6.16,48.0,66.5,4.0,3.0,4.0,4.0,4.0,63.0,4.0,4.0,4.0,3.0,1-3/day,At-Risk
Female,Northeast,M.Tech,Graduate,Hindi,4G/Good,Yes,4,5,9.7,92.7,6.8,5,6.49,45.3,68.9,1.0,4.0,3.0,2.0,4.0,13.0,2.0,3.0,2.0,7.0,1-3/day,Pass
Female,North,B.Tech,Below 10th,Hindi,2G/Slow,No,1,7,12.7,100.0,6.6,3,5.56,54.4,62.1,4.0,3.0,1.0,5.0,5.0,38.0,3.0,4.0,2.0,5.0,1-3/day,Pass
Female,North,B.Com,12th Pass,English,4G/Good,No,4,6,17.1,69.6,7.8,1,7.21,69.4,67.6,2.0,4.0,5.0,4.0,5.0,13.0,3.0,2.0,3.0,1.0,5+/day,Pass
Female,West,BCA,10th Pass,English,4G/Good,No,9,4,17.0,86.8,5.0,3,4.02,44.3,40.1,5.0,2.0,3.0,1.0,4.0,13.0,3.0,2.0,4.0,5.0,5+/day,Fail
Female,North,B.Com,Graduate,English,4G/Good,No,10,8,0.0,100.0,5.2,1,6.18,70.3,68.7,2.0,2.0,1.0,4.0,5.0,88.0,4.0,3.0,2.0,7.0,3-5/day,At-Risk
Male,Central,B.Tech,12th Pass,Regional,4G/Good,Yes,1,7,16.4,83.2,4.9,1,6.85,73.5,81.8,3.0,3.0,4.0,4.0,5.0,13.0,4.0,3.0,3.0,3.0,5+/day,Pass
Male,Northeast,B.Tech,Graduate,English,4G/Good,Yes,3,4,30.4,74.6,8.0,5,8.12,79.7,58.1,4.0,2.0,2.0,4.0,3.0,13.0,3.0,2.0,3.0,3.0,5+/day,Pass
Female,North,B.E.,12th Pass,Hindi,3G/Moderate,No,8,6,19.0,100.0,6.4,2,6.37,60.1,69.8,3.0,1.0,4.0,3.0,5.0,63.0,3.0,4.0,4.0,7.0,3-5/day,At-Risk
Male,North,B.E.,Post-Graduate,English,5G/Excellent,No,3,5,16.3,93.9,5.5,1,7.96,85.9,71.5,5.0,4.0,3.0,1.0,4.0,13.0,3.0,3.0,3.0,7.0,5+/day,Pass
Male,East,B.Tech,Post-Graduate,English,4G/Good,Yes,2,7,14.0,82.8,8.4,0,7.76,61.2,27.2,5.0,3.0,4.0,2.0,4.0,63.0,3.0,4.0,4.0,7.0,5+/day,At-Risk
Female,East,B.Com,12th Pass,English,4G/Good,No,1,7,11.5,63.7,6.1,2,5.41,47.0,49.4,3.0,2.0,4.0,3.0,4.0,88.0,3.0,3.0,3.0,5.0,5+/day,Fail
Male,South,MCA,Graduate,Hindi,5G/Excellent,No,9,6,18.7,77.7,3.2,5,3.09,33.7,26.4,3.0,2.0,4.0,1.0,4.0,63.0,2.0,3.0,3.0,1.0,5+/day,Fail
Female,West,BCA,Graduate,English,3G/Moderate,Yes,10,6,21.2,73.2,5.5,1,5.87,58.2,62.7,5.0,5.0,4.0,2.0,4.0,88.0,4.0,3.0,1.0,7.0,5+/day,Fail
Female,East,B.Tech,Graduate,Hindi,4G/Good,No,3,5,30.2,61.4,6.6,4,7.09,86.0,57.9,4.0,4.0,3.0,4.0,5.0,38.0,3.0,2.0,1.0,3.0,5+/day,At-Risk
Female,South,BCA,Below 10th,Hindi,4G/Good,No,7,5,12.8,98.2,7.0,5,5.51,65.3,35.7,4.0,2.0,3.0,3.0,4.0,88.0,3.0,4.0,4.0,1.0,5+/day,At-Risk
Female,North,BCA,10th Pass,Regional,2G/Slow,Yes,10,5,27.1,88.9,5.4,5,4.45,36.3,50.6,3.0,3.0,3.0,2.0,4.0,88.0,3.0,3.0,3.0,3.0,5+/day,At-Risk
Male,West,B.E.,10th Pass,Regional,4G/Good,Yes,3,4,26.8,73.5,5.8,0,7.63,90.9,57.6,3.0,1.0,2.0,3.0,2.0,38.0,3.0,2.0,1.0,1.0,3-5/day,Pass
Male,North,B.Com,12th Pass,Regional,5G/Excellent,No,8,4,15.2,75.0,5.7,4,6.93,52.4,61.3,2.0,1.0,4.0,4.0,4.0,38.0,3.0,3.0,2.0,5.0,5+/day,Pass
Male,Northeast,B.Tech,10th Pass,Hindi,3G/Moderate,No,9,6,12.9,76.5,7.4,3,3.95,45.0,56.5,5.0,3.0,4.0,2.0,4.0,63.0,3.0,4.0,4.0,7.0,5+/day,Fail
Male,South,B.Tech,12th Pass,English,4G/Good,Yes,8,7,8.0,70.0,8.5,0,6.63,75.4,58.2,5.0,4.0,3.0,2.0,4.0,88.0,1.0,3.0,3.0,3.0,5+/day,Fail
Female,East,B.Tech,Graduate,Regional,4G/Good,No,5,4,18.2,100.0,5.4,5,7.32,72.1,42.9,3.0,2.0,3.0,2.0,1.0,63.0,2.0,4.0,2.0,7.0,3-5/day,Pass
Female,Northeast,MCA,12th Pass,English,4G/Good,Yes,10,6,16.0,73.4,8.6,4,6.41,58.2,59.9,5.0,4.0,3.0,1.0,4.0,13.0,3.0,3.0,3.0,7.0,5+/day,Fail
Male,Northeast,BCA,Graduate,English,4G/Good,Yes,2,4,25.5,78.1,6.7,4,8.45,84.2,59.6,1.0,2.0,4.0,4.0,4.0,88.0,4.0,4.0,4.0,5.0,3-5/day,Pass
Male,South,B.Tech,Below 10th,English,5G/Excellent,Yes,6,5,20.5,73.7,6.2,5,7.24,84.9,55.8,3.0,1.0,4.0,1.0,4.0,63.0,3.0,3.0,4.0,5.0,5+/day,Fail
Female,North,B.Tech,Graduate,Hindi,4G/Good,No,8,6,4.1,60.5,6.0,2,5.02,54.4,52.2,5.0,1.0,4.0,3.0,5.0,63.0,3.0,4.0,3.0,3.0,5+/day,Fail
Male,West,B.Tech,Post-Graduate,English,4G/Good,No,2,5,17.5,67.2,5.0,3,7.82,71.4,63.8,2.0,2.0,4.0,2.0,3.0,13.0,4.0,4.0,2.0,3.0,5+/day,At-Risk
Male,South,B.Tech,12th Pass,Hindi,4G/Good,No,6,8,20.1,94.7,5.2,0,5.95,69.0,69.1,3.0,4.0,4.0,3.0,3.0,38.0,3.0,3.0,4.0,7.0,5+/day,Pass
Male,North,B.E.,Graduate,Hindi,3G/Moderate,No,7,7,16.4,78.1,4.9,0,6.27,48.0,68.4,1.0,2.0,5.0,3.0,3.0,38.0,3.0,4.0,3.0,1.0,3-5/day,Pass
Female,Central,B.Tech,Below 10th,Hindi,5G/Excellent,No,9,5,24.2,87.0,4.8,5,6.79,53.1,76.0,1.0,4.0,2.0,3.0,4.0,63.0,2.0,3.0,4.0,7.0,5+/day,Pass
Female,North,B.Tech,Graduate,English,5G/Excellent,Yes,9,7,14.0,87.5,7.0,5,5.38,58.0,22.5,3.0,3.0,4.0,1.0,5.0,63.0,3.0,2.0,4.0,3.0,5+/day,At-Risk
Female,North,M.Tech,Below 10th,Hindi,3G/Moderate,No,2,6,25.3,87.5,9.6,0,5.56,64.2,46.9,5.0,2.0,2.0,3.0,3.0,63.0,4.0,3.0,3.0,5.0,3-5/day,At-Risk
Female,North,B.E.,12th Pass,English,4G/Good,No,1,8,14.1,73.7,5.3,1,6.05,35.9,19.6,3.0,4.0,4.0,3.0,5.0,38.0,2.0,2.0,3.0,7.0,5+/day,Fail
Male,West,BCA,10th Pass,English,4G/Good,Yes,7,7,15.7,100.0,6.0,0,6.78,69.7,40.8,1.0,5.0,4.0,3.0,4.0,38.0,3.0,3.0,4.0,7.0,5+/day,Pass
Male,West,B.Tech,12th Pass,English,4G/Good,Yes,6,4,31.6,93.1,7.9,1,7.35,70.7,68.3,4.0,1.0,4.0,4.0,4.0,38.0,3.0,4.0,4.0,1.0,5+/day,Pass
Female,South,B.E.,10th Pass,Hindi,5G/Excellent,No,10,6,8.8,87.7,4.9,2,4.79,54.9,41.9,1.0,2.0,4.0,4.0,4.0,88.0,4.0,4.0,4.0,5.0,3-5/day,At-Risk
Male,South,B.E.,12th Pass,Hindi,4G/Good,Yes,10,8,18.7,85.0,4.3,1,5.87,57.3,65.2,4.0,1.0,3.0,2.0,3.0,88.0,3.0,3.0,3.0,7.0,3-5/day,At-Risk
Female,South,B.Tech,10th Pass,Hindi,4G/Good,Yes,10,4,20.4,65.5,3.5,3,5.54,35.1,57.5,3.0,2.0,3.0,4.0,1.0,13.0,4.0,3.0,2.0,5.0,3-5/day,At-Risk
Female,West,B.Tech,Graduate,Hindi,3G/Moderate,No,4,4,13.7,92.0,6.5,5,5.14,52.1,23.7,3.0,4.0,5.0,3.0,4.0,63.0,2.0,4.0,3.0,3.0,3-5/day,Pass
Female,North,M.Tech,12th Pass,Hindi,4G/Good,No,9,8,21.3,80.4,5.5,1,7.48,87.9,66.3,4.0,2.0,5.0,3.0,1.0,88.0,3.0,3.0,4.0,5.0,1-3/day,Pass
Female,Central,B.Com,10th Pass,English,4G/Good,Yes,1,5,23.2,72.3,4.5,5,7.7,79.9,76.9,4.0,2.0,3.0,1.0,5.0,38.0,3.0,3.0,2.0,3.0,5+/day,Fail
Female,North,B.Tech,10th Pass,English,4G/Good,No,7,8,20.0,69.7,5.4,3,6.18,49.5,54.6,4.0,2.0,5.0,3.0,1.0,88.0,3.0,3.0,4.0,5.0,1-3/day,Fail
Female,Central,B.Tech,Graduate,Regional,4G/Good,No,5,8,19.4,93.8,7.7,3,7.07,76.7,83.3,4.0,1.0,1.0,4.0,5.0,88.0,1.0,3.0,3.0,1.0,5+/day,Pass
Male,North,B.Com,10th Pass,Hindi,2G/Slow,No,5,8,21.7,65.2,5.8,3,6.16,72.6,25.5,4.0,1.0,5.0,1.0,4.0,63.0,4.0,3.0,4.0,3.0,3-5/day,Fail
Male,West,B.Tech,12th Pass,Hindi,3G/Moderate,No,6,7,12.7,77.2,7.7,3,5.17,44.9,43.8,4.0,1.0,5.0,3.0,2.0,38.0,3.0,3.0,3.0,1.0,5+/day,At-Risk
Male,North,BCA,12th Pass,Hindi,4G/Good,No,2,5,13.6,83.9,7.1,0,7.02,60.2,52.4,3.0,4.0,4.0,2.0,5.0,63.0,2.0,3.0,3.0,3.0,5+/day,Pass
Female,North,B.Com,10th Pass,Regional,4G/Good,No,3,6,21.2,80.2,6.6,5,6.38,38.3,58.0,4.0,3.0,4.0,1.0,4.0,38.0,2.0,3.0,4.0,7.0,3-5/day,At-Risk
Male,Northeast,B.Com,10th Pass,Hindi,4G/Good,No,9,4,15.4,87.0,6.4,3,6.05,51.0,62.5,3.0,2.0,5.0,1.0,5.0,88.0,3.0,3.0,3.0,7.0,3-5/day,Fail
Female,Northeast,B.E.,12th Pass,English,4G/Good,Yes,4,7,17.6,96.1,7.4,4,6.36,54.7,70.4,5.0,2.0,3.0,2.0,5.0,88.0,4.0,4.0,2.0,5.0,5+/day,At-Risk
Male,South,B.Tech,10th Pass,Regional,2G/Slow,Yes,6,5,0.3,89.4,6.8,2,4.31,54.2,37.9,5.0,1.0,4.0,4.0,5.0,88.0,3.0,2.0,4.0,3.0,3-5/day,Fail
Female,West,B.Tech,10th Pass,English,3G/Moderate,No,3,8,22.7,82.8,6.7,4,6.85,70.8,52.5,4.0,1.0,5.0,5.0,2.0,88.0,2.0,4.0,3.0,1.0,5+/day,Pass
Male,East,M.Tech,Below 10th,English,3G/Moderate,Yes,3,7,27.3,76.6,3.5,0,6.18,66.3,57.7,4.0,3.0,4.0,1.0,2.0,13.0,1.0,4.0,4.0,7.0,5+/day,Pass
Female,Northeast,B.Com,10th Pass,English,4G/Good,Yes,9,7,22.3,64.8,5.9,3,5.1,47.2,49.6,3.0,3.0,4.0,2.0,5.0,88.0,2.0,3.0,3.0,7.0,5+/day,Fail
Female,South,BCA,10th Pass,Hindi,3G/Moderate,Yes,9,4,23.4,81.2,4.1,1,5.08,53.7,53.9,3.0,3.0,4.0,1.0,2.0,63.0,3.0,3.0,4.0,3.0,5+/day,At-Risk
Male,East,MCA,Post-Graduate,Hindi,4G/Good,No,3,6,24.5,77.5,4.8,5,7.53,91.7,76.9,2.0,2.0,1.0,4.0,5.0,88.0,4.0,3.0,2.0,7.0,3-5/day,Pass
Male,East,BCA,12th Pass,Hindi,4G/Good,No,3,5,16.7,88.3,7.9,0,7.13,82.9,58.1,3.0,2.0,5.0,3.0,4.0,38.0,3.0,3.0,2.0,1.0,5+/day,Pass
Female,South,BCA,Graduate,Regional,5G/Excellent,Yes,6,5,11.8,80.4,6.1,2,6.27,80.1,43.1,3.0,4.0,4.0,3.0,2.0,63.0,1.0,4.0,4.0,7.0,5+/day,Pass
Male,Central,MCA,Below 10th,English,5G/Excellent,No,1,5,21.6,94.5,8.9,1,5.88,64.3,51.2,4.0,3.0,3.0,1.0,1.0,63.0,4.0,3.0,3.0,5.0,5+/day,Pass
Male,North,BCA,Below 10th,Hindi,5G/Excellent,Yes,5,8,25.5,76.7,7.5,1,6.17,79.9,42.6,4.0,3.0,5.0,2.0,4.0,38.0,3.0,3.0,3.0,5.0,5+/day,Pass
Female,North,B.E.,Graduate,Hindi,4G/Good,No,9,8,10.4,75.3,5.3,3,5.06,72.3,76.0,3.0,2.0,4.0,1.0,4.0,63.0,4.0,4.0,2.0,7.0,5+/day,At-Risk
Female,East,B.Tech,12th Pass,Regional,4G/Good,No,9,7,23.0,87.1,5.8,2,5.0,67.7,46.2,5.0,2.0,3.0,2.0,3.0,63.0,4.0,3.0,3.0,7.0,5+/day,At-Risk
Female,West,BCA,10th Pass,English,4G/Good,No,8,6,20.0,83.3,7.3,5,6.39,73.3,50.5,4.0,4.0,4.0,2.0,5.0,63.0,3.0,4.0,1.0,5.0,3-5/day,At-Risk
Male,North,B.E.,12th Pass,Regional,5G/Excellent,Yes,6,4,17.2,86.6,7.2,5,6.6,51.7,53.4,3.0,4.0,4.0,2.0,5.0,63.0,3.0,4.0,4.0,5.0,3-5/day,Pass
Male,South,B.Tech,12th Pass,English,5G/Excellent,No,9,4,16.2,80.4,7.8,2,6.6,77.6,72.7,4.0,1.0,4.0,2.0,4.0,38.0,3.0,4.0,3.0,1.0,5+/day,Pass
Female,Central,MCA,Graduate,Regional,4G/Good,Yes,3,6,19.9,82.3,3.1,1,6.32,43.5,72.6,4.0,3.0,4.0,3.0,4.0,38.0,1.0,4.0,4.0,5.0,3-5/day,Pass
Female,North,BCA,Below 10th,Hindi,4G/Good,No,9,5,13.5,78.4,4.0,2,6.26,63.9,60.9,2.0,3.0,4.0,3.0,4.0,88.0,2.0,3.0,4.0,5.0,5+/day,At-Risk
Female,West,B.Com,12th Pass,Regional,4G/Good,No,8,6,39.2,83.6,5.5,4,7.19,85.6,59.3,4.0,2.0,3.0,1.0,5.0,38.0,3.0,3.0,2.0,3.0,5+/day,Pass
Male,West,B.Tech,Graduate,English,4G/Good,No,1,4,8.7,96.8,7.4,3,5.37,57.8,46.8,3.0,3.0,3.0,1.0,1.0,63.0,3.0,4.0,4.0,7.0,3-5/day,Pass
Male,South,BCA,Post-Graduate,English,4G/Good,Yes,9,8,0.2,75.9,7.6,3,5.72,37.4,24.9,4.0,2.0,2.0,4.0,3.0,13.0,3.0,2.0,3.0,3.0,5+/day,Pass
Male,Central,B.Tech,Graduate,English,5G/Excellent,No,8,6,20.0,74.7,3.0,4,5.2,42.3,64.0,3.0,1.0,4.0,3.0,5.0,63.0,3.0,4.0,4.0,7.0,3-5/day,Fail
Male,West,B.Com,10th Pass,Hindi,4G/Good,Yes,8,7,18.6,85.8,5.1,4,7.73,72.8,88.7,3.0,1.0,4.0,4.0,5.0,63.0,3.0,4.0,3.0,3.0,5+/day,Pass
Male,South,B.Tech,Graduate,Hindi,4G/Good,Yes,6,8,21.7,79.8,7.2,2,6.39,43.9,47.6,2.0,2.0,2.0,1.0,5.0,88.0,4.0,4.0,4.0,5.0,5+/day,At-Risk
Male,East,BCA,Graduate,Regional,5G/Excellent,No,9,7,0.0,99.0,4.8,1,5.71,65.6,58.9,4.0,3.0,3.0,1.0,5.0,63.0,2.0,2.0,1.0,3.0,3-5/day,At-Risk
Other,West,MCA,Graduate,Hindi,3G/Moderate,Yes,8,7,5.2,90.4,6.8,2,4.33,42.5,58.3,4.0,1.0,4.0,2.0,4.0,38.0,3.0,2.0,3.0,5.0,3-5/day,At-Risk
Male,East,B.E.,Graduate,English,3G/Moderate,Yes,2,6,14.9,92.3,7.1,4,6.89,73.9,53.0,4.0,2.0,4.0,1.0,4.0,63.0,3.0,1.0,4.0,3.0,5+/day,Pass
Female,Northeast,B.Com,Post-Graduate,English,4G/Good,Yes,6,7,24.1,93.3,5.6,3,6.61,73.7,57.7,5.0,4.0,1.0,3.0,5.0,63.0,1.0,3.0,3.0,1.0,3-5/day,Pass
Female,South,M.Tech,Below 10th,English,3G/Moderate,Yes,8,5,5.3,74.1,6.5,3,5.13,46.9,60.7,3.0,3.0,4.0,1.0,4.0,88.0,2.0,4.0,3.0,1.0,3-5/day,Fail
Female,South,B.Tech,Below 10th,Regional,4G/Good,Yes,6,6,21.1,83.4,6.2,3,7.11,98.5,68.9,2.0,1.0,5.0,2.0,4.0,38.0,4.0,4.0,4.0,3.0,3-5/day,Pass
Male,North,B.Tech,Graduate,Regional,3G/Moderate,No,9,4,16.3,90.1,7.2,2,4.74,43.4,57.2,5.0,2.0,5.0,1.0,1.0,38.0,4.0,4.0,3.0,7.0,3-5/day,Fail
Female,North,B.Tech,10th Pass,Regional,3G/Moderate,No,5,5,19.1,82.1,6.1,5,4.32,47.1,25.3,3.0,2.0,3.0,2.0,4.0,88.0,4.0,1.0,1.0,1.0,1-3/day,At-Risk
Female,North,B.Tech,Below 10th,English,4G/Good,No,8,8,17.8,71.2,3.7,4,5.37,61.2,54.4,5.0,2.0,4.0,3.0,4.0,63.0,4.0,3.0,3.0,5.0,5+/day,Fail
Female,Northeast,M.Tech,12th Pass,English,4G/Good,Yes,10,6,17.9,93.1,7.3,1,5.81,74.6,45.3,3.0,4.0,3.0,5.0,5.0,63.0,3.0,2.0,3.0,3.0,3-5/day,Pass
Female,West,B.Com,Graduate,English,4G/Good,No,2,4,17.8,79.9,6.4,5,6.52,66.8,52.2,4.0,3.0,4.0,4.0,5.0,88.0,4.0,4.0,4.0,3.0,5+/day,Pass
Other,West,B.Tech,Below 10th,Hindi,3G/Moderate,No,5,4,25.7,85.6,7.3,2,5.72,53.2,63.8,3.0,4.0,5.0,3.0,4.0,63.0,2.0,4.0,3.0,3.0,3-5/day,Pass
Female,East,B.E.,Graduate,Regional,4G/Good,No,1,6,18.2,89.0,5.2,5,7.26,83.3,42.7,5.0,1.0,4.0,2.0,1.0,63.0,1.0,2.0,3.0,5.0,1-3/day,Pass
Male,Northeast,B.E.,Below 10th,English,3G/Moderate,No,5,5,25.1,100.0,6.0,3,6.6,63.5,71.1,2.0,2.0,1.0,4.0,5.0,88.0,4.0,3.0,2.0,7.0,3-5/day,Pass
Female,East,B.Tech,Below 10th,English,3G/Moderate,No,7,4,14.9,84.5,5.7,5,4.45,44.0,39.1,5.0,2.0,5.0,1.0,1.0,38.0,4.0,4.0,3.0,7.0,3-5/day,Fail
Male,Northeast,B.E.,10th Pass,Hindi,3G/Moderate,No,1,6,25.8,57.8,7.8,4,6.5,66.0,76.8,3.0,1.0,4.0,4.0,5.0,63.0,3.0,4.0,3.0,3.0,5+/day,Fail
Female,South,B.Tech,Below 10th,Hindi,4G/Good,Yes,10,6,16.3,84.2,7.4,1,5.08,48.9,47.9,1.0,4.0,3.0,2.0,4.0,13.0,2.0,3.0,2.0,7.0,1-3/day,Pass
Male,Central,B.E.,Graduate,English,4G/Good,Yes,3,7,16.4,85.4,8.7,0,7.14,73.9,92.9,4.0,5.0,4.0,2.0,3.0,38.0,1.0,4.0,2.0,3.0,1-3/day,Pass
Male,West,BCA,Graduate,Regional,4G/Good,No,6,6,5.6,62.0,6.3,2,4.47,51.2,19.2,5.0,3.0,4.0,2.0,4.0,63.0,3.0,4.0,4.0,7.0,5+/day,Fail
Female,South,BCA,Graduate,English,5G/Excellent,Yes,1,4,11.7,99.7,4.6,0,6.8,64.6,33.7,5.0,3.0,4.0,5.0,3.0,63.0,4.0,4.0,4.0,5.0,3-5/day,Pass
Female,East,B.Tech,10th Pass,Regional,5G/Excellent,Yes,3,7,13.1,50.2,4.9,4,6.94,68.8,78.6,4.0,5.0,4.0,3.0,5.0,88.0,3.0,3.0,4.0,7.0,5+/day,Fail
Male,East,MCA,12th Pass,English,4G/Good,No,8,4,5.3,89.0,7.8,0,3.54,31.9,57.9,2.0,4.0,5.0,4.0,5.0,13.0,3.0,2.0,3.0,1.0,5+/day,Pass
Male,North,BCA,10th Pass,English,No Access,No,9,5,12.0,63.6,8.4,3,4.07,50.9,24.2,3.0,1.0,4.0,3.0,5.0,63.0,3.0,4.0,4.0,7.0,3-5/day,Fail
Female,East,M.Tech,10th Pass,English,4G/Good,Yes,7,5,22.8,94.8,4.5,2,7.77,52.6,55.1,1.0,2.0,3.0,3.0,1.0,63.0,4.0,3.0,4.0,3.0,5+/day,Pass
Male,South,B.E.,12th Pass,English,2G/Slow,No,4,4,23.6,88.8,5.7,1,4.78,28.6,44.2,3.0,3.0,4.0,2.0,5.0,88.0,2.0,3.0,3.0,7.0,5+/day,Fail
Female,North,M.Tech,Graduate,Hindi,4G/Good,No,7,8,6.2,99.7,4.8,3,5.72,57.8,57.8,4.0,4.0,4.0,2.0,5.0,63.0,3.0,4.0,1.0,5.0,3-5/day,At-Risk
Male,Central,M.Tech,Below 10th,Hindi,4G/Good,No,7,8,29.6,88.2,9.4,4,6.35,44.5,72.8,3.0,4.0,5.0,3.0,1.0,38.0,1.0,3.0,3.0,5.0,5+/day,Pass
Female,West,B.E.,10th Pass,Hindi,5G/Excellent,No,7,8,23.9,86.3,7.0,2,7.08,54.3,61.2,4.0,2.0,5.0,2.0,3.0,63.0,3.0,2.0,3.0,3.0,3-5/day,At-Risk
Female,Northeast,B.E.,Post-Graduate,Hindi,5G/Excellent,No,8,4,32.6,78.1,5.1,4,5.28,62.1,69.7,4.0,4.0,3.0,4.0,5.0,63.0,4.0,4.0,4.0,5.0,Never,Pass
Male,West,B.Com,12th Pass,English,4G/Good,No,4,6,25.7,61.2,5.0,4,8.37,83.1,79.4,3.0,2.0,5.0,1.0,4.0,63.0,1.0,3.0,2.0,3.0,1-3/day,At-Risk
Male,South,BCA,Post-Graduate,English,4G/Good,No,4,7,31.2,100.0,8.6,4,7.94,77.2,70.8,4.0,3.0,4.0,4.0,2.0,38.0,2.0,3.0,4.0,5.0,Never,Pass
Male,East,B.Com,Post-Graduate,Regional,4G/Good,No,9,6,20.9,76.2,7.4,2,7.28,73.0,53.1,4.0,2.0,3.0,2.0,5.0,88.0,2.0,3.0,3.0,7.0,3-5/day,At-Risk
Female,West,MCA,12th Pass,Regional,3G/Moderate,No,8,4,12.6,86.1,6.5,3,5.8,63.0,72.5,4.0,2.0,5.0,2.0,3.0,63.0,3.0,2.0,3.0,3.0,3-5/day,At-Risk
Female,Central,BCA,10th Pass,English,5G/Excellent,No,4,6,19.8,72.1,5.8,5,4.4,59.8,29.6,5.0,1.0,4.0,4.0,3.0,38.0,1.0,1.0,2.0,7.0,5+/day,Fail
Female,South,B.Tech,Graduate,English,4G/Good,No,6,5,2.3,69.1,5.8,4,4.73,49.0,35.7,4.0,4.0,5.0,2.0,3.0,38.0,2.0,3.0,3.0,3.0,5+/day,Fail
Male,Northeast,B.Tech,10th Pass,Hindi,3G/Moderate,Yes,9,7,16.9,82.7,4.4,1,5.96,46.9,67.4,3.0,3.0,3.0,1.0,1.0,63.0,3.0,4.0,4.0,7.0,3-5/day,At-Risk
Male,Central,B.Com,10th Pass,English,4G/Good,Yes,6,4,17.7,87.0,5.4,3,6.24,53.0,56.8,4.0,2.0,3.0,3.0,4.0,63.0,2.0,4.0,3.0,3.0,5+/day,Pass
Male,West,B.Tech,Graduate,Hindi,3G/Moderate,No,5,7,24.8,100.0,5.8,4,7.5,68.2,80.5,5.0,3.0,4.0,3.0,1.0,88.0,3.0,2.0,2.0,7.0,5+/day,Pass
Male,Central,B.Tech,12th Pass,Hindi,2G/Slow,Yes,7,8,19.4,94.1,6.2,2,5.48,57.8,45.5,4.0,2.0,2.0,1.0,4.0,88.0,3.0,3.0,2.0,5.0,5+/day,At-Risk
Female,South,BCA,10th Pass,English,4G/Good,No,2,8,14.9,85.4,6.3,4,6.3,61.0,81.3,5.0,3.0,5.0,2.0,4.0,88.0,3.0,3.0,3.0,5.0,5+/day,At-Risk
Female,Central,BCA,Graduate,English,4G/Good,Yes,8,5,8.2,81.3,7.9,4,4.8,26.0,41.8,5.0,4.0,3.0,5.0,5.0,88.0,4.0,4.0,4.0,5.0,5+/day,At-Risk
Female,West,B.Tech,Graduate,Regional,4G/Good,No,7,4,12.7,86.1,5.3,0,5.36,32.6,50.6,4.0,2.0,5.0,1.0,4.0,63.0,3.0,3.0,3.0,7.0,5+/day,Fail
Male,North,B.Tech,Below 10th,English,4G/Good,No,6,8,16.4,78.9,8.5,0,4.85,60.9,66.5,2.0,1.0,4.0,4.0,4.0,38.0,3.0,3.0,2.0,5.0,5+/day,At-Risk
Female,Central,B.E.,10th Pass,English,2G/Slow,No,3,7,13.1,85.1,6.3,3,5.24,42.2,48.0,2.0,3.0,4.0,3.0,4.0,88.0,2.0,3.0,4.0,5.0,5+/day,At-Risk
Female,East,B.Tech,10th Pass,Hindi,4G/Good,Yes,9,7,0.0,72.5,7.0,0,4.87,36.1,51.1,4.0,3.0,3.0,1.0,1.0,63.0,4.0,3.0,3.0,5.0,5+/day,Fail
Female,South,MCA,10th Pass,Hindi,4G/Good,No,2,5,17.9,75.4,8.0,2,7.67,79.1,51.5,2.0,4.0,5.0,1.0,2.0,63.0,3.0,3.0,3.0,5.0,5+/day,Pass
Female,East,B.Tech,Graduate,English,5G/Excellent,Yes,4,8,14.7,81.4,7.3,0,7.25,73.6,46.9,4.0,2.0,2.0,1.0,4.0,63.0,3.0,3.0,3.0,5.0,5+/day,Pass
Male,North,M.Tech,Graduate,Regional,No Access,No,2,6,14.6,85.9,7.6,2,4.74,30.2,78.8,4.0,3.0,4.0,3.0,4.0,88.0,1.0,2.0,3.0,5.0,1-3/day,At-Risk
Male,South,MCA,Graduate,Hindi,3G/Moderate,No,6,8,19.1,80.6,5.6,4,6.08,70.9,51.4,5.0,1.0,5.0,2.0,3.0,63.0,4.0,3.0,3.0,7.0,5+/day,Fail
Female,Northeast,BCA,Below 10th,English,5G/Excellent,No,7,5,14.8,84.3,6.2,3,3.67,33.0,59.0,3.0,4.0,4.0,3.0,3.0,38.0,3.0,3.0,4.0,7.0,5+/day,At-Risk
Male,North,B.Tech,Below 10th,English,5G/Excellent,Yes,9,8,25.5,71.1,7.6,0,5.88,38.3,53.8,5.0,5.0,5.0,4.0,5.0,88.0,4.0,4.0,4.0,3.0,5+/day,Fail
Male,South,B.E.,10th Pass,Hindi,5G/Excellent,No,6,4,12.8,67.6,7.6,0,5.43,77.7,44.1,3.0,2.0,5.0,1.0,4.0,63.0,1.0,3.0,2.0,3.0,1-3/day,Fail
Female,North,B.E.,10th Pass,English,2G/Slow,Yes,6,5,12.2,81.4,6.7,3,4.41,30.0,40.8,5.0,1.0,5.0,3.0,3.0,63.0,4.0,1.0,4.0,1.0,3-5/day,Fail
Female,South,B.Tech,Below 10th,Hindi,4G/Good,Yes,5,6,12.7,61.8,7.6,2,5.13,38.5,32.2,4.0,2.0,3.0,3.0,3.0,63.0,3.0,4.0,4.0,1.0,1-3/day,Fail
Female,West,MCA,12th Pass,Hindi,4G/Good,No,10,7,19.2,92.3,5.2,5,4.65,65.7,38.6,3.0,2.0,4.0,3.0,4.0,88.0,3.0,3.0,3.0,5.0,5+/day,At-Risk
Male,West,B.E.,Below 10th,Hindi,5G/Excellent,No,10,8,19.1,65.5,7.5,2,3.66,38.7,62.2,5.0,4.0,1.0,3.0,5.0,63.0,1.0,3.0,3.0,1.0,3-5/day,Fail
Male,Central,MCA,Graduate,Hindi,2G/Slow,No,4,7,14.1,77.3,7.9,0,6.55,48.7,86.3,3.0,3.0,4.0,4.0,5.0,13.0,4.0,3.0,3.0,3.0,5+/day,Pass
Female,East,B.Tech,Graduate,Hindi,3G/Moderate,Yes,10,5,17.9,88.0,6.5,5,5.69,48.4,65.9,4.0,1.0,4.0,2.0,4.0,38.0,3.0,4.0,3.0,1.0,5+/day,At-Risk
Female,South,B.Tech,12th Pass,English,4G/Good,No,4,7,20.7,93.0,6.8,2,5.76,53.3,64.3,3.0,3.0,3.0,1.0,1.0,63.0,3.0,4.0,4.0,7.0,3-5/day,Pass
Female,Central,B.Com,Below 10th,English,3G/Moderate,No,4,4,22.2,89.7,3.4,2,7.28,61.3,58.1,3.0,4.0,3.0,4.0,4.0,38.0,3.0,2.0,2.0,3.0,5+/day,Pass
Female,West,BCA,Graduate,Hindi,4G/Good,No,5,5,17.2,87.8,8.6,0,7.53,51.6,52.4,4.0,2.0,5.0,4.0,1.0,88.0,2.0,3.0,4.0,1.0,3-5/day,Pass
Female,East,B.E.,Post-Graduate,Regional,5G/Excellent,No,1,5,12.5,100.0,7.0,0,6.88,84.9,64.5,3.0,2.0,3.0,2.0,4.0,63.0,4.0,3.0,3.0,5.0,5+/day,Pass
Female,West,B.E.,10th Pass,Hindi,4G/Good,No,2,8,12.5,69.4,7.4,0,4.59,73.0,39.9,2.0,1.0,4.0,4.0,4.0,38.0,3.0,3.0,2.0,5.0,5+/day,Fail
Male,Central,B.Tech,Graduate,English,4G/Good,No,3,5,19.8,85.8,7.0,1,8.08,63.6,70.2,2.0,2.0,1.0,4.0,5.0,88.0,4.0,3.0,2.0,7.0,3-5/day,Pass
Female,West,BCA,Graduate,Regional,5G/Excellent,No,7,4,23.1,89.6,7.2,0,5.99,48.4,62.0,4.0,2.0,3.0,1.0,5.0,38.0,2.0,4.0,3.0,1.0,3-5/day,At-Risk
Female,South,B.Tech,12th Pass,English,2G/Slow,No,1,8,19.1,86.3,7.1,5,5.96,45.2,44.3,4.0,3.0,5.0,2.0,4.0,38.0,3.0,3.0,3.0,5.0,5+/day,At-Risk
Female,West,BCA,10th Pass,English,3G/Moderate,No,3,4,15.3,76.4,8.7,1,5.35,67.8,61.5,4.0,2.0,5.0,3.0,3.0,63.0,4.0,3.0,3.0,1.0,1-3/day,At-Risk
Male,North,BCA,12th Pass,English,4G/Good,Yes,7,6,14.0,88.5,10.2,4,6.9,60.9,36.6,3.0,4.0,4.0,2.0,5.0,63.0,3.0,4.0,4.0,5.0,3-5/day,At-Risk
Female,South,B.Com,12th Pass,English,2G/Slow,No,6,8,23.6,87.7,8.1,2,5.69,38.7,66.3,5.0,4.0,3.0,5.0,5.0,88.0,4.0,4.0,4.0,5.0,5+/day,At-Risk
Male,South,B.E.,12th Pass,Hindi,2G/Slow,No,2,5,9.4,96.9,8.4,1,5.3,35.0,51.5,4.0,5.0,3.0,4.0,4.0,38.0,3.0,2.0,3.0,3.0,5+/day,Pass
Male,North,B.Tech,Post-Graduate,English,4G/Good,No,4,5,14.7,87.7,5.8,4,5.56,53.5,39.5,2.0,2.0,4.0,4.0,5.0,38.0,4.0,3.0,3.0,7.0,5+/day,At-Risk
Male,North,BCA,Graduate,English,5G/Excellent,No,1,5,28.1,59.2,6.2,5,6.25,78.5,47.5,4.0,3.0,4.0,1.0,4.0,38.0,2.0,3.0,4.0,7.0,3-5/day,Fail
Female,North,B.Tech,10th Pass,English,5G/Excellent,Yes,5,6,26.2,91.5,7.0,2,8.18,69.6,67.2,5.0,4.0,1.0,3.0,5.0,63.0,1.0,3.0,3.0,1.0,3-5/day,Pass
Male,West,B.Tech,12th Pass,Hindi,4G/Good,No,2,4,19.4,77.2,7.3,2,6.45,54.7,67.9,3.0,2.0,3.0,2.0,4.0,88.0,4.0,1.0,1.0,1.0,1-3/day,Pass
Male,Northeast,B.Tech,Graduate,Regional,2G/Slow,No,8,5,14.6,79.7,7.1,2,3.71,28.2,43.5,5.0,1.0,4.0,4.0,5.0,88.0,3.0,2.0,4.0,3.0,3-5/day,Fail
Male,Central,B.E.,Below 10th,Regional,3G/Moderate,Yes,10,7,16.2,68.3,5.1,5,3.93,40.5,54.9,3.0,4.0,5.0,3.0,4.0,63.0,2.0,4.0,3.0,3.0,3-5/day,Fail
Female,South,B.Tech,10th Pass,English,4G/Good,No,6,5,18.6,83.6,5.9,3,5.59,51.4,44.1,3.0,1.0,4.0,2.0,2.0,38.0,3.0,1.0,4.0,7.0,3-5/day,At-Risk
Male,East,B.E.,Post-Graduate,Hindi,3G/Moderate,No,1,8,32.8,100.0,5.9,3,6.93,68.4,59.8,5.0,3.0,4.0,3.0,1.0,88.0,3.0,2.0,2.0,7.0,5+/day,Pass
Male,Central,B.Com,12th Pass,English,2G/Slow,Yes,2,8,25.2,94.8,7.2,1,7.03,63.5,69.9,4.0,3.0,5.0,2.0,4.0,38.0,3.0,3.0,3.0,5.0,5+/day,Pass
Female,North,BCA,10th Pass,English,4G/Good,No,4,7,24.2,67.8,6.0,1,5.92,61.4,70.6,4.0,2.0,4.0,4.0,1.0,63.0,3.0,3.0,3.0,3.0,1-3/day,At-Risk
Male,West,B.Tech,Below 10th,Regional,4G/Good,No,3,6,16.9,79.6,6.2,2,3.88,44.4,28.0,5.0,1.0,4.0,2.0,1.0,88.0,3.0,2.0,3.0,5.0,5+/day,Fail
Female,West,B.Tech,12th Pass,Hindi,3G/Moderate,Yes,9,8,14.5,94.1,6.1,4,5.61,32.4,21.4,4.0,2.0,4.0,4.0,1.0,63.0,3.0,3.0,3.0,3.0,1-3/day,Pass
Female,North,BCA,12th Pass,English,4G/Good,No,1,6,16.6,79.8,7.4,1,6.24,59.8,50.5,3.0,4.0,2.0,4.0,4.0,88.0,1.0,4.0,3.0,1.0,5+/day,Pass
Male,Northeast,M.Tech,10th Pass,English,4G/Good,No,7,6,25.0,57.4,8.3,0,5.46,57.1,42.8,4.0,2.0,3.0,3.0,4.0,88.0,3.0,4.0,4.0,1.0,5+/day,Fail
Male,Northeast,B.Tech,12th Pass,English,4G/Good,Yes,9,7,29.4,75.4,5.3,5,6.76,75.6,71.2,4.0,2.0,3.0,5.0,5.0,13.0,3.0,4.0,3.0,7.0,5+/day,Pass
Female,North,MCA,Below 10th,English,2G/Slow,Yes,9,8,12.0,98.6,7.6,0,5.35,53.4,39.1,3.0,3.0,4.0,3.0,2.0,38.0,1.0,2.0,4.0,7.0,5+/day,Pass
Male,North,BCA,Below 10th,Hindi,5G/Excellent,Yes,6,5,1.9,100.0,5.1,1,4.27,34.3,67.5,2.0,2.0,2.0,1.0,5.0,88.0,4.0,4.0,4.0,5.0,5+/day,Fail
Male,North,B.E.,12th Pass,English,4G/Good,Yes,7,6,16.2,79.9,7.5,4,6.85,37.9,64.1,5.0,4.0,1.0,3.0,5.0,63.0,1.0,3.0,3.0,1.0,3-5/day,Pass
Male,South,B.Com,Below 10th,Regional,3G/Moderate,No,8,6,25.4,78.7,4.6,0,4.84,58.0,47.4,3.0,2.0,4.0,1.0,4.0,63.0,4.0,4.0,2.0,7.0,5+/day,Fail
Female,East,BCA,Graduate,Hindi,4G/Good,Yes,3,8,14.0,54.5,8.6,2,7.77,57.7,57.8,5.0,2.0,3.0,2.0,4.0,88.0,4.0,3.0,2.0,7.0,5+/day,Fail
Male,East,M.Tech,Below 10th,Regional,4G/Good,No,5,8,21.2,80.8,6.1,2,6.18,57.0,37.4,2.0,2.0,3.0,4.0,4.0,88.0,4.0,3.0,4.0,1.0,5+/day,At-Risk
Female,South,B.E.,Graduate,Regional,4G/Good,No,4,7,10.1,75.1,6.8,3,5.61,58.5,45.4,4.0,1.0,5.0,5.0,2.0,88.0,2.0,4.0,3.0,1.0,5+/day,Pass
Female,Central,BCA,10th Pass,Hindi,4G/Good,Yes,9,4,15.9,59.3,6.7,3,4.74,48.2,50.7,4.0,2.0,5.0,3.0,1.0,38.0,2.0,3.0,4.0,5.0,5+/day,Fail
Male,South,BCA,10th Pass,Hindi,4G/Good,No,9,4,12.5,70.6,8.5,3,4.1,46.7,48.2,2.0,3.0,2.0,3.0,1.0,13.0,1.0,3.0,1.0,1.0,1-3/day,Pass
Male,North,B.Tech,Graduate,English,4G/Good,No,4,4,16.9,66.3,5.5,5,5.93,58.2,44.3,4.0,4.0,3.0,1.0,3.0,63.0,3.0,4.0,3.0,3.0,5+/day,Fail
Other,South,BCA,12th Pass,Hindi,4G/Good,No,2,6,19.4,82.7,6.4,4,4.96,40.4,73.6,3.0,3.0,1.0,1.0,1.0,88.0,4.0,3.0,3.0,5.0,1-3/day,Pass
Male,East,B.Tech,Graduate,English,2G/Slow,Yes,1,7,22.8,100.0,6.7,2,7.85,52.4,88.2,5.0,2.0,1.0,1.0,5.0,88.0,4.0,3.0,1.0,5.0,3-5/day,Pass
Female,South,B.Tech,12th Pass,English,2G/Slow,Yes,3,4,15.1,80.2,8.0,4,5.82,71.2,71.2,5.0,1.0,4.0,3.0,5.0,63.0,3.0,4.0,3.0,3.0,5+/day,At-Risk
Male,South,B.E.,12th Pass,English,3G/Moderate,Yes,2,8,10.0,85.1,5.4,0,6.52,70.2,63.7,3.0,4.0,3.0,4.0,4.0,38.0,3.0,2.0,2.0,3.0,5+/day,Pass
Male,North,BCA,Graduate,Hindi,4G/Good,Yes,5,6,7.4,100.0,3.3,2,5.3,39.8,37.9,3.0,1.0,4.0,1.0,4.0,63.0,3.0,3.0,4.0,5.0,5+/day,Fail
Male,Northeast,B.Com,12th Pass,Regional,3G/Moderate,No,6,6,25.6,59.1,4.8,3,5.57,38.1,46.2,5.0,2.0,4.0,1.0,2.0,38.0,4.0,3.0,3.0,1.0,1-3/day,Fail
Male,Central,B.E.,12th Pass,English,4G/Good,Yes,9,8,12.3,84.3,7.6,5,6.14,62.7,58.8,5.0,4.0,3.0,2.0,4.0,88.0,1.0,3.0,3.0,3.0,5+/day,Pass
Male,South,BCA,Graduate,Hindi,3G/Moderate,Yes,4,7,21.6,95.7,6.6,3,7.41,57.2,77.4,4.0,2.0,5.0,3.0,5.0,88.0,4.0,1.0,3.0,7.0,5+/day,At-Risk
Female,South,B.Tech,Post-Graduate,Regional,4G/Good,No,4,7,6.9,85.8,6.4,5,6.04,46.3,47.9,3.0,1.0,3.0,1.0,2.0,88.0,1.0,4.0,3.0,3.0,5+/day,At-Risk
Male,East,B.Com,10th Pass,English,4G/Good,Yes,4,4,29.0,62.5,5.2,0,5.46,48.6,60.6,1.0,2.0,5.0,3.0,3.0,38.0,3.0,4.0,3.0,1.0,3-5/day,At-Risk
Male,West,BCA,12th Pass,English,2G/Slow,Yes,1,8,37.5,100.0,6.6,2,8.21,74.2,54.9,4.0,4.0,3.0,1.0,3.0,63.0,3.0,4.0,3.0,3.0,5+/day,Pass
Male,South,MCA,Below 10th,English,4G/Good,No,3,5,20.3,92.1,7.3,4,5.53,59.2,51.8,4.0,1.0,5.0,3.0,2.0,38.0,3.0,3.0,3.0,1.0,5+/day,Pass
Female,Central,MCA,10th Pass,Regional,5G/Excellent,No,4,7,16.0,85.2,6.3,4,5.19,70.8,49.7,4.0,1.0,1.0,4.0,5.0,88.0,1.0,3.0,3.0,1.0,5+/day,Pass
Male,East,B.Tech,12th Pass,English,3G/Moderate,Yes,1,4,28.1,65.4,8.4,0,7.45,81.4,51.8,2.0,4.0,1.0,5.0,5.0,63.0,3.0,4.0,4.0,5.0,5+/day,Pass
Female,South,B.E.,Graduate,English,5G/Excellent,No,5,6,14.5,100.0,7.8,5,6.04,44.2,66.2,2.0,2.0,4.0,1.0,4.0,13.0,3.0,1.0,4.0,7.0,5+/day,Pass
Male,West,B.Com,12th Pass,Hindi,4G/Good,No,10,7,18.4,89.0,6.3,2,5.15,42.1,53.1,5.0,4.0,1.0,1.0,4.0,38.0,3.0,3.0,3.0,1.0,5+/day,At-Risk
Male,Central,B.Tech,Graduate,Regional,4G/Good,No,9,5,0.0,87.4,7.5,4,4.64,55.6,45.9,5.0,1.0,4.0,4.0,5.0,88.0,3.0,2.0,4.0,3.0,3-5/day,Fail
Male,West,BCA,Below 10th,Regional,2G/Slow,No,1,6,17.5,89.0,6.6,3,6.08,58.2,49.6,3.0,4.0,5.0,3.0,4.0,63.0,2.0,4.0,3.0,3.0,3-5/day,Pass
Female,North,B.Com,12th Pass,English,4G/Good,Yes,7,6,26.1,93.5,7.0,3,7.4,78.6,52.1,4.0,3.0,4.0,1.0,2.0,13.0,1.0,4.0,4.0,7.0,5+/day,Pass
Male,South,B.Tech,Post-Graduate,Regional,4G/Good,No,2,8,14.8,83.4,6.2,4,8.22,60.7,84.3,5.0,1.0,4.0,2.0,1.0,88.0,3.0,2.0,3.0,5.0,5+/day,Pass
Male,East,M.Tech,10th Pass,English,4G/Good,No,10,8,14.9,80.6,6.8,5,4.64,48.0,26.8,3.0,3.0,4.0,4.0,5.0,13.0,4.0,3.0,3.0,3.0,5+/day,At-Risk
Male,South,B.Com,Below 10th,English,5G/Excellent,No,9,7,14.9,55.1,4.3,2,5.75,60.6,62.0,3.0,1.0,2.0,3.0,2.0,38.0,3.0,2.0,1.0,1.0,3-5/day,Fail
Female,West,BCA,12th Pass,Regional,4G/Good,No,4,5,31.7,72.6,5.3,4,5.75,74.9,31.6,5.0,1.0,4.0,3.0,5.0,63.0,3.0,4.0,3.0,3.0,5+/day,Fail
Male,Northeast,B.Tech,Graduate,Hindi,3G/Moderate,No,3,8,19.6,100.0,8.3,0,6.47,57.0,69.9,5.0,2.0,5.0,5.0,5.0,88.0,4.0,3.0,3.0,3.0,5+/day,At-Risk
Male,West,B.Tech,12th Pass,English,2G/Slow,No,7,4,18.3,72.0,6.0,2,4.62,59.5,54.3,3.0,3.0,3.0,2.0,4.0,88.0,3.0,3.0,3.0,3.0,5+/day,Fail
Male,Central,B.Tech,12th Pass,Hindi,3G/Moderate,No,6,6,15.2,78.4,4.9,4,4.88,43.8,41.9,3.0,1.0,3.0,4.0,4.0,63.0,3.0,3.0,3.0,5.0,5+/day,At-Risk
Male,South,MCA,Graduate,Regional,5G/Excellent,No,10,4,25.2,68.2,9.0,3,6.22,60.5,70.2,4.0,4.0,5.0,2.0,5.0,13.0,3.0,2.0,4.0,5.0,5+/day,Fail
Female,Northeast,MCA,10th Pass,Regional,2G/Slow,No,8,6,12.4,88.1,6.1,2,3.58,31.1,47.5,4.0,2.0,5.0,3.0,3.0,63.0,4.0,3.0,3.0,1.0,1-3/day,Fail
Female,West,BCA,Graduate,Regional,4G/Good,Yes,9,4,26.8,78.9,7.3,1,6.3,59.1,53.0,5.0,2.0,5.0,5.0,5.0,88.0,4.0,3.0,3.0,3.0,5+/day,At-Risk
Male,South,B.E.,10th Pass,Hindi,3G/Moderate,Yes,7,6,17.2,78.5,5.7,2,6.74,54.3,72.9,4.0,4.0,3.0,2.0,4.0,38.0,3.0,3.0,3.0,7.0,5+/day,Pass
Male,West,B.Tech,10th Pass,Regional,5G/Excellent,Yes,6,8,26.2,72.4,7.9,3,5.85,59.4,54.1,5.0,2.0,5.0,2.0,4.0,88.0,1.0,3.0,4.0,5.0,5+/day,Fail
Male,North,MCA,Graduate,Hindi,4G/Good,Yes,8,4,15.4,87.0,6.5,2,5.13,39.1,36.8,3.0,1.0,4.0,4.0,5.0,63.0,3.0,4.0,3.0,3.0,5+/day,At-Risk
Male,West,BCA,Graduate,Hindi,5G/Excellent,No,9,7,23.7,99.7,4.0,0,4.77,36.5,66.9,4.0,3.0,4.0,4.0,5.0,88.0,4.0,4.0,4.0,3.0,5+/day,At-Risk
Male,East,B.Com,Graduate,Regional,4G/Good,Yes,8,7,21.8,61.7,9.6,3,6.55,43.4,39.4,4.0,3.0,4.0,3.0,5.0,88.0,4.0,4.0,2.0,7.0,5+/day,Fail
Female,South,BCA,Graduate,English,5G/Excellent,Yes,6,5,17.6,78.4,5.6,3,6.66,78.9,64.9,4.0,2.0,2.0,4.0,3.0,13.0,3.0,2.0,3.0,3.0,5+/day,Pass
Female,West,MCA,10th Pass,English,2G/Slow,No,8,5,27.6,80.1,6.0,5,3.53,61.4,56.4,1.0,3.0,5.0,5.0,4.0,0.0,3.0,3.0,4.0,3.0,3-5/day,Pass
Other,West,BCA,Below 10th,English,3G/Moderate,Yes,9,5,27.1,72.8,4.7,0,4.62,62.7,42.3,2.0,2.0,2.0,1.0,5.0,88.0,4.0,4.0,4.0,5.0,5+/day,Fail
Female,North,BCA,10th Pass,Hindi,2G/Slow,Yes,6,4,13.5,95.9,3.8,1,4.89,64.0,38.4,3.0,1.0,4.0,1.0,4.0,63.0,3.0,3.0,4.0,5.0,5+/day,Fail
Female,North,B.E.,Graduate,English,4G/Good,No,6,6,13.0,96.0,8.1,2,7.12,49.1,63.0,2.0,1.0,5.0,2.0,4.0,38.0,4.0,4.0,4.0,3.0,3-5/day,At-Risk
Female,South,B.Com,Graduate,English,4G/Good,No,2,5,16.3,84.8,6.8,0,8.7,65.6,49.5,4.0,1.0,4.0,2.0,4.0,38.0,3.0,4.0,3.0,1.0,5+/day,Pass
Male,East,BCA,Post-Graduate,English,3G/Moderate,Yes,9,8,15.9,73.9,3.6,2,6.69,72.8,82.9,4.0,4.0,5.0,2.0,5.0,63.0,3.0,3.0,4.0,7.0,5+/day,Fail
Female,Northeast,B.E.,Below 10th,English,2G/Slow,No,8,7,25.3,95.8,5.9,2,6.78,55.3,54.9,4.0,3.0,4.0,3.0,4.0,38.0,1.0,4.0,4.0,5.0,3-5/day,At-Risk
Male,Central,B.Tech,12th Pass,Hindi,4G/Good,Yes,5,7,20.5,78.5,7.1,1,6.04,56.7,52.1,5.0,1.0,4.0,2.0,1.0,63.0,1.0,2.0,3.0,5.0,1-3/day,Pass
Male,East,B.Tech,12th Pass,English,3G/Moderate,No,10,8,11.7,93.7,7.4,2,5.53,38.3,66.2,4.0,2.0,2.0,2.0,4.0,38.0,2.0,3.0,2.0,7.0,5+/day,At-Risk
Female,West,B.E.,Graduate,English,4G/Good,No,3,7,12.0,100.0,5.2,5,7.0,67.6,77.3,5.0,1.0,3.0,5.0,5.0,38.0,4.0,3.0,3.0,1.0,5+/day,Pass
Male,South,B.Tech,12th Pass,Hindi,2G/Slow,No,9,4,18.8,82.0,5.7,0,4.12,71.7,46.7,3.0,1.0,4.0,1.0,5.0,88.0,4.0,3.0,4.0,1.0,3-5/day,Fail
Male,West,B.Tech,Graduate,Regional,4G/Good,No,10,8,24.1,83.9,5.5,2,6.04,71.8,38.9,4.0,2.0,3.0,3.0,3.0,63.0,3.0,4.0,4.0,1.0,1-3/day,Pass
Female,North,B.E.,10th Pass,English,4G/Good,No,7,4,29.0,73.6,5.9,2,5.64,56.8,59.4,4.0,3.0,3.0,1.0,1.0,63.0,4.0,3.0,3.0,5.0,5+/day,Fail
Male,South,B.Tech,10th Pass,English,4G/Good,No,9,7,19.2,94.2,6.8,1,5.14,36.8,56.8,5.0,4.0,3.0,5.0,5.0,88.0,4.0,4.0,4.0,5.0,5+/day,At-Risk
Male,West,MCA,10th Pass,Regional,3G/Moderate,Yes,7,8,17.1,84.5,7.7,2,4.64,31.8,49.1,4.0,3.0,5.0,1.0,2.0,13.0,4.0,3.0,3.0,5.0,5+/day,At-Risk
Female,North,B.E.,Below 10th,English,3G/Moderate,Yes,8,8,16.4,66.9,6.9,3,5.09,56.7,59.1,4.0,3.0,4.0,1.0,4.0,13.0,1.0,2.0,2.0,1.0,3-5/day,At-Risk
Female,West,BCA,10th Pass,Regional,5G/Excellent,No,10,8,12.9,73.4,6.9,4,4.83,40.7,53.9,4.0,2.0,5.0,3.0,1.0,63.0,4.0,4.0,4.0,7.0,5+/day,Fail
Female,Northeast,B.Tech,Below 10th,English,4G/Good,Yes,5,7,17.5,100.0,6.2,5,5.24,52.9,27.0,5.0,2.0,3.0,1.0,4.0,13.0,3.0,2.0,4.0,5.0,5+/day,At-Risk
Male,South,B.Tech,10th Pass,English,4G/Good,No,10,7,14.6,79.1,4.7,3,4.53,29.2,33.3,5.0,1.0,5.0,3.0,3.0,63.0,4.0,1.0,4.0,1.0,3-5/day,Fail
Male,South,B.E.,12th Pass,English,4G/Good,Yes,10,7,15.1,68.8,6.3,1,5.16,46.2,52.8,4.0,2.0,5.0,3.0,1.0,88.0,3.0,3.0,4.0,5.0,1-3/day,Fail
Female,Northeast,MCA,Graduate,English,2G/Slow,No,6,5,22.2,84.3,5.9,5,5.43,47.9,50.3,3.0,4.0,5.0,3.0,4.0,63.0,2.0,4.0,3.0,3.0,3-5/day,Pass
Female,West,MCA,Graduate,Regional,5G/Excellent,No,8,5,7.9,75.6,5.5,2,4.26,41.1,45.1,4.0,2.0,3.0,3.0,4.0,88.0,3.0,4.0,4.0,1.0,5+/day,Fail
Male,South,B.Tech,10th Pass,Regional,4G/Good,Yes,7,6,4.6,79.8,6.5,0,3.99,62.9,40.7,4.0,3.0,5.0,1.0,2.0,13.0,4.0,3.0,3.0,5.0,5+/day,At-Risk
Male,South,BCA,Below 10th,Regional,4G/Good,No,1,8,11.3,88.5,4.2,2,5.47,45.3,49.7,3.0,4.0,4.0,2.0,5.0,63.0,3.0,4.0,4.0,5.0,3-5/day,At-Risk
Male,West,B.Tech,10th Pass,Regional,5G/Excellent,No,10,7,23.5,86.1,5.8,5,4.97,45.6,39.9,3.0,3.0,3.0,3.0,3.0,88.0,2.0,2.0,2.0,7.0,5+/day,At-Risk
Female,East,B.Com,Post-Graduate,Regional,3G/Moderate,No,4,8,20.5,82.4,5.5,2,6.62,61.6,54.3,3.0,2.0,4.0,1.0,4.0,63.0,2.0,3.0,3.0,1.0,5+/day,At-Risk
Male,North,B.Com,12th Pass,Hindi,4G/Good,Yes,8,4,24.6,74.6,5.2,1,7.07,63.7,67.2,3.0,3.0,4.0,1.0,4.0,88.0,2.0,4.0,3.0,1.0,3-5/day,Fail
Female,South,BCA,10th Pass,Regional,5G/Excellent,No,9,4,6.4,60.6,7.4,2,4.32,76.4,28.0,1.0,4.0,2.0,3.0,4.0,63.0,2.0,3.0,4.0,7.0,5+/day,Fail
Male,Central,BCA,Graduate,English,3G/Moderate,No,6,7,21.6,100.0,6.7,0,5.59,55.8,42.7,4.0,3.0,4.0,3.0,3.0,88.0,3.0,4.0,4.0,5.0,5+/day,At-Risk
Female,West,MCA,10th Pass,English,No Access,Yes,4,5,7.9,100.0,7.2,0,5.16,54.9,45.8,3.0,2.0,5.0,1.0,4.0,63.0,1.0,3.0,2.0,3.0,1-3/day,At-Risk
Female,Central,BCA,Graduate,Hindi,4G/Good,Yes,2,6,10.4,82.3,7.1,4,6.01,42.9,55.3,3.0,4.0,2.0,3.0,4.0,38.0,2.0,1.0,3.0,3.0,5+/day,Pass
Female,West,BCA,10th Pass,Regional,No Access,Yes,9,5,8.9,92.0,5.0,4,4.27,46.4,49.6,2.0,2.0,3.0,4.0,4.0,88.0,4.0,3.0,4.0,1.0,5+/day,At-Risk
Male,Central,B.Com,10th Pass,Hindi,5G/Excellent,No,1,8,10.1,81.6,8.1,2,6.48,62.0,87.0,4.0,2.0,3.0,3.0,4.0,63.0,2.0,4.0,3.0,3.0,5+/day,Pass
Female,North,BCA,12th Pass,Regional,2G/Slow,Yes,5,5,36.5,72.7,5.8,0,5.82,65.3,48.3,3.0,2.0,3.0,4.0,1.0,13.0,4.0,3.0,2.0,5.0,3-5/day,At-Risk
Female,West,BCA,Graduate,Hindi,4G/Good,No,8,7,21.7,82.9,8.2,2,5.51,55.6,68.6,4.0,2.0,5.0,2.0,3.0,63.0,3.0,2.0,3.0,3.0,3-5/day,At-Risk
Male,North,MCA,Graduate,Hindi,4G/Good,Yes,4,5,5.1,83.7,5.9,3,5.33,43.3,31.9,3.0,3.0,3.0,2.0,4.0,88.0,3.0,3.0,3.0,3.0,5+/day,At-Risk
Female,West,BCA,12th Pass,Regional,3G/Moderate,Yes,1,4,7.0,99.9,4.6,1,6.4,70.7,100.0,2.0,2.0,2.0,1.0,5.0,88.0,4.0,4.0,4.0,5.0,5+/day,At-Risk
Female,South,BCA,10th Pass,English,5G/Excellent,No,4,7,18.6,83.1,4.9,1,6.69,59.4,68.5,2.0,3.0,3.0,3.0,5.0,13.0,3.0,4.0,4.0,7.0,5+/day,Pass
Female,South,B.Tech,12th Pass,Regional,4G/Good,No,5,7,19.2,100.0,7.9,0,7.06,73.5,38.8,4.0,4.0,4.0,3.0,3.0,88.0,4.0,3.0,3.0,3.0,5+/day,Pass
Female,Northeast,B.E.,Post-Graduate,Hindi,3G/Moderate,No,5,7,13.5,80.1,7.3,3,4.86,43.4,41.3,5.0,4.0,2.0,3.0,3.0,88.0,3.0,1.0,3.0,3.0,5+/day,Pass
Male,Northeast,B.Tech,12th Pass,Hindi,3G/Moderate,No,1,5,29.8,75.2,5.4,0,5.35,36.8,44.8,3.0,4.0,4.0,2.0,5.0,63.0,3.0,4.0,4.0,5.0,3-5/day,At-Risk
Male,North,B.E.,Graduate,Regional,4G/Good,No,2,4,11.8,99.9,6.8,3,6.04,70.6,34.4,5.0,4.0,3.0,1.0,4.0,13.0,3.0,3.0,3.0,7.0,5+/day,Pass
Male,East,B.E.,12th Pass,English,5G/Excellent,No,6,5,24.5,98.7,8.0,5,7.34,74.0,69.6,3.0,2.0,3.0,4.0,1.0,13.0,4.0,3.0,2.0,5.0,3-5/day,Pass
Female,South,B.Com,12th Pass,English,4G/Good,No,10,8,23.7,82.9,8.9,0,5.39,71.6,51.3,5.0,2.0,5.0,5.0,3.0,63.0,3.0,2.0,4.0,7.0,5+/day,At-Risk
Female,South,BCA,12th Pass,Hindi,4G/Good,No,5,6,34.8,86.1,6.7,4,7.59,74.1,71.1,4.0,3.0,4.0,4.0,4.0,88.0,3.0,3.0,4.0,3.0,5+/day,Pass
Female,Northeast,MCA,Graduate,English,3G/Moderate,No,9,6,35.1,85.4,7.0,2,4.62,25.4,48.1,4.0,1.0,5.0,2.0,4.0,63.0,3.0,3.0,3.0,3.0,3-5/day,Fail
Male,South,B.Tech,Graduate,Hindi,5G/Excellent,No,7,6,22.9,84.5,6.3,1,7.48,65.5,50.8,5.0,1.0,4.0,2.0,1.0,88.0,3.0,2.0,3.0,5.0,5+/day,At-Risk
Male,Central,MCA,12th Pass,English,4G/Good,No,5,8,18.3,77.5,6.5,1,5.67,65.1,82.1,3.0,2.0,4.0,1.0,4.0,63.0,2.0,3.0,3.0,1.0,5+/day,At-Risk
Female,North,BCA,12th Pass,Regional,4G/Good,Yes,9,8,20.5,100.0,7.4,5,7.03,70.8,46.7,2.0,5.0,2.0,5.0,5.0,63.0,2.0,2.0,3.0,3.0,3-5/day,Pass
Male,West,BCA,10th Pass,English,4G/Good,Yes,1,8,22.3,77.2,4.9,3,7.26,57.2,49.4,1.0,4.0,5.0,2.0,4.0,88.0,3.0,3.0,4.0,5.0,5+/day,Pass
Male,West,B.Tech,10th Pass,Hindi,4G/Good,Yes,3,4,5.0,88.7,7.5,4,5.96,35.1,74.1,1.0,2.0,5.0,1.0,5.0,13.0,3.0,3.0,3.0,3.0,5+/day,Pass
Female,South,B.E.,Post-Graduate,Regional,5G/Excellent,No,2,7,7.5,84.3,5.9,3,6.42,49.1,54.1,4.0,2.0,5.0,3.0,1.0,88.0,3.0,3.0,4.0,5.0,1-3/day,At-Risk
Male,South,BCA,10th Pass,Regional,4G/Good,Yes,7,8,24.8,51.8,5.4,4,6.88,58.2,44.5,5.0,3.0,4.0,3.0,1.0,38.0,2.0,4.0,2.0,5.0,5+/day,Fail
Male,Northeast,BCA,Graduate,Hindi,5G/Excellent,Yes,9,6,27.6,83.4,5.4,3,5.35,53.2,6.7,5.0,3.0,4.0,3.0,5.0,88.0,3.0,3.0,4.0,7.0,5+/day,Fail
Male,West,B.Com,Graduate,Hindi,4G/Good,No,2,6,28.4,78.6,9.4,0,8.38,92.7,76.9,4.0,2.0,2.0,1.0,4.0,63.0,3.0,3.0,3.0,5.0,5+/day,Pass
Male,South,M.Tech,Graduate,English,4G/Good,No,6,5,16.5,75.3,8.4,5,7.11,59.3,44.6,3.0,2.0,4.0,1.0,4.0,63.0,4.0,4.0,2.0,7.0,5+/day,At-Risk
Other,East,B.Com,Post-Graduate,English,5G/Excellent,Yes,2,7,20.3,69.5,5.2,0,7.81,57.8,53.2,5.0,5.0,4.0,2.0,4.0,88.0,4.0,3.0,1.0,7.0,5+/day,Fail
Male,North,BCA,12th Pass,English,3G/Moderate,No,3,8,14.8,100.0,6.9,1,5.63,45.9,59.4,3.0,2.0,4.0,1.0,4.0,63.0,4.0,4.0,2.0,7.0,5+/day,At-Risk
Male,North,B.Com,Graduate,Regional,4G/Good,Yes,1,7,30.9,68.6,6.8,5,7.45,84.0,45.4,4.0,3.0,4.0,3.0,3.0,88.0,3.0,4.0,4.0,5.0,5+/day,Fail
Male,East,MCA,10th Pass,English,4G/Good,No,6,8,15.3,79.7,9.1,3,4.3,61.0,24.9,4.0,2.0,3.0,2.0,5.0,88.0,2.0,3.0,3.0,7.0,3-5/day,Fail
Female,North,B.Tech,12th Pass,Hindi,5G/Excellent,No,2,6,12.5,75.7,5.8,5,5.6,72.4,80.6,4.0,3.0,4.0,1.0,4.0,38.0,2.0,3.0,4.0,7.0,3-5/day,At-Risk
Male,Northeast,B.E.,Graduate,English,No Access,Yes,3,7,16.9,69.3,3.2,3,5.43,48.8,49.5,1.0,1.0,4.0,2.0,4.0,88.0,2.0,4.0,3.0,7.0,5+/day,Fail
Female,West,B.Tech,10th Pass,Hindi,3G/Moderate,Yes,6,7,15.3,91.2,6.3,0,5.54,40.0,54.4,5.0,3.0,4.0,2.0,2.0,63.0,3.0,3.0,1.0,3.0,5+/day,Pass
Male,Central,B.Tech,Graduate,Hindi,3G/Moderate,Yes,6,8,17.5,87.3,6.1,3,6.2,51.3,48.4,2.0,4.0,5.0,4.0,5.0,13.0,3.0,2.0,3.0,1.0,5+/day,Pass
Male,West,B.Tech,Graduate,Regional,3G/Moderate,Yes,4,8,24.3,76.0,7.2,1,5.71,75.1,65.2,2.0,2.0,3.0,3.0,4.0,38.0,3.0,3.0,3.0,3.0,5+/day,Pass
Male,Central,B.Tech,Graduate,English,3G/Moderate,Yes,1,7,18.9,71.0,7.8,5,7.9,49.1,90.7,4.0,2.0,4.0,3.0,4.0,63.0,3.0,4.0,3.0,3.0,5+/day,At-Risk
Female,East,BCA,10th Pass,English,4G/Good,No,7,8,13.9,88.3,8.2,1,5.83,70.5,52.0,4.0,2.0,5.0,5.0,5.0,63.0,2.0,3.0,4.0,3.0,3-5/day,At-Risk
Female,East,B.E.,Graduate,English,5G/Excellent,No,2,7,13.4,87.2,8.2,3,5.56,31.3,57.0,4.0,3.0,4.0,4.0,4.0,63.0,4.0,4.0,4.0,3.0,1-3/day,At-Risk
Male,Central,B.Tech,10th Pass,English,4G/Good,No,6,5,14.2,80.3,7.5,1,5.91,39.8,51.2,5.0,2.0,3.0,2.0,5.0,88.0,4.0,4.0,2.0,5.0,5+/day,Fail
Female,West,MCA,Graduate,Hindi,3G/Moderate,No,7,7,4.4,99.2,8.1,1,5.76,52.9,38.6,2.0,2.0,2.0,1.0,4.0,88.0,4.0,3.0,4.0,5.0,3-5/day,At-Risk
Female,North,MCA,12th Pass,English,5G/Excellent,No,2,4,24.3,100.0,4.4,3,6.98,63.7,57.1,4.0,3.0,4.0,1.0,2.0,13.0,1.0,4.0,4.0,7.0,5+/day,Pass
Male,West,B.Com,12th Pass,English,4G/Good,Yes,6,7,22.3,75.9,6.1,3,7.15,52.6,68.4,5.0,4.0,1.0,3.0,5.0,63.0,1.0,3.0,3.0,1.0,3-5/day,Pass
Female,Central,BCA,12th Pass,Regional,3G/Moderate,Yes,1,5,28.9,100.0,6.5,0,6.89,63.8,70.1,3.0,2.0,5.0,3.0,3.0,38.0,3.0,3.0,3.0,3.0,3-5/day,Pass
Male,West,B.E.,10th Pass,Hindi,4G/Good,No,6,5,20.7,78.7,7.2,0,6.5,34.7,68.9,4.0,2.0,1.0,2.0,5.0,88.0,1.0,4.0,2.0,1.0,5+/day,At-Risk
Female,East,B.Tech,10th Pass,English,4G/Good,No,8,6,7.5,78.9,5.6,4,4.54,46.2,31.1,2.0,1.0,4.0,4.0,4.0,38.0,3.0,3.0,2.0,5.0,5+/day,At-Risk
Female,West,B.Tech,Below 10th,English,4G/Good,Yes,8,6,19.1,90.6,5.5,3,5.48,43.2,36.5,4.0,5.0,4.0,2.0,4.0,63.0,4.0,2.0,2.0,5.0,5+/day,At-Risk
Female,Central,B.Tech,12th Pass,English,4G/Good,No,7,4,19.3,86.2,6.0,4,4.95,40.4,52.0,4.0,2.0,5.0,3.0,5.0,88.0,4.0,1.0,3.0,7.0,5+/day,Fail
Female,North,B.E.,Graduate,Hindi,2G/Slow,Yes,4,8,23.2,82.4,7.2,3,6.75,56.2,63.0,3.0,5.0,3.0,2.0,3.0,88.0,2.0,3.0,2.0,3.0,1-3/day,Pass
Male,West,B.Com,Below 10th,Hindi,5G/Excellent,No,4,8,30.6,59.0,3.0,4,5.87,57.5,46.8,5.0,1.0,5.0,3.0,3.0,63.0,4.0,1.0,4.0,1.0,3-5/day,Fail
Female,South,B.Tech,Below 10th,Hindi,3G/Moderate,No,5,5,9.4,62.8,6.5,2,3.58,55.8,11.7,4.0,2.0,4.0,3.0,4.0,63.0,3.0,4.0,3.0,3.0,5+/day,Fail
Male,West,B.Tech,12th Pass,English,4G/Good,No,8,5,22.0,66.6,5.4,3,6.14,55.2,56.2,3.0,3.0,4.0,1.0,5.0,63.0,3.0,2.0,4.0,3.0,5+/day,Fail
Male,East,B.Tech,Graduate,Hindi,4G/Good,Yes,4,6,16.8,82.1,5.2,1,7.98,79.9,80.6,5.0,2.0,1.0,1.0,5.0,88.0,4.0,3.0,1.0,5.0,3-5/day,Pass
Female,North,BCA,10th Pass,English,3G/Moderate,Yes,9,5,36.0,75.8,7.0,4,7.31,47.6,72.7,4.0,2.0,5.0,3.0,1.0,63.0,4.0,4.0,4.0,7.0,5+/day,Pass
Female,North,B.E.,10th Pass,Hindi,3G/Moderate,No,3,7,24.2,77.5,6.7,2,6.67,58.9,75.6,4.0,3.0,5.0,2.0,4.0,38.0,3.0,3.0,3.0,5.0,5+/day,Pass
Female,West,B.E.,10th Pass,Regional,2G/Slow,No,9,7,16.2,78.4,6.8,2,3.62,55.1,53.6,4.0,2.0,5.0,3.0,5.0,88.0,4.0,1.0,3.0,7.0,5+/day,Fail
Male,North,B.Tech,10th Pass,English,3G/Moderate,Yes,2,4,27.5,93.7,6.8,0,7.38,66.3,51.6,4.0,2.0,4.0,1.0,4.0,63.0,3.0,1.0,4.0,3.0,5+/day,Pass
Female,South,B.E.,10th Pass,English,3G/Moderate,No,6,7,16.3,91.3,8.6,2,5.12,40.6,58.2,4.0,3.0,4.0,1.0,4.0,13.0,1.0,2.0,2.0,1.0,3-5/day,Pass
Female,Northeast,B.Tech,10th Pass,Regional,4G/Good,No,5,4,22.8,77.0,8.3,4,6.08,57.5,63.1,4.0,3.0,4.0,4.0,4.0,63.0,4.0,4.0,4.0,3.0,1-3/day,Pass
Male,South,B.E.,Graduate,English,4G/Good,Yes,5,6,15.3,78.3,4.4,2,6.13,48.4,73.2,4.0,2.0,2.0,2.0,4.0,38.0,2.0,3.0,2.0,7.0,5+/day,Pass
Male,East,B.Tech,12th Pass,English,4G/Good,No,6,7,18.5,71.6,5.8,2,6.86,79.2,83.7,5.0,3.0,4.0,3.0,1.0,38.0,2.0,4.0,2.0,5.0,5+/day,At-Risk
Male,Central,MCA,Below 10th,Hindi,4G/Good,Yes,10,4,26.9,78.0,5.9,0,4.85,48.8,34.1,3.0,2.0,1.0,3.0,4.0,0.0,2.0,3.0,2.0,3.0,5+/day,Pass
Male,North,BCA,12th Pass,Hindi,5G/Excellent,No,7,8,15.4,97.6,4.2,0,5.87,45.0,44.2,2.0,3.0,4.0,2.0,2.0,38.0,3.0,4.0,2.0,1.0,5+/day,Pass
Other,South,BCA,12th Pass,Regional,5G/Excellent,No,4,4,0.0,93.0,10.6,3,6.98,65.2,57.1,1.0,4.0,3.0,2.0,4.0,13.0,2.0,3.0,2.0,7.0,1-3/day,Pass
Female,East,B.E.,Post-Graduate,English,3G/Moderate,No,4,7,12.7,86.6,6.7,5,8.02,91.6,75.4,4.0,4.0,2.0,4.0,4.0,13.0,1.0,1.0,1.0,3.0,5+/day,Pass
Female,West,B.E.,10th Pass,English,4G/Good,Yes,9,4,28.4,69.1,4.7,1,5.78,51.7,35.8,4.0,1.0,3.0,3.0,5.0,38.0,2.0,2.0,3.0,1.0,3-5/day,Fail
Other,Central,B.Tech,Graduate,English,2G/Slow,No,4,6,29.1,81.4,8.1,2,7.95,70.4,50.9,4.0,5.0,4.0,2.0,5.0,38.0,2.0,2.0,4.0,5.0,5+/day,Pass
Male,Central,B.E.,Graduate,Hindi,2G/Slow,Yes,8,5,13.0,77.4,6.7,1,5.2,39.8,99.6,4.0,1.0,1.0,4.0,5.0,88.0,1.0,3.0,3.0,1.0,5+/day,At-Risk
Female,West,B.E.,10th Pass,English,4G/Good,No,10,8,6.8,80.2,5.4,2,4.23,53.9,38.8,4.0,2.0,4.0,1.0,4.0,88.0,2.0,4.0,3.0,5.0,5+/day,Fail
Male,North,B.E.,Post-Graduate,Hindi,4G/Good,No,1,6,14.7,91.5,7.5,5,7.23,65.7,60.3,4.0,1.0,4.0,4.0,4.0,38.0,3.0,4.0,4.0,1.0,5+/day,Pass
Female,North,BCA,12th Pass,English,4G/Good,No,4,8,24.8,94.9,7.9,0,7.0,55.4,77.0,2.0,2.0,5.0,3.0,5.0,38.0,4.0,2.0,3.0,3.0,5+/day,Pass
Male,South,MCA,Graduate,English,4G/Good,Yes,2,8,16.5,100.0,7.5,4,6.3,68.5,42.3,4.0,1.0,5.0,2.0,4.0,88.0,3.0,4.0,4.0,5.0,5+/day,At-Risk
Female,North,MCA,Below 10th,English,2G/Slow,No,10,4,4.1,71.2,7.3,5,2.83,31.1,16.8,4.0,4.0,5.0,2.0,3.0,38.0,2.0,3.0,3.0,3.0,5+/day,Fail
Male,West,B.Tech,10th Pass,Regional,5G/Excellent,Yes,5,5,22.0,96.8,5.4,3,6.15,73.9,67.9,5.0,3.0,4.0,3.0,1.0,38.0,2.0,4.0,2.0,5.0,5+/day,Pass
Male,West,BCA,12th Pass,Regional,2G/Slow,No,2,4,25.2,80.4,4.0,2,5.67,26.8,65.2,2.0,2.0,3.0,4.0,4.0,88.0,4.0,3.0,4.0,1.0,5+/day,At-Risk
Female,North,B.Tech,10th Pass,Regional,3G/Moderate,Yes,7,4,29.1,73.4,4.7,4,5.49,53.1,43.3,3.0,1.0,3.0,4.0,4.0,63.0,3.0,3.0,3.0,5.0,5+/day,Fail
Male,Northeast,BCA,12th Pass,English,3G/Moderate,Yes,10,7,3.6,100.0,5.8,0,4.4,41.5,48.9,5.0,3.0,4.0,2.0,4.0,63.0,3.0,4.0,4.0,7.0,5+/day,Fail
Female,North,B.E.,10th Pass,English,5G/Excellent,Yes,7,4,26.0,100.0,3.9,5,6.9,56.0,82.0,4.0,3.0,4.0,1.0,4.0,38.0,2.0,3.0,4.0,7.0,3-5/day,Pass
Male,South,B.Tech,12th Pass,English,4G/Good,Yes,9,5,19.3,78.6,9.2,3,6.52,78.8,57.8,4.0,4.0,4.0,2.0,5.0,63.0,3.0,4.0,1.0,5.0,3-5/day,Pass
Female,West,M.Tech,12th Pass,Hindi,4G/Good,Yes,4,6,13.4,73.3,5.0,1,6.64,64.5,53.0,2.0,3.0,3.0,2.0,1.0,63.0,1.0,4.0,3.0,7.0,3-5/day,At-Risk
Male,South,BCA,Below 10th,English,4G/Good,Yes,5,4,6.5,60.9,6.2,3,5.75,55.4,30.2,3.0,4.0,4.0,3.0,5.0,38.0,2.0,2.0,3.0,7.0,5+/day,Fail
Male,South,B.E.,12th Pass,English,4G/Good,No,3,5,5.0,97.1,6.7,1,4.62,66.5,74.7,3.0,1.0,4.0,3.0,5.0,63.0,3.0,4.0,4.0,7.0,3-5/day,At-Risk
Male,North,B.Tech,12th Pass,English,5G/Excellent,No,7,4,12.6,57.4,8.2,2,5.02,51.5,35.5,3.0,2.0,4.0,1.0,3.0,63.0,3.0,3.0,4.0,1.0,5+/day,Fail
Male,South,B.E.,10th Pass,Hindi,4G/Good,Yes,5,8,12.3,80.3,7.2,5,5.77,51.1,65.3,4.0,3.0,4.0,2.0,5.0,13.0,2.0,2.0,2.0,1.0,5+/day,Pass
Male,West,B.Com,Below 10th,English,5G/Excellent,Yes,9,4,17.3,71.3,6.8,1,6.4,65.0,45.8,4.0,3.0,5.0,1.0,2.0,38.0,3.0,3.0,3.0,7.0,5+/day,Fail
Male,Central,BCA,10th Pass,English,4G/Good,No,7,7,28.4,98.7,10.0,1,6.15,19.3,45.5,5.0,4.0,4.0,4.0,4.0,38.0,3.0,1.0,3.0,7.0,5+/day,At-Risk
Male,South,B.Com,10th Pass,English,4G/Good,Yes,4,8,17.5,100.0,8.9,3,7.02,70.8,75.5,4.0,3.0,4.0,4.0,2.0,38.0,2.0,3.0,4.0,5.0,Never,Pass
Male,South,B.Tech,Post-Graduate,English,4G/Good,No,7,5,7.2,61.6,7.1,2,4.32,39.7,46.4,4.0,2.0,2.0,3.0,5.0,0.0,2.0,2.0,3.0,3.0,5+/day,Fail
Female,West,BCA,12th Pass,Hindi,5G/Excellent,No,1,4,10.9,83.0,6.9,0,7.01,46.3,52.6,4.0,2.0,4.0,2.0,5.0,63.0,2.0,3.0,3.0,5.0,5+/day,At-Risk
Female,Central,MCA,Below 10th,Hindi,4G/Good,No,2,8,20.3,85.2,6.3,3,5.79,55.7,51.5,4.0,3.0,5.0,1.0,2.0,38.0,3.0,3.0,3.0,7.0,5+/day,At-Risk
Male,South,B.E.,Below 10th,English,4G/Good,No,3,8,12.7,78.5,7.6,2,5.11,53.8,70.0,4.0,2.0,3.0,3.0,4.0,63.0,2.0,4.0,3.0,3.0,5+/day,At-Risk
Female,South,B.Tech,Below 10th,Regional,4G/Good,No,5,6,17.2,74.3,5.9,5,6.28,79.9,58.7,4.0,2.0,4.0,1.0,4.0,63.0,3.0,1.0,4.0,3.0,5+/day,Fail
Female,West,BCA,12th Pass,English,4G/Good,Yes,5,8,26.1,100.0,5.4,4,8.05,59.9,78.6,1.0,2.0,5.0,1.0,5.0,13.0,3.0,3.0,3.0,3.0,5+/day,Pass
Male,East,BCA,10th Pass,English,3G/Moderate,Yes,7,5,22.5,75.7,8.6,0,7.08,66.5,64.1,3.0,1.0,4.0,2.0,2.0,38.0,3.0,1.0,4.0,7.0,3-5/day,Pass
Female,North,BCA,12th Pass,Hindi,3G/Moderate,Yes,9,4,14.2,100.0,5.4,5,4.41,50.8,35.2,3.0,4.0,3.0,5.0,5.0,63.0,3.0,2.0,3.0,3.0,3-5/day,Pass
Male,West,MCA,10th Pass,Regional,4G/Good,No,10,8,11.1,74.1,6.4,1,4.37,48.2,62.5,3.0,2.0,4.0,3.0,4.0,88.0,3.0,3.0,3.0,5.0,5+/day,Fail
Male,North,MCA,Graduate,Hindi,No Access,No,9,5,31.8,91.3,5.9,4,4.63,49.4,61.5,4.0,2.0,5.0,3.0,1.0,38.0,2.0,3.0,4.0,5.0,5+/day,Pass
Male,East,BCA,10th Pass,English,4G/Good,No,6,6,13.1,92.0,6.4,1,5.55,56.5,81.6,4.0,2.0,4.0,3.0,2.0,63.0,1.0,4.0,4.0,3.0,5+/day,Pass
Female,East,B.Tech,12th Pass,Hindi,4G/Good,Yes,7,4,34.7,74.0,6.8,2,6.18,42.9,54.6,4.0,2.0,5.0,3.0,5.0,88.0,4.0,1.0,3.0,7.0,5+/day,Fail
Female,Northeast,B.E.,Graduate,English,3G/Moderate,No,8,7,29.3,60.7,6.5,0,5.74,65.3,65.9,4.0,5.0,4.0,3.0,5.0,88.0,3.0,3.0,4.0,7.0,5+/day,Fail
Male,South,MCA,12th Pass,Hindi,2G/Slow,Yes,4,8,17.4,71.7,5.2,5,5.48,65.5,56.1,4.0,2.0,4.0,1.0,4.0,0.0,3.0,3.0,3.0,5.0,5+/day,Fail
Male,South,B.Com,Graduate,English,5G/Excellent,No,7,8,9.5,67.8,5.9,0,6.29,53.4,57.2,4.0,3.0,4.0,2.0,5.0,88.0,4.0,3.0,3.0,1.0,5+/day,Fail
Other,North,B.Tech,Graduate,Hindi,4G/Good,No,6,6,18.3,91.9,7.5,3,6.1,54.8,76.4,4.0,3.0,5.0,1.0,2.0,38.0,3.0,3.0,3.0,7.0,5+/day,Pass
Male,Northeast,B.E.,12th Pass,English,3G/Moderate,No,8,5,27.2,77.4,6.8,2,5.49,45.5,62.7,3.0,2.0,3.0,4.0,1.0,13.0,4.0,3.0,2.0,5.0,3-5/day,Pass
Male,North,B.Tech,12th Pass,Hindi,5G/Excellent,No,1,6,15.3,98.5,7.1,1,6.38,37.2,59.6,3.0,3.0,4.0,2.0,5.0,63.0,3.0,4.0,3.0,1.0,5+/day,Pass
Female,South,B.Tech,Post-Graduate,Hindi,4G/Good,No,5,5,8.8,88.9,7.9,1,6.15,63.5,60.6,3.0,4.0,5.0,4.0,5.0,88.0,2.0,4.0,3.0,5.0,5+/day,Pass
Female,North,B.E.,Graduate,English,3G/Moderate,No,3,4,14.1,79.7,7.3,5,6.23,56.2,40.1,1.0,1.0,3.0,4.0,4.0,38.0,1.0,3.0,4.0,7.0,5+/day,Pass
Female,West,BCA,Post-Graduate,Regional,4G/Good,Yes,9,8,20.7,83.0,5.6,1,7.26,72.6,69.2,4.0,2.0,5.0,4.0,1.0,88.0,2.0,3.0,4.0,1.0,3-5/day,Pass
Female,East,B.Tech,10th Pass,Hindi,3G/Moderate,Yes,9,7,21.3,66.1,7.0,1,5.21,54.2,60.5,5.0,1.0,5.0,3.0,3.0,63.0,4.0,1.0,4.0,1.0,3-5/day,Fail
Female,South,MCA,12th Pass,English,5G/Excellent,No,3,6,18.6,79.7,7.0,0,7.35,53.9,59.0,2.0,2.0,5.0,3.0,5.0,38.0,4.0,2.0,3.0,3.0,5+/day,Pass
Male,South,MCA,Post-Graduate,English,4G/Good,No,10,7,14.7,83.7,4.1,0,4.92,44.3,65.3,4.0,4.0,5.0,1.0,4.0,38.0,2.0,3.0,4.0,1.0,5+/day,At-Risk
Male,Northeast,B.Com,10th Pass,Hindi,4G/Good,No,2,7,17.1,77.4,4.0,1,6.9,65.9,61.7,5.0,3.0,4.0,4.0,4.0,88.0,3.0,3.0,3.0,3.0,5+/day,At-Risk
Male,East,B.Tech,Post-Graduate,English,5G/Excellent,Yes,5,8,14.8,75.2,7.2,3,8.17,54.5,69.1,5.0,3.0,4.0,2.0,4.0,63.0,3.0,4.0,4.0,7.0,5+/day,Pass
Female,West,BCA,Below 10th,Regional,No Access,No,4,8,18.9,94.1,5.7,4,5.25,68.6,46.5,3.0,4.0,2.0,3.0,4.0,38.0,2.0,1.0,3.0,3.0,5+/day,Pass
Female,Central,B.E.,Post-Graduate,English,2G/Slow,Yes,7,7,19.8,70.7,5.8,2,5.56,57.8,37.4,3.0,4.0,5.0,3.0,4.0,63.0,2.0,4.0,3.0,3.0,3-5/day,Fail
Male,Central,B.Tech,12th Pass,English,3G/Moderate,No,8,4,16.3,89.0,6.9,1,5.54,43.1,39.8,3.0,2.0,4.0,1.0,4.0,63.0,2.0,3.0,3.0,1.0,5+/day,At-Risk
Female,South,BCA,Below 10th,Regional,No Access,No,4,7,12.1,95.2,6.5,2,5.13,41.8,52.8,1.0,2.0,2.0,3.0,4.0,13.0,3.0,2.0,2.0,5.0,5+/day,Pass
Male,Central,MCA,Graduate,Regional,4G/Good,No,3,5,26.8,87.9,6.4,1,6.09,51.2,58.7,5.0,4.0,1.0,2.0,5.0,63.0,3.0,3.0,2.0,5.0,1-3/day,Pass
Male,North,B.Tech,10th Pass,English,4G/Good,No,9,5,20.1,67.5,8.7,5,5.72,52.6,52.0,3.0,2.0,1.0,1.0,4.0,13.0,4.0,3.0,3.0,3.0,1-3/day,Fail
Female,South,B.Com,Below 10th,Hindi,3G/Moderate,No,8,5,23.0,83.4,6.1,5,5.86,46.2,68.0,4.0,2.0,5.0,3.0,1.0,63.0,4.0,4.0,4.0,7.0,5+/day,At-Risk
Male,Central,MCA,Below 10th,English,2G/Slow,No,7,5,12.8,92.7,6.9,3,3.9,45.5,42.4,4.0,2.0,3.0,5.0,5.0,13.0,3.0,4.0,3.0,7.0,5+/day,At-Risk
Female,South,MCA,Graduate,Hindi,2G/Slow,No,8,6,17.4,78.5,5.6,4,4.16,44.9,47.5,5.0,1.0,4.0,2.0,1.0,63.0,1.0,2.0,3.0,5.0,1-3/day,At-Risk
Male,South,MCA,Post-Graduate,Regional,5G/Excellent,No,8,4,12.7,71.8,8.1,1,4.56,60.1,58.2,5.0,2.0,5.0,2.0,3.0,88.0,3.0,2.0,3.0,7.0,3-5/day,Fail
Female,South,B.E.,Below 10th,English,4G/Good,No,10,6,27.9,71.3,7.0,1,6.67,42.7,64.3,3.0,3.0,3.0,1.0,1.0,63.0,3.0,4.0,4.0,7.0,3-5/day,Fail
Female,East,MCA,12th Pass,English,4G/Good,Yes,8,6,10.4,85.9,9.1,4,6.92,74.0,45.7,4.0,2.0,4.0,1.0,4.0,88.0,2.0,4.0,3.0,5.0,5+/day,At-Risk
Male,South,B.E.,10th Pass,English,3G/Moderate,Yes,1,5,10.9,78.0,6.7,1,7.27,77.9,89.6,2.0,1.0,2.0,2.0,5.0,63.0,4.0,4.0,3.0,1.0,3-5/day,Pass
Other,West,M.Tech,Graduate,English,4G/Good,Yes,4,4,18.5,74.6,7.0,0,8.41,99.9,57.1,4.0,3.0,4.0,4.0,4.0,38.0,1.0,2.0,2.0,1.0,5+/day,Pass
Male,Central,B.Tech,Below 10th,English,2G/Slow,No,10,4,9.8,56.8,6.4,3,3.73,60.7,37.2,4.0,3.0,3.0,1.0,5.0,63.0,2.0,2.0,1.0,3.0,3-5/day,Fail
Male,West,B.Tech,10th Pass,Regional,5G/Excellent,Yes,7,7,27.9,100.0,8.9,0,6.82,55.6,81.5,4.0,2.0,3.0,1.0,5.0,38.0,3.0,3.0,2.0,3.0,5+/day,Pass
Male,North,BCA,10th Pass,English,4G/Good,No,6,6,8.1,78.2,7.1,5,4.86,48.2,47.8,5.0,1.0,4.0,1.0,3.0,38.0,3.0,2.0,3.0,7.0,5+/day,Fail
Female,Central,B.Tech,12th Pass,Hindi,4G/Good,Yes,3,4,16.3,91.8,6.4,3,6.02,100.0,40.5,4.0,5.0,3.0,4.0,4.0,38.0,3.0,2.0,3.0,3.0,5+/day,Pass
Male,South,B.E.,Graduate,Regional,4G/Good,Yes,3,8,15.1,98.1,5.2,0,7.53,51.0,63.3,4.0,2.0,5.0,3.0,3.0,63.0,4.0,3.0,3.0,1.0,1-3/day,Pass
Male,North,B.E.,12th Pass,Hindi,4G/Good,Yes,4,6,20.1,100.0,3.2,5,6.24,74.7,61.9,3.0,3.0,4.0,4.0,5.0,13.0,4.0,3.0,3.0,3.0,5+/day,Pass
Male,North,M.Tech,Below 10th,English,3G/Moderate,No,10,4,12.4,90.2,6.6,0,4.65,53.1,37.1,5.0,2.0,4.0,2.0,4.0,38.0,3.0,3.0,2.0,1.0,5+/day,At-Risk
Male,East,B.E.,12th Pass,English,3G/Moderate,Yes,6,8,19.8,86.0,6.0,5,6.67,64.9,74.1,5.0,4.0,1.0,1.0,4.0,38.0,3.0,3.0,3.0,1.0,5+/day,Pass
Female,North,B.E.,Graduate,Hindi,4G/Good,Yes,1,8,12.0,63.4,3.0,1,6.55,66.2,99.9,1.0,1.0,3.0,4.0,4.0,38.0,1.0,3.0,4.0,7.0,5+/day,At-Risk
Male,North,B.Tech,Below 10th,English,2G/Slow,No,10,8,10.9,57.7,5.9,3,4.24,35.4,50.3,3.0,2.0,4.0,1.0,4.0,63.0,4.0,4.0,2.0,7.0,5+/day,Fail
Male,South,B.E.,Below 10th,Regional,2G/Slow,No,4,5,16.4,53.4,4.9,3,5.31,56.3,70.2,1.0,1.0,3.0,4.0,4.0,38.0,1.0,3.0,4.0,7.0,5+/day,Fail
Male,South,B.E.,10th Pass,English,4G/Good,No,9,7,17.3,80.0,9.0,1,5.5,41.9,65.4,1.0,2.0,5.0,3.0,3.0,38.0,3.0,4.0,3.0,1.0,3-5/day,Pass
Male,East,BCA,Graduate,Hindi,5G/Excellent,No,7,7,16.0,70.0,6.4,5,6.29,64.3,32.5,2.0,1.0,4.0,4.0,4.0,38.0,3.0,3.0,2.0,5.0,5+/day,Fail
Female,Northeast,B.Tech,12th Pass,Hindi,5G/Excellent,No,6,4,15.3,76.2,8.4,3,5.6,46.0,39.5,5.0,4.0,2.0,3.0,3.0,88.0,3.0,1.0,3.0,3.0,5+/day,Pass
Male,West,B.Tech,12th Pass,Hindi,No Access,No,5,4,27.6,99.2,7.2,3,6.02,63.1,62.8,4.0,2.0,3.0,2.0,5.0,38.0,3.0,2.0,2.0,5.0,5+/day,Pass
Other,South,B.E.,10th Pass,English,2G/Slow,No,2,7,20.1,88.2,8.0,1,6.45,54.2,54.8,4.0,5.0,4.0,3.0,5.0,88.0,3.0,3.0,4.0,7.0,5+/day,At-Risk
Male,North,B.E.,10th Pass,English,4G/Good,Yes,2,8,19.7,81.8,10.0,2,9.12,81.4,59.1,4.0,1.0,4.0,2.0,4.0,38.0,3.0,2.0,3.0,5.0,3-5/day,Pass
Male,Central,B.E.,Post-Graduate,Regional,5G/Excellent,Yes,6,4,25.5,84.3,7.7,4,8.36,61.5,79.7,5.0,2.0,3.0,1.0,4.0,13.0,3.0,2.0,4.0,5.0,5+/day,Pass
Female,North,MCA,10th Pass,English,5G/Excellent,Yes,9,5,8.5,73.6,11.3,5,5.87,38.3,72.4,4.0,1.0,5.0,2.0,4.0,38.0,1.0,3.0,2.0,7.0,5+/day,Fail
Male,Northeast,B.Tech,Post-Graduate,English,5G/Excellent,No,9,5,32.6,76.3,7.4,5,6.63,47.8,57.0,4.0,3.0,5.0,1.0,2.0,38.0,3.0,3.0,3.0,7.0,5+/day,Pass
Female,North,B.E.,12th Pass,Hindi,4G/Good,No,1,7,6.2,65.4,8.3,0,5.41,39.5,36.3,2.0,3.0,2.0,3.0,1.0,13.0,1.0,3.0,1.0,1.0,1-3/day,Pass
Other,Central,BCA,Below 10th,Regional,3G/Moderate,No,7,4,26.6,91.3,6.0,3,4.93,65.2,39.1,5.0,3.0,3.0,4.0,5.0,38.0,2.0,4.0,3.0,7.0,5+/day,At-Risk
Male,South,B.Tech,12th Pass,English,2G/Slow,No,7,4,6.2,100.0,4.4,4,5.32,53.8,35.2,5.0,3.0,5.0,3.0,4.0,88.0,3.0,4.0,3.0,5.0,5+/day,Fail
Male,South,BCA,Post-Graduate,Hindi,No Access,No,10,8,17.5,98.3,3.0,1,4.53,39.5,44.6,4.0,3.0,3.0,1.0,5.0,63.0,2.0,2.0,1.0,3.0,3-5/day,Fail
Female,West,B.E.,12th Pass,Hindi,4G/Good,No,2,4,13.7,82.3,7.8,3,6.08,46.0,60.7,4.0,2.0,5.0,5.0,5.0,63.0,2.0,3.0,4.0,3.0,3-5/day,Pass
Male,East,B.E.,Graduate,English,No Access,No,10,7,28.7,93.5,5.8,4,5.66,44.1,58.6,4.0,2.0,5.0,1.0,4.0,63.0,3.0,3.0,3.0,7.0,5+/day,Fail
Male,South,MCA,10th Pass,Hindi,4G/Good,No,4,4,23.4,88.5,6.0,5,6.03,77.1,23.6,2.0,4.0,5.0,4.0,5.0,13.0,3.0,2.0,3.0,1.0,5+/day,Pass
Male,East,B.Tech,12th Pass,Regional,4G/Good,Yes,8,4,16.0,84.1,6.0,5,5.7,72.8,24.0,2.0,3.0,3.0,3.0,5.0,13.0,3.0,4.0,4.0,7.0,5+/day,Pass
Male,West,M.Tech,Graduate,Regional,2G/Slow,No,6,5,21.7,86.2,5.5,0,6.76,60.9,52.8,4.0,3.0,4.0,4.0,5.0,88.0,4.0,4.0,4.0,3.0,5+/day,At-Risk
Female,North,BCA,Post-Graduate,English,5G/Excellent,No,7,7,20.0,66.2,9.0,5,6.06,70.6,84.7,5.0,1.0,4.0,2.0,1.0,63.0,1.0,2.0,3.0,5.0,1-3/day,At-Risk
Male,North,BCA,12th Pass,Hindi,4G/Good,No,10,6,22.9,76.2,5.2,4,4.22,66.0,41.7,3.0,3.0,3.0,2.0,4.0,88.0,3.0,3.0,3.0,3.0,5+/day,At-Risk
Male,South,M.Tech,12th Pass,English,5G/Excellent,No,6,7,16.6,73.8,7.2,2,6.29,43.1,76.0,4.0,2.0,4.0,2.0,3.0,63.0,3.0,3.0,3.0,7.0,3-5/day,Fail
Female,North,MCA,Below 10th,English,5G/Excellent,Yes,9,7,13.1,63.9,7.2,3,4.51,50.8,73.3,3.0,2.0,5.0,2.0,4.0,63.0,4.0,3.0,3.0,5.0,5+/day,Fail
Male,West,BCA,10th Pass,Hindi,3G/Moderate,Yes,10,6,2.8,88.9,4.3,0,4.11,39.9,36.3,4.0,2.0,3.0,1.0,5.0,38.0,2.0,4.0,3.0,1.0,3-5/day,Fail
Male,North,MCA,10th Pass,English,4G/Good,Yes,10,6,15.6,90.4,7.4,0,6.51,51.8,34.0,2.0,3.0,4.0,2.0,2.0,38.0,3.0,4.0,2.0,1.0,5+/day,Pass
Female,South,B.E.,Below 10th,English,2G/Slow,No,9,5,18.9,51.6,4.8,0,4.49,53.0,57.1,2.0,2.0,3.0,3.0,4.0,38.0,3.0,3.0,3.0,3.0,5+/day,Fail
Male,North,B.E.,10th Pass,English,4G/Good,No,6,8,11.0,81.8,6.4,2,5.32,57.3,57.3,5.0,2.0,3.0,2.0,3.0,63.0,4.0,3.0,3.0,7.0,5+/day,At-Risk
Female,East,B.Tech,10th Pass,English,4G/Good,No,6,7,17.5,77.9,5.9,4,5.24,46.0,52.9,5.0,1.0,3.0,5.0,5.0,38.0,4.0,3.0,3.0,1.0,5+/day,At-Risk
Female,North,B.Tech,Post-Graduate,Hindi,5G/Excellent,No,9,7,25.8,74.5,6.6,0,6.19,63.3,55.6,3.0,4.0,5.0,3.0,1.0,38.0,1.0,3.0,3.0,5.0,5+/day,At-Risk
Male,North,MCA,Graduate,English,3G/Moderate,Yes,10,7,18.6,62.2,7.4,2,8.59,72.8,80.7,4.0,2.0,4.0,3.0,4.0,38.0,3.0,3.0,4.0,5.0,3-5/day,Fail
Female,North,B.Tech,12th Pass,Hindi,4G/Good,Yes,9,7,12.8,82.7,5.2,3,7.07,73.2,73.6,4.0,3.0,4.0,5.0,3.0,38.0,2.0,2.0,4.0,7.0,3-5/day,Pass
Male,Central,B.Tech,Post-Graduate,English,5G/Excellent,No,3,5,24.5,82.2,5.6,3,7.13,69.7,96.5,3.0,2.0,4.0,3.0,4.0,88.0,3.0,3.0,3.0,5.0,5+/day,Pass
Male,North,MCA,10th Pass,Hindi,4G/Good,No,7,7,19.5,77.5,4.1,1,5.39,65.6,33.1,4.0,5.0,4.0,2.0,4.0,63.0,4.0,2.0,2.0,5.0,5+/day,At-Risk
Female,West,B.Tech,12th Pass,Regional,2G/Slow,No,3,6,19.3,91.7,4.9,2,3.62,64.4,64.1,2.0,5.0,2.0,5.0,5.0,63.0,2.0,2.0,3.0,3.0,3-5/day,Pass
Female,North,B.Tech,12th Pass,English,4G/Good,No,4,6,15.0,91.2,7.6,0,6.16,43.3,13.7,3.0,4.0,4.0,2.0,5.0,63.0,2.0,3.0,3.0,3.0,5+/day,At-Risk
Male,North,BCA,Below 10th,Hindi,3G/Moderate,Yes,9,4,9.2,59.6,5.9,5,4.85,63.7,47.1,5.0,4.0,4.0,1.0,4.0,63.0,4.0,3.0,2.0,1.0,5+/day,Fail
Female,East,BCA,Graduate,Hindi,No Access,Yes,10,5,19.7,91.2,7.9,2,5.13,44.3,84.5,3.0,4.0,5.0,3.0,1.0,38.0,1.0,3.0,3.0,5.0,5+/day,Pass
Female,South,MCA,Below 10th,Hindi,3G/Moderate,Yes,8,4,20.6,70.5,5.1,2,5.16,42.3,78.3,1.0,2.0,3.0,3.0,1.0,63.0,4.0,3.0,4.0,3.0,5+/day,At-Risk
Female,Central,B.E.,Below 10th,English,3G/Moderate,Yes,6,7,13.0,78.7,5.3,4,5.28,69.9,61.2,5.0,3.0,4.0,2.0,2.0,63.0,3.0,3.0,1.0,3.0,5+/day,Pass
Male,Central,B.E.,10th Pass,Hindi,4G/Good,No,6,5,19.1,100.0,8.2,1,6.6,56.4,72.7,5.0,1.0,5.0,2.0,3.0,63.0,4.0,3.0,3.0,7.0,5+/day,At-Risk
Male,West,BCA,Post-Graduate,English,4G/Good,No,8,5,24.5,81.5,6.8,2,5.15,16.7,37.0,3.0,4.0,3.0,5.0,5.0,63.0,3.0,2.0,3.0,3.0,3-5/day,Pass
Male,East,B.E.,Graduate,English,4G/Good,No,2,8,10.9,94.3,4.3,0,5.84,33.9,53.0,3.0,4.0,4.0,1.0,3.0,88.0,1.0,3.0,4.0,3.0,1-3/day,At-Risk
Female,South,BCA,Graduate,Hindi,No Access,No,5,8,21.0,79.0,5.7,5,5.57,58.9,64.5,4.0,2.0,4.0,3.0,4.0,63.0,3.0,4.0,3.0,3.0,5+/day,At-Risk
Male,South,M.Tech,12th Pass,English,No Access,No,7,4,17.3,93.2,7.8,1,4.65,42.9,45.7,2.0,5.0,2.0,5.0,5.0,63.0,2.0,2.0,3.0,3.0,3-5/day,Pass
Female,Central,B.E.,10th Pass,Hindi,No Access,No,3,4,24.7,81.3,6.2,3,6.21,55.2,68.5,4.0,1.0,5.0,1.0,4.0,63.0,4.0,3.0,4.0,3.0,3-5/day,Fail
Male,East,B.E.,12th Pass,Hindi,3G/Moderate,No,8,6,25.5,78.8,8.3,2,5.68,53.5,60.6,4.0,1.0,5.0,2.0,4.0,88.0,3.0,4.0,4.0,5.0,5+/day,Fail
Male,East,B.Tech,12th Pass,Regional,4G/Good,Yes,3,6,18.4,83.5,4.6,5,5.21,37.8,75.6,2.0,4.0,4.0,5.0,4.0,13.0,4.0,3.0,3.0,1.0,5+/day,Pass
Male,North,BCA,Below 10th,English,4G/Good,No,4,6,18.0,68.6,8.3,4,5.29,66.9,63.4,3.0,1.0,4.0,1.0,5.0,88.0,4.0,3.0,4.0,1.0,3-5/day,Fail
Other,North,B.Tech,Graduate,Regional,5G/Excellent,No,10,5,16.4,75.8,4.7,0,6.25,73.5,72.0,4.0,3.0,4.0,2.0,3.0,88.0,1.0,2.0,3.0,5.0,5+/day,At-Risk
Male,Central,B.E.,Below 10th,Hindi,4G/Good,No,10,7,10.6,89.3,6.9,5,2.92,61.9,36.3,1.0,3.0,5.0,5.0,4.0,0.0,3.0,3.0,4.0,3.0,3-5/day,Pass
Female,South,MCA,10th Pass,English,2G/Slow,No,6,4,20.8,92.1,7.9,2,5.66,44.9,56.1,5.0,2.0,5.0,5.0,5.0,88.0,4.0,3.0,3.0,3.0,5+/day,At-Risk
Male,South,B.E.,Graduate,English,3G/Moderate,No,6,6,18.4,71.1,6.7,4,6.29,54.0,57.0,4.0,3.0,4.0,4.0,4.0,38.0,1.0,2.0,2.0,1.0,5+/day,At-Risk
Male,North,B.Tech,Graduate,Hindi,5G/Excellent,Yes,2,5,12.7,100.0,7.4,3,7.38,58.5,85.2,4.0,3.0,4.0,1.0,4.0,38.0,2.0,3.0,4.0,7.0,3-5/day,Pass
Male,Northeast,MCA,12th Pass,Regional,4G/Good,No,2,8,4.2,100.0,8.0,2,4.85,46.9,41.6,4.0,2.0,4.0,1.0,2.0,13.0,3.0,2.0,3.0,5.0,5+/day,At-Risk
Male,North,B.Tech,12th Pass,Hindi,4G/Good,No,3,7,21.9,70.9,7.2,4,6.42,72.4,58.8,3.0,2.0,4.0,1.0,3.0,63.0,3.0,3.0,3.0,5.0,Never,Fail
Male,Northeast,BCA,10th Pass,Hindi,2G/Slow,No,3,8,15.5,76.5,6.0,5,4.52,37.1,14.2,5.0,3.0,5.0,3.0,4.0,88.0,3.0,4.0,3.0,5.0,5+/day,Fail
Male,North,BCA,Graduate,English,2G/Slow,Yes,4,8,22.8,81.6,6.2,0,7.37,62.5,60.2,4.0,2.0,3.0,1.0,5.0,38.0,2.0,4.0,3.0,1.0,3-5/day,Pass
Male,Central,B.Tech,Graduate,English,2G/Slow,No,4,7,8.5,96.6,5.2,0,5.47,62.8,32.4,1.0,2.0,2.0,3.0,4.0,13.0,3.0,2.0,2.0,5.0,5+/day,Pass
Male,West,B.Com,12th Pass,English,5G/Excellent,No,4,5,18.5,88.9,4.7,3,7.81,57.6,68.6,5.0,5.0,3.0,1.0,3.0,13.0,2.0,3.0,4.0,5.0,3-5/day,Pass
Female,North,B.Tech,Post-Graduate,Hindi,3G/Moderate,No,10,8,17.8,78.3,8.5,1,5.83,59.9,28.5,2.0,2.0,4.0,2.0,3.0,13.0,4.0,4.0,2.0,3.0,5+/day,Pass
Female,East,B.Com,Post-Graduate,English,4G/Good,Yes,10,5,16.5,66.8,7.4,5,6.67,60.1,72.4,3.0,3.0,4.0,1.0,4.0,88.0,2.0,4.0,3.0,1.0,3-5/day,Fail
Male,South,B.Tech,12th Pass,English,4G/Good,No,3,8,29.1,58.5,8.7,2,7.76,91.1,57.4,1.0,2.0,2.0,3.0,4.0,13.0,3.0,2.0,2.0,5.0,5+/day,At-Risk
Female,North,B.Tech,Graduate,English,4G/Good,Yes,1,6,19.1,85.4,7.4,5,6.78,93.2,51.6,1.0,2.0,4.0,4.0,4.0,88.0,4.0,4.0,4.0,5.0,3-5/day,Pass
Female,Northeast,B.Tech,12th Pass,Regional,3G/Moderate,No,9,7,5.9,100.0,6.0,4,4.0,49.6,49.5,3.0,2.0,5.0,3.0,3.0,38.0,3.0,3.0,3.0,3.0,3-5/day,At-Risk
Male,South,B.Tech,12th Pass,Hindi,4G/Good,Yes,2,4,15.2,82.0,4.8,3,6.5,67.3,42.0,4.0,3.0,4.0,4.0,5.0,88.0,4.0,4.0,4.0,3.0,5+/day,At-Risk
Female,South,BCA,Below 10th,English,No Access,No,3,7,6.7,87.0,5.7,3,3.53,43.0,37.9,5.0,3.0,3.0,4.0,5.0,38.0,2.0,4.0,3.0,7.0,5+/day,At-Risk
Female,North,BCA,12th Pass,Regional,5G/Excellent,No,2,8,27.9,84.5,7.5,5,6.74,63.5,72.9,5.0,2.0,4.0,2.0,4.0,38.0,3.0,3.0,2.0,1.0,5+/day,Pass
Male,South,MCA,Post-Graduate,English,No Access,Yes,6,8,19.7,62.3,5.4,5,7.16,75.7,55.4,4.0,3.0,4.0,3.0,3.0,88.0,3.0,4.0,4.0,5.0,5+/day,Fail
Male,Northeast,B.Tech,Graduate,English,2G/Slow,Yes,6,6,16.9,100.0,8.5,4,5.67,56.8,62.7,4.0,2.0,4.0,1.0,4.0,0.0,3.0,3.0,3.0,5.0,5+/day,Pass
Female,South,B.E.,Graduate,English,3G/Moderate,Yes,1,6,8.1,72.5,6.0,1,6.3,78.2,60.8,3.0,3.0,4.0,4.0,5.0,13.0,4.0,3.0,3.0,3.0,5+/day,At-Risk
Female,Central,BCA,10th Pass,English,5G/Excellent,No,4,7,19.2,72.4,4.7,5,7.39,64.6,88.3,4.0,3.0,4.0,1.0,4.0,63.0,3.0,3.0,4.0,5.0,3-5/day,Fail
Male,Central,B.E.,10th Pass,English,3G/Moderate,No,10,4,25.3,87.6,6.0,1,5.48,60.2,67.5,5.0,4.0,5.0,2.0,4.0,38.0,3.0,3.0,3.0,5.0,5+/day,At-Risk
Male,North,BCA,10th Pass,Hindi,4G/Good,No,5,7,22.1,73.4,6.8,3,6.82,57.6,87.3,4.0,2.0,4.0,1.0,4.0,63.0,3.0,1.0,4.0,3.0,5+/day,Fail
Male,North,BCA,10th Pass,Hindi,No Access,No,6,4,21.9,66.4,9.1,3,5.44,68.9,41.6,3.0,3.0,1.0,1.0,1.0,88.0,4.0,3.0,3.0,5.0,1-3/day,Fail
Female,Northeast,B.Tech,12th Pass,Hindi,2G/Slow,No,5,5,28.0,93.6,6.7,3,5.76,45.0,59.1,3.0,2.0,4.0,2.0,2.0,13.0,3.0,3.0,3.0,1.0,5+/day,Pass
Female,South,MCA,10th Pass,Hindi,4G/Good,No,3,8,28.7,83.5,5.6,3,7.25,69.4,71.7,5.0,2.0,5.0,2.0,4.0,88.0,1.0,3.0,4.0,5.0,5+/day,At-Risk
Other,North,BCA,12th Pass,Regional,3G/Moderate,No,3,5,18.8,93.5,8.6,3,6.76,60.9,46.1,4.0,3.0,4.0,2.0,3.0,88.0,1.0,2.0,3.0,5.0,5+/day,Pass
Male,South,BCA,12th Pass,English,4G/Good,Yes,3,7,22.1,77.6,8.2,2,8.61,76.7,67.7,5.0,4.0,4.0,1.0,4.0,63.0,4.0,3.0,2.0,1.0,5+/day,Pass
Female,East,B.Tech,10th Pass,Hindi,4G/Good,No,6,4,30.0,76.5,6.3,2,6.19,41.8,90.4,3.0,2.0,3.0,2.0,1.0,63.0,2.0,4.0,2.0,7.0,3-5/day,Pass
Female,West,B.Tech,Below 10th,Hindi,5G/Excellent,Yes,4,4,11.0,85.0,4.1,2,5.14,60.2,61.1,5.0,2.0,5.0,1.0,1.0,38.0,4.0,4.0,3.0,7.0,3-5/day,At-Risk
Male,North,B.E.,Graduate,Regional,2G/Slow,No,4,5,21.3,86.2,5.6,0,6.1,29.7,71.1,5.0,4.0,4.0,4.0,4.0,38.0,3.0,1.0,3.0,7.0,5+/day,Pass
Male,North,B.Tech,Below 10th,English,4G/Good,Yes,3,6,10.8,74.3,7.6,2,6.29,59.3,60.1,4.0,2.0,3.0,3.0,4.0,63.0,2.0,4.0,3.0,3.0,5+/day,Fail
Other,Central,B.Tech,Below 10th,English,5G/Excellent,Yes,4,6,15.4,72.9,8.4,5,5.63,35.5,46.9,3.0,4.0,4.0,3.0,5.0,38.0,2.0,2.0,3.0,7.0,5+/day,At-Risk
Female,West,MCA,Graduate,Hindi,4G/Good,Yes,8,5,27.4,92.9,6.7,2,7.53,63.4,56.8,4.0,2.0,2.0,4.0,3.0,13.0,3.0,2.0,3.0,3.0,5+/day,Pass
Male,East,BCA,Post-Graduate,Hindi,2G/Slow,No,3,6,12.1,86.0,6.4,5,6.15,52.2,24.1,2.0,4.0,4.0,5.0,4.0,13.0,4.0,3.0,3.0,1.0,5+/day,Pass
Female,West,BCA,Graduate,English,4G/Good,Yes,10,4,25.6,85.3,5.7,1,6.42,55.6,29.4,4.0,2.0,5.0,3.0,1.0,88.0,3.0,3.0,4.0,5.0,1-3/day,At-Risk
Male,South,B.Tech,Below 10th,Hindi,5G/Excellent,No,3,7,13.7,58.3,7.6,3,5.9,80.5,59.5,3.0,1.0,4.0,1.0,4.0,63.0,3.0,3.0,4.0,5.0,5+/day,Fail
Female,West,B.Com,10th Pass,English,4G/Good,Yes,6,6,25.7,85.1,5.0,4,7.27,75.1,92.5,3.0,2.0,4.0,1.0,3.0,63.0,3.0,3.0,4.0,1.0,5+/day,Pass
Female,South,B.Tech,Post-Graduate,Regional,5G/Excellent,Yes,1,4,28.2,86.5,5.7,5,8.01,71.0,43.5,3.0,2.0,5.0,1.0,5.0,88.0,3.0,3.0,3.0,7.0,3-5/day,At-Risk
Male,North,MCA,Graduate,English,4G/Good,Yes,10,7,11.7,78.2,8.6,1,6.33,62.5,59.5,5.0,4.0,1.0,1.0,4.0,38.0,3.0,3.0,3.0,1.0,5+/day,Pass
Other,West,B.Com,12th Pass,English,2G/Slow,Yes,6,4,22.5,88.8,8.0,0,6.72,44.6,51.1,3.0,2.0,1.0,3.0,4.0,0.0,2.0,3.0,2.0,3.0,5+/day,Pass
Female,South,BCA,10th Pass,English,2G/Slow,No,9,8,25.8,73.7,8.7,1,5.63,24.5,66.4,5.0,1.0,4.0,1.0,3.0,38.0,3.0,2.0,3.0,7.0,5+/day,Fail
Male,Central,B.Com,Below 10th,English,No Access,Yes,3,7,15.0,86.1,5.5,4,6.51,77.8,32.7,4.0,2.0,3.0,5.0,5.0,13.0,3.0,4.0,3.0,7.0,5+/day,Pass
Female,South,BCA,Below 10th,English,3G/Moderate,Yes,2,8,22.0,63.7,4.6,1,5.6,57.2,35.3,4.0,2.0,5.0,3.0,1.0,38.0,1.0,3.0,3.0,3.0,3-5/day,At-Risk
Male,Central,B.Tech,12th Pass,Hindi,5G/Excellent,Yes,3,6,9.6,92.9,8.7,1,7.4,81.6,61.2,2.0,4.0,5.0,1.0,2.0,63.0,3.0,3.0,3.0,5.0,5+/day,Pass
Male,Central,B.Tech,Below 10th,Regional,4G/Good,Yes,3,6,33.3,72.7,7.6,2,6.95,67.1,84.1,3.0,4.0,5.0,3.0,4.0,63.0,2.0,4.0,3.0,3.0,3-5/day,At-Risk
Male,North,B.Tech,Post-Graduate,English,4G/Good,No,2,4,12.8,87.2,8.0,0,7.02,67.2,41.9,4.0,4.0,5.0,1.0,5.0,38.0,1.0,3.0,4.0,5.0,3-5/day,Pass
Male,West,B.Tech,10th Pass,Hindi,4G/Good,No,4,5,16.0,96.9,7.6,5,7.01,62.9,59.7,4.0,1.0,5.0,3.0,2.0,38.0,3.0,3.0,3.0,1.0,5+/day,Pass
Female,South,BCA,Graduate,English,4G/Good,Yes,8,4,17.1,93.8,9.3,2,7.19,84.5,52.0,2.0,2.0,2.0,1.0,5.0,88.0,4.0,4.0,4.0,5.0,5+/day,At-Risk
Male,Central,B.Tech,10th Pass,English,3G/Moderate,Yes,7,8,18.6,87.2,7.6,4,5.49,46.9,35.1,4.0,4.0,3.0,2.0,4.0,38.0,3.0,3.0,3.0,1.0,3-5/day,Pass
Female,South,MCA,12th Pass,English,5G/Excellent,No,10,7,21.1,91.9,6.8,0,6.02,64.9,59.2,5.0,2.0,5.0,2.0,4.0,88.0,1.0,3.0,4.0,5.0,5+/day,Fail
Female,West,B.E.,Below 10th,English,4G/Good,Yes,9,5,21.0,99.9,7.0,5,6.35,62.2,57.5,5.0,2.0,4.0,3.0,4.0,63.0,4.0,3.0,3.0,5.0,5+/day,At-Risk
Male,South,B.E.,Graduate,Hindi,4G/Good,No,8,4,10.2,83.4,6.8,5,5.68,70.3,17.9,3.0,2.0,3.0,2.0,4.0,63.0,4.0,3.0,3.0,5.0,5+/day,At-Risk
Female,North,B.Com,12th Pass,English,5G/Excellent,No,7,8,9.3,93.6,8.9,4,6.0,81.7,39.9,4.0,1.0,5.0,3.0,2.0,38.0,3.0,3.0,3.0,1.0,5+/day,Pass
Male,North,B.Tech,Below 10th,Regional,4G/Good,Yes,6,8,29.9,67.9,8.4,4,6.3,39.7,37.5,5.0,3.0,4.0,2.0,5.0,13.0,1.0,4.0,1.0,7.0,5+/day,Fail
Male,South,BCA,Graduate,Hindi,5G/Excellent,Yes,3,6,26.1,73.3,8.9,5,7.53,55.8,51.3,1.0,2.0,5.0,1.0,5.0,13.0,3.0,3.0,3.0,3.0,5+/day,At-Risk
Male,West,MCA,12th Pass,Hindi,5G/Excellent,Yes,10,4,8.9,100.0,3.5,1,3.51,51.1,26.4,4.0,1.0,3.0,2.0,3.0,88.0,3.0,3.0,3.0,7.0,3-5/day,Fail
Male,East,B.Tech,Post-Graduate,Regional,3G/Moderate,No,4,4,20.8,79.0,6.2,1,7.03,65.9,86.8,5.0,3.0,4.0,2.0,5.0,13.0,1.0,4.0,1.0,7.0,5+/day,Pass
Male,West,B.E.,Post-Graduate,Regional,2G/Slow,Yes,8,8,23.7,75.7,5.2,1,5.52,59.6,45.0,2.0,3.0,4.0,3.0,4.0,88.0,2.0,3.0,4.0,5.0,5+/day,At-Risk
Female,South,B.E.,Post-Graduate,Hindi,5G/Excellent,No,2,4,32.4,78.6,9.3,1,7.83,61.7,54.7,4.0,3.0,4.0,4.0,2.0,38.0,2.0,3.0,4.0,5.0,Never,Pass
Male,East,MCA,Below 10th,Hindi,4G/Good,No,6,6,14.7,73.5,5.4,0,4.66,47.8,72.0,5.0,4.0,4.0,1.0,4.0,63.0,4.0,3.0,2.0,1.0,5+/day,Fail
Male,North,BCA,Below 10th,English,No Access,Yes,1,5,25.2,80.0,7.4,5,7.39,45.3,55.3,4.0,3.0,2.0,3.0,3.0,88.0,4.0,2.0,4.0,5.0,3-5/day,Pass
Female,Northeast,B.E.,Post-Graduate,Hindi,4G/Good,Yes,7,8,23.1,69.4,9.5,2,5.36,41.2,54.7,3.0,4.0,4.0,2.0,5.0,63.0,3.0,4.0,4.0,5.0,3-5/day,Fail
Female,Central,MCA,12th Pass,Hindi,4G/Good,No,4,6,13.2,75.2,7.0,0,4.78,66.2,44.1,3.0,2.0,3.0,4.0,1.0,13.0,4.0,3.0,2.0,5.0,3-5/day,Pass
Female,South,B.Tech,10th Pass,Regional,4G/Good,Yes,1,6,15.6,82.9,6.0,1,6.89,53.8,82.5,4.0,2.0,5.0,2.0,3.0,63.0,3.0,2.0,3.0,3.0,3-5/day,Pass
Male,North,MCA,Graduate,English,5G/Excellent,Yes,5,7,12.7,100.0,6.8,3,4.67,62.0,44.8,3.0,2.0,5.0,1.0,5.0,88.0,3.0,3.0,3.0,7.0,3-5/day,At-Risk
Female,North,M.Tech,10th Pass,English,5G/Excellent,No,5,5,20.5,81.5,4.5,4,6.14,51.1,46.4,5.0,3.0,4.0,3.0,5.0,88.0,3.0,3.0,4.0,7.0,5+/day,At-Risk
Female,West,M.Tech,Graduate,English,5G/Excellent,Yes,6,6,7.2,61.3,4.3,5,5.68,55.0,44.6,2.0,2.0,4.0,2.0,3.0,63.0,1.0,2.0,4.0,5.0,5+/day,Fail
Female,East,MCA,Graduate,Regional,No Access,No,8,7,16.5,94.1,7.4,1,4.21,47.3,50.5,4.0,4.0,5.0,1.0,4.0,38.0,2.0,3.0,4.0,1.0,5+/day,At-Risk
Female,West,B.E.,Graduate,English,4G/Good,Yes,4,7,15.5,91.7,3.0,1,6.84,52.4,69.2,4.0,1.0,1.0,4.0,5.0,88.0,1.0,3.0,3.0,1.0,5+/day,Pass
Male,South,B.Com,10th Pass,Hindi,3G/Moderate,No,7,4,3.7,72.5,6.4,4,4.81,57.5,61.2,4.0,3.0,4.0,4.0,2.0,38.0,2.0,3.0,4.0,5.0,Never,At-Risk
Male,West,B.E.,12th Pass,English,3G/Moderate,No,4,6,20.2,91.5,6.3,4,5.41,74.1,44.3,5.0,3.0,4.0,3.0,5.0,88.0,3.0,3.0,4.0,7.0,5+/day,At-Risk
Male,West,BCA,12th Pass,English,5G/Excellent,Yes,2,8,22.7,80.4,9.5,2,8.17,81.0,53.2,1.0,2.0,5.0,1.0,5.0,13.0,3.0,3.0,3.0,3.0,5+/day,Pass
Male,South,B.Tech,12th Pass,English,4G/Good,Yes,8,4,7.9,99.3,7.3,0,5.85,41.5,51.9,4.0,3.0,4.0,3.0,4.0,38.0,1.0,4.0,4.0,5.0,3-5/day,Pass
Female,East,B.Com,10th Pass,Hindi,5G/Excellent,Yes,5,5,18.0,100.0,6.1,5,8.1,75.3,74.6,3.0,2.0,3.0,2.0,4.0,88.0,4.0,1.0,1.0,1.0,1-3/day,Pass
Male,North,BCA,12th Pass,English,No Access,No,10,8,8.4,86.8,7.9,4,4.63,63.1,65.7,5.0,4.0,2.0,3.0,3.0,88.0,3.0,1.0,3.0,3.0,5+/day,Pass
Female,South,MCA,12th Pass,Hindi,5G/Excellent,No,4,8,18.9,91.2,6.8,5,6.05,49.9,52.7,1.0,2.0,5.0,1.0,5.0,13.0,3.0,3.0,3.0,3.0,5+/day,Pass
Female,Central,B.Tech,12th Pass,Regional,2G/Slow,Yes,2,7,26.2,100.0,4.9,0,7.46,69.8,78.1,5.0,5.0,4.0,2.0,4.0,88.0,4.0,3.0,1.0,7.0,5+/day,Pass
Male,South,MCA,Graduate,Regional,3G/Moderate,No,7,6,14.4,93.5,7.0,5,4.34,35.3,28.3,4.0,5.0,4.0,2.0,4.0,63.0,4.0,2.0,2.0,5.0,5+/day,At-Risk
Male,Northeast,MCA,12th Pass,Hindi,4G/Good,No,5,7,15.9,87.5,6.8,1,4.41,38.2,46.0,3.0,1.0,3.0,4.0,4.0,63.0,3.0,3.0,3.0,5.0,5+/day,At-Risk
Female,East,BCA,10th Pass,Hindi,4G/Good,No,9,7,32.8,80.7,6.7,3,7.09,61.1,41.9,3.0,2.0,5.0,3.0,4.0,38.0,3.0,3.0,2.0,1.0,5+/day,Pass
Female,North,B.Tech,Graduate,English,4G/Good,Yes,7,6,12.8,68.4,7.2,3,6.02,59.4,52.1,4.0,5.0,4.0,2.0,5.0,38.0,2.0,2.0,4.0,5.0,5+/day,At-Risk
Male,East,B.E.,Graduate,Regional,5G/Excellent,No,9,6,11.5,78.7,8.1,2,5.99,72.3,71.5,4.0,2.0,4.0,3.0,4.0,38.0,3.0,3.0,4.0,5.0,3-5/day,At-Risk
Male,East,B.Tech,10th Pass,English,4G/Good,No,10,6,18.0,79.2,7.1,2,5.04,46.8,61.5,2.0,2.0,2.0,1.0,5.0,88.0,4.0,4.0,4.0,5.0,5+/day,Fail
Female,South,B.E.,12th Pass,Hindi,3G/Moderate,No,10,7,34.9,82.3,4.6,2,6.38,56.6,45.5,4.0,3.0,2.0,3.0,3.0,88.0,4.0,2.0,4.0,5.0,3-5/day,At-Risk
Female,North,B.Tech,Below 10th,English,3G/Moderate,Yes,5,6,19.8,60.0,4.3,3,5.38,67.0,43.8,4.0,3.0,4.0,2.0,5.0,13.0,2.0,2.0,2.0,1.0,5+/day,At-Risk
Male,South,B.Tech,10th Pass,English,4G/Good,Yes,6,6,13.4,77.7,6.0,4,5.08,47.4,32.7,5.0,1.0,5.0,2.0,2.0,38.0,3.0,1.0,3.0,5.0,5+/day,At-Risk
Female,North,B.Tech,Post-Graduate,English,4G/Good,No,8,8,22.2,78.9,5.8,4,7.08,73.7,57.3,5.0,2.0,5.0,2.0,3.0,88.0,3.0,2.0,3.0,7.0,3-5/day,At-Risk
Male,North,B.Tech,Post-Graduate,Hindi,4G/Good,No,10,7,23.2,65.3,7.1,4,7.08,53.0,74.7,4.0,3.0,5.0,1.0,2.0,38.0,3.0,3.0,3.0,7.0,5+/day,Fail
Male,South,B.Tech,12th Pass,Hindi,3G/Moderate,Yes,6,6,22.2,86.9,8.5,1,5.57,53.8,29.3,3.0,3.0,4.0,1.0,4.0,88.0,2.0,4.0,3.0,1.0,3-5/day,At-Risk
Male,South,B.Com,Graduate,Hindi,4G/Good,No,4,7,23.5,93.1,8.9,0,7.54,85.7,77.4,4.0,2.0,5.0,4.0,1.0,88.0,2.0,3.0,4.0,1.0,3-5/day,Pass
Male,Central,B.E.,Graduate,English,2G/Slow,Yes,2,5,24.6,82.0,5.5,1,6.9,44.6,24.7,4.0,2.0,1.0,2.0,5.0,88.0,1.0,4.0,2.0,1.0,5+/day,At-Risk
Male,South,B.E.,Post-Graduate,Regional,4G/Good,Yes,6,4,17.1,67.1,3.9,5,6.91,62.5,34.9,1.0,2.0,3.0,3.0,1.0,63.0,4.0,3.0,4.0,3.0,5+/day,At-Risk
Male,West,B.E.,12th Pass,English,4G/Good,Yes,9,8,17.1,80.8,6.6,2,6.49,45.9,27.5,1.0,2.0,2.0,3.0,4.0,13.0,3.0,2.0,2.0,5.0,5+/day,Pass
Male,East,BCA,12th Pass,English,3G/Moderate,Yes,8,8,23.9,90.8,8.2,2,6.86,69.1,55.4,4.0,2.0,1.0,3.0,5.0,38.0,4.0,3.0,4.0,7.0,5+/day,Pass
Male,West,B.Com,12th Pass,Hindi,5G/Excellent,No,3,7,0.9,90.4,5.9,4,4.59,54.5,35.0,3.0,2.0,5.0,1.0,5.0,88.0,3.0,3.0,3.0,7.0,3-5/day,Fail
Male,South,B.Tech,Below 10th,Regional,4G/Good,Yes,5,6,0.0,81.4,6.6,1,5.3,33.9,69.6,4.0,1.0,4.0,2.0,4.0,38.0,3.0,4.0,3.0,1.0,5+/day,At-Risk
Other,Central,B.Tech,12th Pass,English,4G/Good,Yes,6,7,13.8,86.9,6.3,1,6.11,54.3,60.5,5.0,2.0,4.0,1.0,2.0,38.0,4.0,3.0,3.0,1.0,1-3/day,Pass
Male,East,B.Com,Graduate,Hindi,4G/Good,No,7,4,15.6,74.4,8.9,4,5.59,33.0,39.1,2.0,2.0,2.0,1.0,5.0,88.0,4.0,4.0,4.0,5.0,5+/day,Fail
Male,Northeast,B.E.,Graduate,Hindi,5G/Excellent,Yes,2,8,22.9,90.9,10.0,0,8.0,72.4,67.8,5.0,1.0,5.0,4.0,2.0,38.0,4.0,3.0,3.0,3.0,5+/day,Pass
Female,South,B.Tech,Graduate,Regional,4G/Good,No,6,8,14.6,77.1,7.5,0,5.54,60.5,44.6,4.0,3.0,4.0,2.0,5.0,88.0,4.0,3.0,3.0,1.0,5+/day,At-Risk
Other,North,B.Tech,Below 10th,English,4G/Good,No,2,4,26.2,72.8,7.5,1,7.56,77.9,61.7,3.0,4.0,2.0,4.0,4.0,88.0,1.0,4.0,3.0,1.0,5+/day,Pass
Male,West,B.Tech,12th Pass,English,3G/Moderate,Yes,8,7,19.0,93.4,4.4,1,6.18,70.6,55.8,4.0,2.0,2.0,1.0,4.0,63.0,3.0,3.0,3.0,5.0,5+/day,At-Risk
Female,North,B.Com,Below 10th,English,2G/Slow,Yes,7,8,12.5,83.6,5.9,0,5.91,63.1,71.1,4.0,1.0,5.0,2.0,4.0,38.0,1.0,3.0,2.0,7.0,5+/day,At-Risk
Female,East,B.Tech,10th Pass,English,3G/Moderate,No,2,6,26.8,83.0,7.8,3,7.72,57.5,92.5,4.0,2.0,5.0,3.0,1.0,63.0,4.0,4.0,4.0,7.0,5+/day,Pass
Female,North,B.Com,Post-Graduate,English,5G/Excellent,No,4,7,19.9,88.4,7.1,3,7.8,75.2,80.2,4.0,4.0,4.0,3.0,3.0,88.0,4.0,3.0,3.0,3.0,5+/day,Pass
Male,West,B.Com,12th Pass,Regional,4G/Good,No,7,6,8.9,81.2,7.3,2,3.89,50.1,32.1,4.0,2.0,4.0,1.0,4.0,88.0,2.0,4.0,3.0,5.0,5+/day,Fail
Female,Central,BCA,Graduate,English,5G/Excellent,No,9,5,23.4,70.8,3.9,1,5.32,57.5,49.5,5.0,1.0,4.0,3.0,5.0,63.0,3.0,4.0,3.0,3.0,5+/day,Fail
Male,South,B.Tech,Below 10th,Regional,3G/Moderate,No,3,4,23.3,79.3,3.3,0,4.53,36.4,40.7,3.0,3.0,4.0,1.0,4.0,88.0,2.0,4.0,3.0,1.0,3-5/day,Fail
Female,Northeast,B.Tech,12th Pass,English,4G/Good,Yes,10,8,9.1,64.1,9.4,4,4.04,50.9,18.2,3.0,4.0,4.0,2.0,4.0,63.0,1.0,4.0,3.0,1.0,5+/day,Fail
Female,East,B.E.,Graduate,Regional,5G/Excellent,No,10,4,18.8,96.1,6.3,4,3.39,65.2,41.0,1.0,4.0,2.0,3.0,4.0,63.0,2.0,3.0,4.0,7.0,5+/day,Pass
Male,East,B.E.,Below 10th,Hindi,2G/Slow,Yes,8,4,22.2,68.7,4.0,3,4.13,68.2,54.7,3.0,1.0,4.0,1.0,5.0,88.0,4.0,3.0,4.0,1.0,3-5/day,Fail
Female,Central,BCA,10th Pass,English,4G/Good,Yes,9,6,6.3,100.0,6.3,0,5.09,65.1,25.6,4.0,3.0,5.0,1.0,2.0,38.0,3.0,3.0,3.0,7.0,5+/day,At-Risk
Male,Central,B.E.,Below 10th,Hindi,5G/Excellent,Yes,8,8,25.4,72.5,4.3,3,5.75,48.9,43.2,3.0,2.0,5.0,2.0,4.0,63.0,4.0,3.0,3.0,5.0,5+/day,Fail
Female,West,B.Com,Graduate,English,5G/Excellent,No,4,5,13.2,89.4,4.8,3,6.83,50.6,47.9,4.0,2.0,3.0,2.0,5.0,88.0,2.0,3.0,3.0,7.0,3-5/day,At-Risk
Male,South,B.E.,Post-Graduate,English,5G/Excellent,No,4,4,11.9,100.0,5.4,1,7.17,56.6,66.9,5.0,2.0,3.0,2.0,4.0,88.0,4.0,3.0,2.0,7.0,5+/day,At-Risk
Male,East,BCA,Graduate,English,5G/Excellent,Yes,7,6,16.0,85.1,4.3,1,6.41,62.2,65.4,4.0,2.0,4.0,2.0,3.0,63.0,3.0,4.0,2.0,7.0,5+/day,At-Risk
Male,North,M.Tech,Post-Graduate,English,4G/Good,Yes,4,6,22.9,78.1,3.0,0,7.0,76.0,88.5,5.0,1.0,5.0,4.0,2.0,38.0,4.0,3.0,3.0,3.0,5+/day,Pass
Female,South,B.Tech,Graduate,Hindi,3G/Moderate,Yes,10,8,25.0,82.4,7.6,2,6.58,71.4,60.1,5.0,2.0,5.0,5.0,5.0,88.0,4.0,3.0,3.0,3.0,5+/day,At-Risk
Male,East,B.Tech,Graduate,Regional,4G/Good,Yes,10,7,29.7,71.6,5.6,1,5.37,47.3,64.1,3.0,1.0,3.0,1.0,2.0,88.0,1.0,4.0,3.0,3.0,5+/day,Fail
Male,Northeast,B.Tech,12th Pass,English,5G/Excellent,No,7,7,11.7,57.7,7.9,2,4.79,39.8,47.1,4.0,2.0,3.0,1.0,5.0,38.0,3.0,3.0,2.0,3.0,5+/day,Fail
Male,Central,B.Tech,12th Pass,Regional,4G/Good,No,9,5,20.6,89.2,6.6,3,6.19,49.8,51.5,2.0,4.0,1.0,5.0,5.0,63.0,3.0,4.0,4.0,5.0,5+/day,Pass
Female,South,B.E.,12th Pass,Regional,3G/Moderate,No,9,6,22.8,57.7,3.8,5,3.71,33.1,36.7,1.0,3.0,5.0,5.0,4.0,0.0,3.0,3.0,4.0,3.0,3-5/day,Fail
Female,North,B.Tech,Graduate,English,4G/Good,No,9,7,21.4,65.6,6.5,3,5.63,70.2,60.5,5.0,4.0,3.0,2.0,4.0,88.0,1.0,3.0,3.0,3.0,5+/day,Fail
Male,Northeast,B.E.,10th Pass,English,4G/Good,No,10,4,11.1,82.7,8.6,0,4.35,37.2,40.9,5.0,1.0,5.0,4.0,2.0,38.0,4.0,3.0,3.0,3.0,5+/day,Fail
Male,North,B.Com,Below 10th,English,3G/Moderate,Yes,10,5,19.8,74.1,6.4,0,6.26,69.5,37.2,3.0,2.0,5.0,3.0,4.0,38.0,3.0,3.0,2.0,1.0,5+/day,Fail
Male,West,B.Tech,Post-Graduate,Hindi,4G/Good,No,6,4,20.3,87.9,5.4,5,6.34,30.8,58.6,3.0,4.0,2.0,4.0,4.0,88.0,1.0,4.0,3.0,1.0,5+/day,Pass
Male,North,B.E.,Below 10th,English,4G/Good,No,1,7,13.6,100.0,4.3,3,7.3,69.5,67.6,5.0,5.0,4.0,2.0,4.0,88.0,4.0,3.0,1.0,7.0,5+/day,Pass
Male,South,B.Tech,Post-Graduate,English,4G/Good,No,8,6,21.4,78.9,5.6,2,6.78,51.3,58.8,5.0,2.0,4.0,1.0,4.0,63.0,4.0,1.0,4.0,1.0,3-5/day,At-Risk
Female,Central,B.Tech,Graduate,Hindi,3G/Moderate,No,6,7,19.5,74.7,4.8,2,6.1,22.6,55.3,2.0,4.0,5.0,1.0,2.0,63.0,3.0,3.0,3.0,5.0,5+/day,Fail
Male,North,B.E.,10th Pass,Hindi,3G/Moderate,No,7,5,8.5,100.0,5.8,3,4.61,28.8,52.2,4.0,2.0,5.0,5.0,5.0,63.0,2.0,3.0,4.0,3.0,3-5/day,At-Risk
Male,South,B.Com,Graduate,English,4G/Good,Yes,2,5,22.4,90.2,3.2,4,6.34,57.4,52.0,3.0,2.0,5.0,2.0,4.0,63.0,4.0,3.0,3.0,5.0,5+/day,At-Risk
Male,South,B.E.,Graduate,Regional,4G/Good,Yes,3,4,18.8,93.1,4.7,4,7.67,77.6,71.4,4.0,4.0,5.0,2.0,5.0,63.0,3.0,3.0,4.0,7.0,5+/day,Pass
Other,Central,B.Tech,10th Pass,Hindi,3G/Moderate,No,6,4,4.8,92.1,7.4,2,3.87,50.8,45.8,5.0,3.0,4.0,3.0,1.0,88.0,3.0,2.0,2.0,7.0,5+/day,At-Risk
Female,Northeast,B.E.,Graduate,English,3G/Moderate,No,3,5,15.9,79.0,6.7,4,7.37,84.5,67.7,3.0,4.0,5.0,4.0,5.0,88.0,2.0,4.0,3.0,5.0,5+/day,Pass
Female,North,B.Tech,Graduate,Hindi,3G/Moderate,No,5,4,18.9,77.5,6.0,5,6.83,54.3,74.7,4.0,2.0,1.0,2.0,5.0,88.0,1.0,4.0,2.0,1.0,5+/day,Pass
Male,North,B.Tech,10th Pass,English,4G/Good,Yes,4,8,13.0,70.6,4.6,5,5.54,56.4,59.7,4.0,4.0,3.0,4.0,5.0,38.0,3.0,2.0,1.0,3.0,5+/day,At-Risk
Male,West,BCA,Below 10th,Hindi,5G/Excellent,No,5,5,20.2,90.7,9.0,1,6.17,72.4,30.4,4.0,2.0,2.0,1.0,4.0,88.0,3.0,3.0,2.0,5.0,5+/day,At-Risk
Male,South,B.Tech,10th Pass,English,4G/Good,No,8,4,16.0,86.6,9.8,0,5.22,68.1,61.2,3.0,1.0,4.0,3.0,5.0,63.0,3.0,4.0,4.0,7.0,3-5/day,Fail
Male,West,B.E.,10th Pass,English,5G/Excellent,No,4,7,25.2,89.8,4.6,0,7.88,80.3,84.6,4.0,4.0,3.0,2.0,4.0,38.0,3.0,3.0,3.0,1.0,3-5/day,Pass
Male,North,BCA,Below 10th,English,4G/Good,No,9,6,19.9,59.5,7.8,4,7.22,79.4,80.7,4.0,4.0,3.0,2.0,4.0,38.0,3.0,3.0,3.0,1.0,3-5/day,Fail
Female,North,B.E.,Graduate,English,4G/Good,Yes,3,8,31.3,93.2,4.7,3,7.18,66.9,82.5,4.0,3.0,4.0,4.0,5.0,88.0,4.0,4.0,4.0,3.0,5+/day,Pass
Female,West,B.Tech,10th Pass,Hindi,3G/Moderate,No,7,8,7.9,76.5,7.3,1,3.99,41.7,49.3,4.0,4.0,3.0,2.0,4.0,38.0,3.0,3.0,3.0,1.0,3-5/day,At-Risk
Female,North,B.Com,Graduate,Hindi,4G/Good,No,7,6,20.2,56.8,3.0,4,6.48,48.1,61.0,5.0,5.0,4.0,2.0,4.0,88.0,4.0,3.0,1.0,7.0,5+/day,Fail
Male,Northeast,B.E.,10th Pass,English,4G/Good,No,1,6,18.1,66.4,5.6,5,6.31,48.5,51.0,1.0,3.0,4.0,3.0,4.0,38.0,2.0,3.0,3.0,3.0,1-3/day,At-Risk
Female,North,MCA,12th Pass,English,4G/Good,Yes,3,7,20.9,76.0,6.8,3,6.14,61.0,36.9,5.0,3.0,4.0,2.0,4.0,63.0,3.0,4.0,4.0,7.0,5+/day,At-Risk
Male,North,B.Tech,12th Pass,Regional,4G/Good,No,10,6,27.2,73.4,7.1,5,5.33,34.2,57.5,3.0,3.0,4.0,1.0,4.0,63.0,3.0,1.0,4.0,7.0,1-3/day,Fail
Male,Central,B.E.,Graduate,English,2G/Slow,No,1,8,8.0,82.2,5.0,3,5.55,68.1,52.4,4.0,2.0,4.0,3.0,4.0,38.0,3.0,3.0,4.0,5.0,3-5/day,At-Risk
Female,South,B.E.,12th Pass,English,3G/Moderate,No,8,7,22.3,87.5,7.4,2,5.65,55.6,41.8,3.0,3.0,4.0,1.0,4.0,63.0,3.0,1.0,4.0,7.0,1-3/day,At-Risk
Male,West,B.Tech,10th Pass,Hindi,5G/Excellent,No,10,6,20.4,80.6,6.4,1,4.9,66.6,61.0,4.0,2.0,3.0,3.0,4.0,88.0,3.0,4.0,4.0,1.0,5+/day,At-Risk
Male,North,B.Tech,Graduate,Regional,3G/Moderate,Yes,5,7,11.6,76.3,4.3,1,4.67,44.0,37.6,3.0,2.0,4.0,1.0,4.0,63.0,2.0,3.0,3.0,1.0,5+/day,At-Risk
Male,East,B.E.,10th Pass,Regional,3G/Moderate,No,4,7,26.3,83.7,4.8,2,7.26,63.0,71.5,1.0,1.0,4.0,2.0,4.0,88.0,2.0,4.0,3.0,7.0,5+/day,At-Risk
Female,West,M.Tech,Below 10th,Hindi,5G/Excellent,No,3,4,18.4,83.9,9.0,3,6.66,53.7,59.8,4.0,1.0,4.0,2.0,4.0,38.0,3.0,2.0,3.0,5.0,3-5/day,At-Risk
Female,South,BCA,12th Pass,English,4G/Good,No,7,6,12.8,97.2,6.8,3,7.04,53.6,80.2,2.0,2.0,4.0,4.0,5.0,38.0,4.0,3.0,3.0,7.0,5+/day,Pass
Male,Northeast,B.Tech,Graduate,Hindi,2G/Slow,Yes,8,4,21.0,74.7,5.8,5,5.0,48.8,73.6,1.0,3.0,5.0,5.0,4.0,0.0,3.0,3.0,4.0,3.0,3-5/day,Pass
Female,East,BCA,Below 10th,English,2G/Slow,Yes,8,8,24.7,80.7,4.2,4,5.11,58.5,60.6,2.0,2.0,1.0,1.0,4.0,88.0,4.0,3.0,3.0,1.0,5+/day,At-Risk
Male,South,M.Tech,12th Pass,English,3G/Moderate,No,1,7,20.2,100.0,5.6,0,7.43,62.9,51.7,4.0,3.0,4.0,1.0,4.0,63.0,3.0,3.0,4.0,5.0,3-5/day,At-Risk
Male,East,BCA,12th Pass,Hindi,4G/Good,Yes,7,8,15.0,67.4,6.8,5,4.9,54.4,45.8,3.0,5.0,3.0,2.0,3.0,88.0,2.0,3.0,2.0,3.0,1-3/day,At-Risk
Female,East,B.Tech,Post-Graduate,Hindi,4G/Good,No,5,7,12.4,77.6,7.1,2,7.05,52.8,70.2,4.0,2.0,4.0,1.0,4.0,0.0,3.0,3.0,3.0,5.0,5+/day,Pass
Female,North,M.Tech,10th Pass,English,3G/Moderate,Yes,2,6,12.3,71.0,6.7,4,5.86,37.4,51.0,4.0,3.0,4.0,4.0,5.0,88.0,4.0,4.0,4.0,3.0,5+/day,Fail
Other,South,B.Tech,10th Pass,English,5G/Excellent,No,8,5,23.6,67.0,5.5,1,6.11,68.9,72.5,4.0,2.0,2.0,1.0,4.0,63.0,3.0,3.0,3.0,5.0,5+/day,Fail
Male,South,B.E.,12th Pass,Regional,2G/Slow,No,2,6,24.6,84.7,3.6,1,5.82,74.2,53.3,2.0,2.0,4.0,1.0,4.0,13.0,3.0,1.0,4.0,7.0,5+/day,At-Risk
Female,South,B.E.,10th Pass,Regional,3G/Moderate,No,6,7,16.2,98.0,6.4,1,5.41,59.9,59.7,4.0,2.0,4.0,1.0,4.0,88.0,2.0,4.0,3.0,5.0,5+/day,Fail
Female,West,M.Tech,Graduate,Hindi,5G/Excellent,Yes,5,5,34.3,100.0,6.4,0,9.15,61.0,84.1,5.0,5.0,5.0,4.0,5.0,88.0,4.0,4.0,4.0,3.0,5+/day,Pass
Female,East,B.Com,12th Pass,English,2G/Slow,Yes,6,5,16.3,81.5,5.2,2,4.79,45.9,56.9,3.0,5.0,4.0,3.0,5.0,88.0,4.0,3.0,3.0,5.0,3-5/day,At-Risk
Male,Central,B.Com,Graduate,Regional,5G/Excellent,Yes,10,6,17.5,88.1,6.2,5,5.08,42.2,38.9,2.0,1.0,4.0,4.0,4.0,38.0,3.0,3.0,2.0,5.0,5+/day,At-Risk
Female,South,B.Tech,Graduate,Hindi,4G/Good,No,8,8,15.2,88.5,6.6,0,5.95,57.4,76.6,2.0,2.0,5.0,3.0,5.0,38.0,4.0,2.0,3.0,3.0,5+/day,At-Risk
Female,South,B.Com,Post-Graduate,Hindi,2G/Slow,No,9,6,17.2,79.5,7.0,3,5.66,40.5,56.4,4.0,2.0,5.0,5.0,5.0,63.0,2.0,3.0,4.0,3.0,3-5/day,At-Risk
Male,West,B.Tech,12th Pass,English,4G/Good,No,3,7,17.7,97.4,7.7,3,6.34,73.2,54.3,4.0,1.0,3.0,3.0,5.0,38.0,2.0,2.0,3.0,1.0,3-5/day,Pass
Male,East,B.Tech,Post-Graduate,English,4G/Good,No,3,8,22.1,80.0,3.0,1,6.84,59.0,40.3,2.0,1.0,2.0,2.0,5.0,63.0,4.0,4.0,3.0,1.0,3-5/day,At-Risk
Male,East,B.E.,10th Pass,English,5G/Excellent,No,7,7,16.6,95.0,7.2,2,3.5,47.5,20.4,1.0,1.0,4.0,2.0,4.0,88.0,2.0,4.0,3.0,7.0,5+/day,Fail
Female,North,B.E.,Graduate,English,4G/Good,Yes,3,8,22.2,77.7,4.1,4,7.95,78.5,59.2,3.0,2.0,4.0,1.0,3.0,63.0,3.0,3.0,3.0,5.0,Never,Pass
Female,South,BCA,12th Pass,English,4G/Good,Yes,10,4,6.8,68.2,4.9,3,5.71,52.4,45.4,5.0,4.0,1.0,1.0,4.0,38.0,3.0,3.0,3.0,1.0,5+/day,Fail
Female,South,B.E.,Graduate,Hindi,2G/Slow,No,5,8,13.6,68.9,8.1,4,5.43,35.4,34.8,3.0,2.0,5.0,3.0,4.0,38.0,3.0,3.0,2.0,1.0,5+/day,Fail
Female,Central,B.Com,12th Pass,English,4G/Good,Yes,10,4,15.8,62.6,4.6,5,4.87,66.8,41.9,4.0,2.0,3.0,1.0,5.0,38.0,3.0,3.0,2.0,3.0,5+/day,Fail
Male,South,B.Tech,Graduate,Regional,3G/Moderate,No,4,7,16.2,97.2,7.8,4,6.44,82.6,72.6,2.0,2.0,3.0,3.0,4.0,38.0,3.0,3.0,3.0,3.0,5+/day,Pass
Male,Central,B.Tech,Post-Graduate,English,2G/Slow,Yes,9,6,5.2,97.3,5.6,5,5.5,46.3,58.3,4.0,2.0,3.0,1.0,5.0,38.0,3.0,3.0,2.0,3.0,5+/day,At-Risk
Male,West,B.Com,Graduate,Hindi,5G/Excellent,Yes,8,7,24.3,73.4,8.8,5,6.47,45.2,42.3,3.0,2.0,3.0,2.0,1.0,63.0,2.0,4.0,2.0,7.0,3-5/day,At-Risk
Male,South,B.Tech,Graduate,Hindi,3G/Moderate,No,9,6,7.7,69.2,4.4,3,5.62,71.3,68.2,5.0,4.0,4.0,4.0,4.0,38.0,3.0,1.0,3.0,7.0,5+/day,Fail
Male,East,BCA,Below 10th,Hindi,2G/Slow,No,6,4,13.6,72.7,6.4,4,5.59,51.7,67.7,4.0,3.0,4.0,3.0,5.0,88.0,4.0,4.0,2.0,7.0,5+/day,Fail
Male,Northeast,BCA,10th Pass,English,4G/Good,No,2,6,17.8,84.1,3.0,4,6.12,46.0,35.0,4.0,2.0,2.0,1.0,4.0,63.0,3.0,3.0,3.0,5.0,5+/day,At-Risk
Male,Central,B.E.,Post-Graduate,Hindi,5G/Excellent,No,8,7,32.3,70.8,6.6,5,5.37,38.2,71.7,5.0,4.0,4.0,1.0,4.0,63.0,4.0,3.0,2.0,1.0,5+/day,Fail
Male,North,BCA,Graduate,Regional,2G/Slow,Yes,1,7,17.6,88.6,4.0,5,6.44,70.5,67.8,3.0,4.0,5.0,4.0,5.0,88.0,2.0,4.0,3.0,5.0,5+/day,Pass
Male,South,B.Tech,12th Pass,Regional,2G/Slow,Yes,5,7,21.1,78.4,6.1,4,6.09,53.7,70.8,5.0,1.0,5.0,3.0,4.0,63.0,1.0,3.0,3.0,3.0,5+/day,At-Risk
Male,South,M.Tech,10th Pass,Hindi,2G/Slow,No,2,8,7.6,95.0,5.2,0,6.85,72.4,47.5,3.0,3.0,4.0,3.0,2.0,38.0,1.0,2.0,4.0,7.0,5+/day,Pass
Male,North,B.Tech,Below 10th,Regional,No Access,No,7,7,12.2,90.1,9.2,5,4.18,39.9,40.5,5.0,3.0,4.0,2.0,4.0,63.0,3.0,4.0,4.0,7.0,5+/day,Fail
Female,East,B.E.,10th Pass,English,4G/Good,Yes,5,8,13.1,68.5,5.8,2,4.66,31.4,41.2,4.0,2.0,5.0,3.0,1.0,38.0,1.0,3.0,3.0,3.0,3-5/day,At-Risk
Female,Northeast,B.Tech,12th Pass,Regional,4G/Good,No,10,5,14.3,66.9,9.0,1,4.02,39.9,34.1,4.0,2.0,3.0,5.0,5.0,13.0,3.0,4.0,3.0,7.0,5+/day,Fail
Female,South,B.E.,10th Pass,Regional,4G/Good,No,3,4,25.1,84.5,5.0,0,6.05,38.6,46.9,4.0,2.0,4.0,1.0,4.0,88.0,2.0,4.0,3.0,5.0,5+/day,Fail
Male,West,BCA,10th Pass,Hindi,4G/Good,Yes,7,5,14.2,79.8,3.0,4,5.78,53.9,41.8,4.0,2.0,4.0,4.0,1.0,63.0,3.0,3.0,3.0,3.0,1-3/day,Pass
Female,West,B.Com,12th Pass,Regional,5G/Excellent,No,3,5,22.3,97.3,7.6,0,7.01,53.9,70.6,4.0,1.0,5.0,1.0,4.0,63.0,4.0,3.0,4.0,3.0,3-5/day,At-Risk
Female,South,BCA,12th Pass,Hindi,4G/Good,No,6,8,12.6,86.7,4.7,0,4.98,39.2,52.5,1.0,4.0,5.0,2.0,4.0,88.0,3.0,3.0,4.0,5.0,5+/day,At-Risk
Female,North,B.E.,10th Pass,English,5G/Excellent,Yes,4,8,16.0,76.5,8.2,2,5.46,64.9,68.2,2.0,2.0,1.0,1.0,4.0,88.0,4.0,3.0,3.0,1.0,5+/day,Pass
Male,West,B.Com,12th Pass,Regional,4G/Good,No,10,4,1.2,100.0,6.3,2,3.94,41.3,10.0,3.0,3.0,3.0,1.0,1.0,63.0,3.0,4.0,4.0,7.0,3-5/day,Fail
Female,Northeast,B.E.,Post-Graduate,Hindi,4G/Good,No,2,4,17.5,76.9,7.4,4,6.21,32.7,62.9,4.0,3.0,4.0,2.0,3.0,88.0,1.0,3.0,4.0,5.0,5+/day,At-Risk
Female,West,BCA,12th Pass,Hindi,4G/Good,No,9,4,17.9,65.9,7.8,5,4.96,47.0,41.2,2.0,2.0,3.0,4.0,4.0,88.0,4.0,3.0,4.0,1.0,5+/day,Fail
Female,North,BCA,Graduate,Hindi,4G/Good,No,6,7,16.6,79.5,9.8,0,7.44,81.2,58.0,3.0,2.0,5.0,1.0,4.0,63.0,1.0,3.0,2.0,3.0,1-3/day,At-Risk
Female,North,B.E.,Post-Graduate,Regional,5G/Excellent,Yes,5,7,31.8,72.3,8.1,2,8.33,89.3,66.0,4.0,1.0,4.0,2.0,4.0,38.0,3.0,4.0,3.0,1.0,5+/day,At-Risk
Male,North,MCA,Below 10th,Hindi,2G/Slow,Yes,5,4,17.5,93.8,6.8,2,4.7,53.2,81.3,3.0,3.0,3.0,3.0,3.0,88.0,2.0,2.0,2.0,7.0,5+/day,Pass
Female,East,B.Tech,Below 10th,English,4G/Good,No,8,8,0.0,68.4,7.8,0,4.55,37.2,37.0,4.0,1.0,5.0,3.0,2.0,38.0,3.0,3.0,3.0,1.0,5+/day,Fail
Male,West,BCA,12th Pass,Hindi,4G/Good,No,5,5,9.5,92.2,7.6,2,4.55,48.4,55.5,5.0,2.0,5.0,2.0,3.0,88.0,3.0,2.0,3.0,7.0,3-5/day,Fail
Female,North,BCA,12th Pass,Regional,4G/Good,Yes,8,4,17.7,78.9,7.3,3,4.88,54.8,74.2,3.0,2.0,3.0,4.0,1.0,13.0,4.0,3.0,2.0,5.0,3-5/day,Pass
Male,Northeast,B.Com,12th Pass,Hindi,4G/Good,Yes,8,4,17.4,63.0,9.5,2,5.37,74.2,35.4,3.0,4.0,5.0,4.0,5.0,88.0,2.0,4.0,3.0,5.0,5+/day,Fail
Male,East,M.Tech,10th Pass,Regional,4G/Good,No,1,5,12.3,87.1,6.2,4,5.98,45.5,55.2,4.0,2.0,2.0,4.0,3.0,13.0,3.0,2.0,3.0,3.0,5+/day,Pass
Male,West,B.E.,12th Pass,Regional,3G/Moderate,No,4,6,10.9,96.2,6.7,4,6.06,51.0,38.0,2.0,2.0,2.0,1.0,4.0,88.0,4.0,3.0,4.0,5.0,3-5/day,At-Risk
Female,Central,BCA,Below 10th,Hindi,5G/Excellent,Yes,9,4,27.7,83.2,5.6,1,6.16,58.0,46.2,5.0,2.0,5.0,1.0,1.0,38.0,4.0,4.0,3.0,7.0,3-5/day,At-Risk
Male,North,B.E.,Post-Graduate,English,4G/Good,No,2,4,24.9,79.7,10.6,1,8.32,63.2,76.4,2.0,2.0,3.0,2.0,3.0,63.0,3.0,3.0,2.0,7.0,5+/day,Pass
Female,Central,B.E.,10th Pass,English,4G/Good,Yes,4,7,25.9,100.0,6.0,0,8.09,67.9,67.8,3.0,2.0,4.0,1.0,4.0,63.0,4.0,4.0,2.0,7.0,5+/day,Pass
Female,North,B.Com,Post-Graduate,Hindi,No Access,Yes,4,5,13.6,96.4,7.0,5,7.19,58.9,39.9,3.0,4.0,5.0,3.0,1.0,38.0,1.0,3.0,3.0,5.0,5+/day,Pass
Male,South,B.Com,Below 10th,English,3G/Moderate,Yes,1,4,22.9,91.3,5.1,4,6.86,78.4,69.0,4.0,2.0,1.0,3.0,5.0,38.0,4.0,3.0,4.0,7.0,5+/day,Pass
Male,Northeast,M.Tech,10th Pass,Regional,3G/Moderate,No,10,4,0.0,57.9,5.9,1,2.32,33.1,59.0,5.0,1.0,4.0,4.0,5.0,88.0,3.0,2.0,4.0,3.0,3-5/day,Fail
Male,Central,B.Tech,10th Pass,Regional,4G/Good,No,10,6,15.1,73.6,8.0,0,5.06,52.7,58.3,4.0,2.0,2.0,1.0,4.0,88.0,3.0,3.0,2.0,5.0,5+/day,Fail
Female,East,M.Tech,Post-Graduate,English,3G/Moderate,No,7,5,14.1,79.4,6.3,1,6.95,62.1,54.6,4.0,3.0,4.0,3.0,3.0,88.0,3.0,4.0,4.0,5.0,5+/day,At-Risk
Female,East,B.Com,Below 10th,Hindi,No Access,Yes,1,4,16.2,87.6,8.3,2,6.53,50.9,45.2,2.0,2.0,2.0,1.0,4.0,88.0,4.0,3.0,4.0,5.0,3-5/day,At-Risk
Male,West,B.E.,12th Pass,Hindi,3G/Moderate,No,5,6,18.8,92.8,7.7,3,6.84,77.3,61.8,4.0,3.0,1.0,5.0,5.0,38.0,3.0,4.0,2.0,5.0,1-3/day,Pass
Male,Northeast,B.E.,Graduate,English,3G/Moderate,Yes,8,4,16.8,69.5,6.3,1,6.04,62.9,41.4,3.0,3.0,4.0,1.0,2.0,63.0,3.0,3.0,4.0,3.0,5+/day,Fail
Female,North,MCA,Graduate,English,3G/Moderate,No,4,8,10.1,89.0,5.2,2,6.81,66.3,78.2,5.0,3.0,4.0,3.0,5.0,88.0,3.0,3.0,4.0,7.0,5+/day,At-Risk
Female,Northeast,BCA,10th Pass,Regional,3G/Moderate,No,5,6,12.8,68.0,6.9,3,3.9,55.0,40.3,2.0,4.0,5.0,4.0,5.0,13.0,3.0,2.0,3.0,1.0,5+/day,At-Risk
Female,East,B.Com,Post-Graduate,English,4G/Good,Yes,10,8,21.6,90.5,6.9,1,7.97,65.4,45.3,5.0,3.0,5.0,3.0,4.0,88.0,3.0,4.0,3.0,5.0,5+/day,At-Risk
Female,South,B.E.,Graduate,English,4G/Good,Yes,3,4,20.5,68.8,6.5,4,7.23,85.0,56.8,4.0,2.0,2.0,2.0,4.0,38.0,2.0,3.0,2.0,7.0,5+/day,At-Risk
Male,South,BCA,12th Pass,English,4G/Good,No,5,6,29.1,96.9,7.0,3,6.05,53.0,47.9,3.0,4.0,5.0,3.0,4.0,63.0,2.0,4.0,3.0,3.0,3-5/day,Pass
Male,East,MCA,12th Pass,English,5G/Excellent,No,3,5,20.2,85.1,5.4,5,6.21,70.9,68.5,4.0,4.0,3.0,4.0,5.0,63.0,4.0,4.0,4.0,5.0,Never,Pass
Male,Central,B.E.,Post-Graduate,Hindi,4G/Good,Yes,4,7,28.4,77.4,7.5,5,8.15,58.7,75.1,4.0,1.0,4.0,2.0,4.0,38.0,3.0,2.0,3.0,5.0,3-5/day,Pass
Male,East,M.Tech,Post-Graduate,English,5G/Excellent,No,3,4,7.9,85.6,7.1,2,7.8,68.9,68.7,3.0,3.0,3.0,1.0,3.0,13.0,4.0,3.0,3.0,3.0,5+/day,Pass
Male,Central,B.E.,12th Pass,Regional,3G/Moderate,Yes,5,6,22.1,74.1,5.4,4,6.05,70.1,47.2,5.0,4.0,4.0,4.0,4.0,38.0,3.0,1.0,3.0,7.0,5+/day,At-Risk
Male,North,B.E.,Graduate,English,4G/Good,Yes,2,8,23.3,82.3,5.8,2,7.46,70.8,40.9,3.0,3.0,4.0,3.0,2.0,38.0,1.0,2.0,4.0,7.0,5+/day,Pass
Male,West,B.Tech,10th Pass,Hindi,4G/Good,No,9,6,21.4,70.0,6.4,5,5.79,73.2,74.0,3.0,4.0,2.0,4.0,4.0,88.0,1.0,4.0,3.0,1.0,5+/day,At-Risk
Female,Northeast,B.E.,10th Pass,English,4G/Good,No,3,5,9.6,85.6,5.8,1,3.97,37.5,43.8,3.0,1.0,4.0,1.0,4.0,63.0,3.0,3.0,4.0,5.0,5+/day,Fail
Female,West,BCA,10th Pass,Regional,4G/Good,Yes,10,6,20.2,79.0,5.3,2,5.42,60.0,73.5,4.0,2.0,4.0,2.0,3.0,63.0,3.0,4.0,2.0,7.0,5+/day,At-Risk
Female,East,B.Com,10th Pass,Hindi,3G/Moderate,Yes,1,8,15.5,79.5,8.1,0,5.52,40.1,58.1,2.0,1.0,2.0,2.0,5.0,63.0,4.0,4.0,3.0,1.0,3-5/day,At-Risk
Female,East,B.Tech,Graduate,Regional,4G/Good,No,5,4,22.0,81.5,7.8,2,5.4,60.2,38.6,2.0,4.0,4.0,5.0,4.0,13.0,4.0,3.0,3.0,1.0,5+/day,Pass
Male,Northeast,B.E.,12th Pass,Regional,4G/Good,No,4,8,17.4,71.3,7.4,2,4.47,45.2,53.9,3.0,2.0,5.0,1.0,4.0,63.0,1.0,3.0,2.0,3.0,1-3/day,Fail
Female,Northeast,B.Tech,10th Pass,Hindi,No Access,No,2,8,14.0,100.0,4.7,4,5.09,36.1,31.8,2.0,4.0,4.0,2.0,3.0,38.0,2.0,3.0,4.0,3.0,5+/day,Pass
Male,North,BCA,12th Pass,Regional,4G/Good,No,8,8,34.0,79.5,9.3,2,6.08,58.9,31.0,5.0,1.0,4.0,3.0,5.0,63.0,3.0,4.0,3.0,3.0,5+/day,Fail
Female,Northeast,B.Com,10th Pass,English,4G/Good,No,9,7,12.8,95.2,7.0,3,4.38,63.4,56.7,2.0,4.0,5.0,1.0,2.0,63.0,3.0,3.0,3.0,5.0,5+/day,At-Risk
Male,South,BCA,Post-Graduate,Hindi,3G/Moderate,Yes,6,4,20.0,68.0,6.3,2,7.1,64.1,53.7,4.0,3.0,3.0,1.0,5.0,63.0,2.0,2.0,1.0,3.0,3-5/day,Fail
Other,South,BCA,Graduate,English,No Access,No,8,7,21.9,55.0,7.7,5,4.17,48.6,63.4,4.0,4.0,3.0,1.0,3.0,63.0,3.0,4.0,3.0,3.0,5+/day,Fail
Male,Northeast,BCA,10th Pass,Regional,5G/Excellent,Yes,2,6,15.9,85.1,6.3,1,6.35,61.1,43.0,4.0,1.0,4.0,2.0,4.0,38.0,3.0,2.0,3.0,5.0,3-5/day,At-Risk
Male,South,B.Tech,Post-Graduate,Regional,5G/Excellent,No,6,4,26.0,94.8,3.0,0,6.78,62.6,83.7,4.0,2.0,5.0,1.0,4.0,63.0,3.0,3.0,3.0,7.0,5+/day,At-Risk
Female,Northeast,BCA,10th Pass,Regional,2G/Slow,No,1,4,24.0,96.6,6.9,0,5.39,42.1,66.9,3.0,3.0,4.0,2.0,5.0,88.0,2.0,3.0,3.0,7.0,5+/day,At-Risk
Male,South,BCA,Graduate,English,5G/Excellent,No,10,6,6.2,93.2,8.1,5,5.2,56.9,60.9,4.0,5.0,4.0,3.0,5.0,88.0,3.0,3.0,4.0,7.0,5+/day,At-Risk
Female,North,BCA,Post-Graduate,English,4G/Good,No,3,6,22.3,79.5,7.1,2,7.75,58.9,63.8,5.0,3.0,5.0,3.0,4.0,88.0,3.0,4.0,3.0,5.0,5+/day,At-Risk
Female,East,M.Tech,10th Pass,English,5G/Excellent,No,7,8,30.4,88.9,3.7,0,5.48,75.5,55.4,4.0,1.0,5.0,4.0,5.0,38.0,3.0,1.0,2.0,7.0,5+/day,At-Risk
Female,North,MCA,Graduate,English,4G/Good,No,1,4,12.7,74.4,7.8,4,8.03,59.5,82.0,4.0,2.0,4.0,1.0,4.0,0.0,3.0,3.0,3.0,5.0,5+/day,Fail
Other,West,MCA,10th Pass,English,5G/Excellent,No,6,5,8.4,74.7,6.9,0,4.72,64.1,52.7,4.0,2.0,3.0,2.0,5.0,38.0,3.0,2.0,2.0,5.0,5+/day,Fail
Other,South,B.Com,10th Pass,English,4G/Good,No,7,8,15.9,84.6,7.0,1,6.19,40.2,69.4,3.0,4.0,4.0,2.0,4.0,13.0,2.0,3.0,4.0,7.0,5+/day,Pass
Male,South,B.Com,12th Pass,Regional,No Access,No,3,4,17.8,84.8,4.2,2,4.15,43.7,49.1,4.0,3.0,4.0,4.0,4.0,88.0,3.0,3.0,4.0,3.0,5+/day,At-Risk
Female,North,BCA,Post-Graduate,Hindi,2G/Slow,Yes,8,6,18.2,75.6,5.7,0,7.55,61.9,58.3,4.0,2.0,3.0,1.0,5.0,38.0,2.0,4.0,3.0,1.0,3-5/day,At-Risk
Female,South,B.Tech,12th Pass,Hindi,4G/Good,No,8,6,25.3,84.2,4.8,5,4.99,39.9,74.4,2.0,3.0,3.0,3.0,5.0,13.0,3.0,4.0,4.0,7.0,5+/day,Pass
Female,West,B.E.,Post-Graduate,Hindi,2G/Slow,Yes,5,5,13.1,95.7,7.9,1,6.53,68.8,85.3,4.0,3.0,2.0,3.0,3.0,88.0,4.0,2.0,4.0,5.0,3-5/day,Pass
Male,North,MCA,Post-Graduate,Hindi,4G/Good,No,2,4,21.7,71.4,7.2,5,7.65,76.2,83.3,4.0,2.0,2.0,1.0,4.0,63.0,3.0,3.0,3.0,5.0,5+/day,Fail
Female,West,B.Tech,10th Pass,Regional,5G/Excellent,No,2,7,23.4,90.1,5.6,0,7.28,49.9,66.9,4.0,1.0,4.0,4.0,4.0,38.0,3.0,4.0,4.0,1.0,5+/day,Pass
Other,Central,B.Tech,12th Pass,Hindi,3G/Moderate,Yes,5,8,18.7,65.6,5.4,1,6.64,63.7,59.0,4.0,4.0,4.0,2.0,5.0,63.0,3.0,4.0,1.0,5.0,3-5/day,Fail
Female,West,B.Tech,12th Pass,English,4G/Good,Yes,4,4,13.6,61.8,6.0,5,6.2,62.1,72.1,5.0,4.0,1.0,3.0,5.0,63.0,1.0,3.0,3.0,1.0,3-5/day,At-Risk
Male,Northeast,BCA,12th Pass,Hindi,4G/Good,Yes,4,7,9.9,85.6,6.9,2,7.46,70.4,63.3,1.0,2.0,5.0,1.0,5.0,13.0,3.0,3.0,3.0,3.0,5+/day,Pass
Male,North,B.E.,Below 10th,Regional,4G/Good,Yes,5,6,7.2,81.2,7.8,1,4.8,46.3,31.9,3.0,3.0,4.0,3.0,2.0,38.0,1.0,2.0,4.0,7.0,5+/day,Pass
Male,South,B.E.,Post-Graduate,English,3G/Moderate,No,1,6,7.7,83.4,5.1,0,6.35,48.8,55.4,4.0,2.0,4.0,4.0,1.0,63.0,3.0,3.0,3.0,3.0,1-3/day,Pass
Female,Central,B.Tech,Graduate,Hindi,3G/Moderate,No,7,7,6.7,83.2,7.0,1,4.71,64.3,60.3,3.0,2.0,5.0,3.0,3.0,38.0,3.0,3.0,3.0,3.0,3-5/day,At-Risk
Female,West,BCA,12th Pass,English,5G/Excellent,No,3,7,28.7,93.5,5.9,2,6.76,65.0,64.0,5.0,3.0,4.0,4.0,4.0,88.0,3.0,3.0,3.0,3.0,5+/day,Pass
Male,West,B.Tech,12th Pass,English,5G/Excellent,Yes,10,5,16.7,88.4,3.0,1,6.83,48.6,60.9,3.0,3.0,3.0,2.0,4.0,88.0,3.0,3.0,3.0,3.0,5+/day,At-Risk
Male,West,B.Tech,Below 10th,Regional,4G/Good,Yes,10,4,32.3,87.6,5.7,4,7.05,85.8,51.6,1.0,2.0,2.0,3.0,4.0,13.0,3.0,2.0,2.0,5.0,5+/day,Pass
Male,South,BCA,12th Pass,English,4G/Good,No,8,6,20.6,98.6,7.1,5,6.28,30.0,38.6,4.0,4.0,5.0,2.0,5.0,63.0,3.0,3.0,4.0,7.0,5+/day,At-Risk
Male,North,BCA,Post-Graduate,English,4G/Good,No,9,8,7.2,92.8,5.3,0,6.1,42.9,50.0,5.0,3.0,4.0,2.0,4.0,63.0,3.0,4.0,4.0,7.0,5+/day,Fail
Female,West,B.E.,Graduate,English,4G/Good,No,8,6,16.6,84.2,7.0,5,5.27,55.5,56.5,2.0,1.0,2.0,2.0,5.0,63.0,4.0,4.0,3.0,1.0,3-5/day,At-Risk
Female,West,BCA,10th Pass,Regional,4G/Good,Yes,2,4,22.4,94.7,7.5,1,6.41,55.1,50.1,5.0,3.0,4.0,2.0,2.0,63.0,3.0,3.0,1.0,3.0,5+/day,Pass
Male,East,B.Tech,12th Pass,English,2G/Slow,Yes,7,7,20.2,78.7,8.2,4,4.34,47.6,47.5,4.0,5.0,3.0,4.0,4.0,38.0,3.0,2.0,3.0,3.0,5+/day,Pass
Female,Central,MCA,Graduate,Regional,4G/Good,Yes,4,5,14.9,79.0,4.9,5,3.97,37.7,52.0,3.0,4.0,3.0,5.0,5.0,63.0,3.0,2.0,3.0,3.0,3-5/day,Pass
Male,South,B.Tech,10th Pass,English,3G/Moderate,No,5,6,24.2,97.8,8.3,4,7.86,66.9,77.9,3.0,4.0,5.0,4.0,5.0,63.0,1.0,3.0,3.0,3.0,5+/day,Pass
Other,South,B.Tech,Below 10th,Regional,4G/Good,No,10,5,10.6,79.3,6.5,3,4.08,29.9,47.7,4.0,4.0,3.0,1.0,3.0,63.0,3.0,4.0,3.0,3.0,5+/day,At-Risk
Male,Northeast,MCA,12th Pass,Regional,3G/Moderate,No,5,7,19.2,86.9,4.1,1,5.58,56.9,34.1,1.0,4.0,2.0,3.0,4.0,63.0,2.0,3.0,4.0,7.0,5+/day,Pass
Male,West,BCA,12th Pass,English,4G/Good,No,9,4,23.5,86.2,6.1,3,6.06,45.8,61.1,4.0,2.0,5.0,4.0,1.0,88.0,2.0,3.0,4.0,1.0,3-5/day,Pass
Male,East,B.Tech,Below 10th,English,4G/Good,No,2,6,15.4,83.9,6.1,4,6.77,65.1,58.2,1.0,2.0,3.0,3.0,1.0,63.0,4.0,3.0,4.0,3.0,5+/day,Pass
Female,North,B.Tech,Below 10th,English,4G/Good,No,2,4,21.5,100.0,5.7,5,7.22,75.5,32.0,5.0,3.0,4.0,3.0,1.0,88.0,3.0,2.0,2.0,7.0,5+/day,Pass
Female,North,MCA,10th Pass,Regional,4G/Good,No,3,8,17.1,80.5,4.6,5,4.07,51.0,40.1,5.0,4.0,5.0,2.0,4.0,38.0,3.0,3.0,3.0,5.0,5+/day,At-Risk
Female,West,MCA,10th Pass,English,5G/Excellent,No,5,4,19.4,100.0,6.9,5,7.13,63.1,88.6,4.0,2.0,5.0,3.0,3.0,63.0,4.0,3.0,3.0,1.0,1-3/day,Pass
Male,South,B.Tech,12th Pass,English,2G/Slow,No,4,7,20.9,69.1,6.4,2,6.25,46.3,59.3,4.0,3.0,4.0,4.0,2.0,38.0,2.0,3.0,4.0,5.0,Never,At-Risk
Male,Northeast,BCA,10th Pass,English,4G/Good,Yes,10,7,15.9,81.4,5.7,1,3.33,28.0,48.1,2.0,3.0,2.0,3.0,1.0,13.0,1.0,3.0,1.0,1.0,1-3/day,Pass
Male,Central,B.Tech,10th Pass,English,4G/Good,Yes,10,8,27.7,79.1,5.1,3,6.58,54.6,80.6,5.0,2.0,3.0,1.0,4.0,13.0,3.0,2.0,4.0,5.0,5+/day,At-Risk
Female,Northeast,B.E.,Graduate,English,5G/Excellent,No,9,4,19.8,91.3,3.8,0,4.19,60.2,48.3,5.0,2.0,4.0,2.0,4.0,38.0,3.0,3.0,2.0,1.0,5+/day,At-Risk
Male,South,B.Tech,Below 10th,Regional,4G/Good,No,3,7,21.9,65.7,8.8,5,7.0,60.6,62.5,4.0,4.0,5.0,1.0,5.0,38.0,1.0,3.0,4.0,5.0,3-5/day,Fail
Female,West,B.E.,12th Pass,Regional,3G/Moderate,No,1,7,25.9,86.6,6.1,5,7.27,44.9,43.2,5.0,4.0,1.0,3.0,5.0,63.0,1.0,3.0,3.0,1.0,3-5/day,Pass
Female,South,B.Tech,Post-Graduate,English,3G/Moderate,No,5,7,22.1,93.1,7.7,2,7.19,54.7,62.6,1.0,3.0,5.0,5.0,4.0,0.0,3.0,3.0,4.0,3.0,3-5/day,Pass
Female,North,B.E.,12th Pass,Hindi,3G/Moderate,Yes,8,7,11.3,78.1,8.2,3,5.78,67.1,50.1,4.0,4.0,3.0,4.0,5.0,63.0,4.0,4.0,4.0,5.0,Never,Pass
Male,North,B.E.,Graduate,Hindi,4G/Good,No,1,5,23.0,74.5,8.1,1,6.04,62.3,61.7,2.0,4.0,4.0,2.0,3.0,38.0,2.0,3.0,4.0,3.0,5+/day,At-Risk
Male,South,B.E.,12th Pass,Hindi,5G/Excellent,No,1,6,19.8,74.6,7.5,0,7.23,78.1,57.1,4.0,1.0,3.0,2.0,3.0,88.0,3.0,3.0,3.0,7.0,3-5/day,Fail
Male,Central,B.Tech,Below 10th,Hindi,3G/Moderate,Yes,6,5,13.1,87.9,6.8,2,5.17,40.5,42.7,3.0,3.0,4.0,1.0,5.0,63.0,3.0,2.0,4.0,3.0,5+/day,At-Risk
Female,North,B.E.,12th Pass,Hindi,3G/Moderate,Yes,7,7,26.0,63.0,3.9,4,5.37,52.1,20.5,4.0,2.0,4.0,2.0,3.0,63.0,3.0,4.0,2.0,7.0,5+/day,Fail
Female,North,MCA,12th Pass,Hindi,3G/Moderate,No,8,4,10.8,66.3,8.9,3,4.07,25.6,56.8,4.0,2.0,3.0,5.0,5.0,13.0,3.0,4.0,3.0,7.0,5+/day,Fail
Male,Central,B.E.,Below 10th,Hindi,2G/Slow,Yes,8,5,14.1,83.0,4.8,2,3.34,32.9,25.3,3.0,4.0,4.0,2.0,4.0,63.0,1.0,4.0,3.0,1.0,5+/day,At-Risk
Male,North,BCA,12th Pass,English,5G/Excellent,Yes,3,8,15.1,89.0,8.7,4,8.78,100.0,81.3,4.0,2.0,2.0,1.0,4.0,63.0,3.0,3.0,3.0,5.0,5+/day,Pass
Female,West,B.E.,Post-Graduate,English,5G/Excellent,Yes,4,6,9.1,85.3,6.1,5,7.65,70.1,82.6,5.0,3.0,4.0,2.0,4.0,63.0,3.0,4.0,4.0,7.0,5+/day,Pass
Female,South,B.E.,10th Pass,English,3G/Moderate,No,9,4,17.9,89.2,8.0,1,6.25,70.5,46.4,4.0,2.0,5.0,1.0,4.0,63.0,3.0,3.0,3.0,7.0,5+/day,Fail
Male,North,BCA,12th Pass,Hindi,3G/Moderate,No,5,5,13.4,69.4,7.8,5,4.32,38.4,68.4,5.0,1.0,4.0,3.0,5.0,63.0,3.0,4.0,3.0,3.0,5+/day,Fail
Female,Central,B.Com,12th Pass,English,5G/Excellent,No,9,6,19.6,61.0,7.0,1,3.93,38.1,45.0,5.0,4.0,1.0,3.0,5.0,63.0,1.0,3.0,3.0,1.0,3-5/day,Fail
Male,North,B.Tech,Graduate,Hindi,No Access,No,5,5,30.1,92.6,7.0,4,6.12,64.0,62.3,3.0,3.0,1.0,1.0,1.0,88.0,4.0,3.0,3.0,5.0,1-3/day,Pass
Male,East,B.Tech,Graduate,English,4G/Good,No,5,8,17.7,66.8,6.2,2,6.11,81.3,51.0,2.0,1.0,3.0,4.0,2.0,38.0,2.0,3.0,1.0,5.0,5+/day,At-Risk
Female,South,BCA,Graduate,Regional,5G/Excellent,Yes,9,7,21.4,88.2,6.6,3,6.54,54.5,51.6,5.0,1.0,5.0,3.0,4.0,63.0,1.0,3.0,3.0,3.0,5+/day,At-Risk
Female,North,B.Com,10th Pass,English,4G/Good,Yes,6,8,17.9,60.1,6.6,1,8.05,89.6,43.5,2.0,2.0,2.0,1.0,5.0,88.0,4.0,4.0,4.0,5.0,5+/day,Fail
Female,North,B.Com,Below 10th,Hindi,No Access,Yes,3,7,15.8,90.1,6.7,1,4.94,70.9,76.8,5.0,2.0,4.0,2.0,4.0,38.0,3.0,3.0,2.0,1.0,5+/day,Pass
Male,North,B.E.,10th Pass,Hindi,3G/Moderate,Yes,5,6,23.1,82.0,6.3,2,5.12,43.7,20.3,4.0,2.0,4.0,3.0,4.0,38.0,3.0,3.0,4.0,5.0,3-5/day,At-Risk
Female,North,B.E.,Graduate,English,5G/Excellent,Yes,1,5,11.4,94.5,4.5,5,6.45,54.5,37.0,4.0,3.0,4.0,1.0,4.0,63.0,3.0,3.0,4.0,5.0,3-5/day,At-Risk
Male,West,BCA,Graduate,English,No Access,Yes,9,5,25.0,91.5,5.9,1,6.06,56.5,54.1,3.0,2.0,5.0,2.0,4.0,63.0,4.0,3.0,3.0,5.0,5+/day,At-Risk
Male,East,BCA,Post-Graduate,Regional,4G/Good,Yes,10,8,12.6,77.9,7.1,0,6.98,57.9,60.2,4.0,2.0,4.0,2.0,5.0,63.0,2.0,3.0,3.0,5.0,5+/day,At-Risk
Female,South,BCA,12th Pass,English,4G/Good,No,10,4,27.4,75.4,6.3,4,6.33,64.7,34.9,5.0,1.0,4.0,3.0,5.0,88.0,4.0,2.0,3.0,5.0,5+/day,Fail
Male,South,M.Tech,12th Pass,Regional,5G/Excellent,Yes,7,6,15.4,85.8,6.5,3,5.14,28.9,44.2,5.0,1.0,5.0,2.0,3.0,63.0,4.0,3.0,3.0,7.0,5+/day,Fail
Female,Central,BCA,12th Pass,Regional,4G/Good,No,1,7,12.2,76.0,5.6,2,6.87,44.3,52.1,5.0,3.0,5.0,3.0,4.0,88.0,3.0,4.0,3.0,5.0,5+/day,At-Risk
Female,Central,B.E.,10th Pass,Hindi,3G/Moderate,No,4,6,18.7,42.7,7.4,0,4.5,55.6,42.6,1.0,2.0,4.0,4.0,4.0,88.0,4.0,4.0,4.0,5.0,3-5/day,Fail
Male,West,B.E.,12th Pass,Regional,4G/Good,Yes,2,8,7.0,78.6,7.4,1,4.57,72.7,60.5,5.0,2.0,2.0,3.0,3.0,63.0,4.0,3.0,3.0,5.0,3-5/day,Pass
Male,Central,BCA,12th Pass,Hindi,3G/Moderate,No,3,5,10.5,71.7,3.0,1,4.92,62.0,69.5,5.0,2.0,4.0,1.0,4.0,63.0,4.0,1.0,4.0,1.0,3-5/day,Fail
Male,South,B.E.,Post-Graduate,Hindi,3G/Moderate,No,4,7,21.3,75.6,4.2,0,6.12,39.3,80.0,5.0,5.0,4.0,2.0,4.0,88.0,4.0,3.0,1.0,7.0,5+/day,At-Risk
Male,South,B.E.,10th Pass,Regional,5G/Excellent,Yes,2,7,26.2,85.6,6.2,1,8.76,64.5,80.5,4.0,3.0,3.0,1.0,1.0,63.0,4.0,3.0,3.0,5.0,5+/day,Pass
Female,East,B.Tech,Post-Graduate,English,3G/Moderate,Yes,10,7,13.9,96.9,7.3,4,5.41,47.2,31.7,3.0,1.0,3.0,1.0,2.0,88.0,1.0,4.0,3.0,3.0,5+/day,At-Risk
Female,West,B.Tech,12th Pass,English,No Access,No,1,7,26.9,100.0,6.9,1,8.0,52.2,75.0,3.0,3.0,4.0,1.0,2.0,63.0,3.0,3.0,4.0,3.0,5+/day,Pass
Male,East,B.E.,10th Pass,English,3G/Moderate,No,4,6,15.1,87.9,6.3,3,5.18,21.8,57.3,2.0,2.0,1.0,4.0,5.0,88.0,4.0,3.0,2.0,7.0,3-5/day,At-Risk
Male,South,MCA,10th Pass,Hindi,4G/Good,No,9,6,19.3,74.9,7.7,4,4.49,53.0,52.6,5.0,1.0,4.0,2.0,1.0,63.0,1.0,2.0,3.0,5.0,1-3/day,Fail
Female,Central,B.Tech,Below 10th,English,4G/Good,Yes,9,8,19.3,93.6,7.4,2,5.37,33.7,63.8,4.0,4.0,4.0,3.0,3.0,88.0,4.0,3.0,3.0,3.0,5+/day,At-Risk
Female,Northeast,B.E.,12th Pass,Regional,4G/Good,No,9,5,28.7,63.9,6.2,4,6.25,53.5,47.6,5.0,1.0,4.0,4.0,3.0,38.0,1.0,1.0,2.0,7.0,5+/day,Fail
Male,South,B.Tech,Below 10th,English,4G/Good,No,3,5,24.2,73.7,6.3,2,5.13,35.9,32.7,4.0,4.0,3.0,4.0,5.0,38.0,3.0,2.0,1.0,3.0,5+/day,At-Risk
Male,West,B.Tech,12th Pass,Regional,4G/Good,No,1,6,16.6,79.2,4.5,2,5.52,63.7,36.5,3.0,3.0,3.0,2.0,4.0,88.0,3.0,3.0,3.0,3.0,5+/day,At-Risk
Female,South,B.Com,Post-Graduate,English,4G/Good,No,1,8,35.0,58.9,6.7,4,8.33,69.4,60.4,5.0,2.0,5.0,3.0,4.0,88.0,1.0,3.0,2.0,3.0,3-5/day,Fail
Male,North,M.Tech,Graduate,English,3G/Moderate,Yes,3,4,17.6,85.0,7.3,3,7.69,60.2,61.6,4.0,2.0,3.0,3.0,4.0,63.0,2.0,4.0,3.0,3.0,5+/day,Pass
Male,South,B.Tech,Graduate,English,4G/Good,Yes,10,7,18.1,72.1,5.4,1,6.75,83.4,64.9,4.0,4.0,4.0,3.0,3.0,88.0,4.0,3.0,3.0,3.0,5+/day,At-Risk
Female,South,BCA,Below 10th,English,4G/Good,Yes,8,5,20.3,84.9,6.6,5,5.57,52.8,44.5,4.0,2.0,4.0,1.0,2.0,13.0,3.0,2.0,3.0,5.0,5+/day,Pass
Female,North,B.Tech,12th Pass,Hindi,2G/Slow,No,4,7,15.1,78.8,7.0,4,6.18,51.8,76.4,2.0,1.0,2.0,2.0,5.0,63.0,4.0,4.0,3.0,1.0,3-5/day,At-Risk
Female,Northeast,B.Com,10th Pass,Regional,3G/Moderate,Yes,8,5,27.7,71.9,7.8,2,4.0,42.8,44.4,4.0,2.0,2.0,1.0,4.0,63.0,3.0,3.0,3.0,5.0,5+/day,Fail
Female,South,B.Tech,Graduate,English,4G/Good,No,7,4,17.3,70.0,6.0,4,6.26,70.7,48.7,4.0,3.0,4.0,3.0,5.0,88.0,4.0,4.0,2.0,7.0,5+/day,Fail
Female,East,B.Tech,10th Pass,Hindi,4G/Good,No,8,5,22.5,81.4,5.2,2,5.97,65.6,71.9,4.0,3.0,4.0,4.0,5.0,88.0,4.0,4.0,4.0,3.0,5+/day,At-Risk
Male,North,BCA,12th Pass,English,4G/Good,Yes,2,4,0.0,90.7,6.0,2,5.38,56.3,46.6,2.0,5.0,2.0,5.0,5.0,63.0,2.0,2.0,3.0,3.0,3-5/day,Pass
Male,North,MCA,12th Pass,English,4G/Good,No,8,5,18.9,90.3,6.9,0,6.23,52.1,48.0,5.0,3.0,4.0,5.0,3.0,63.0,4.0,4.0,4.0,5.0,3-5/day,At-Risk
Male,Central,B.Tech,12th Pass,Hindi,4G/Good,No,9,6,15.6,85.5,6.9,5,4.49,32.9,66.4,5.0,5.0,5.0,4.0,5.0,88.0,4.0,4.0,4.0,3.0,5+/day,At-Risk
Male,East,BCA,Graduate,English,5G/Excellent,No,10,7,18.5,88.9,4.2,3,5.54,73.0,56.2,4.0,2.0,1.0,2.0,5.0,88.0,1.0,4.0,2.0,1.0,5+/day,At-Risk
Female,Central,B.Tech,10th Pass,Regional,4G/Good,No,6,8,9.9,82.9,6.0,5,3.68,48.6,72.1,4.0,3.0,4.0,3.0,5.0,88.0,4.0,4.0,2.0,7.0,5+/day,Fail
Female,Central,B.Com,10th Pass,Regional,4G/Good,No,3,8,16.7,74.1,5.0,3,5.96,67.8,38.5,5.0,2.0,4.0,1.0,4.0,63.0,4.0,1.0,4.0,1.0,3-5/day,Fail
Female,South,B.Tech,Graduate,English,No Access,Yes,7,5,19.3,98.9,6.5,5,6.91,81.5,41.1,4.0,2.0,4.0,1.0,4.0,63.0,3.0,1.0,4.0,3.0,5+/day,Pass
Female,South,B.Com,12th Pass,Hindi,3G/Moderate,No,9,8,15.5,74.1,7.0,2,4.75,53.0,52.3,3.0,2.0,5.0,1.0,5.0,88.0,3.0,3.0,3.0,7.0,3-5/day,Fail
Male,Northeast,B.E.,12th Pass,English,5G/Excellent,No,8,7,22.2,100.0,8.0,2,6.05,81.6,83.2,2.0,4.0,5.0,1.0,2.0,63.0,3.0,3.0,3.0,5.0,5+/day,Pass
Male,Central,B.E.,Below 10th,Hindi,3G/Moderate,No,8,6,18.4,89.6,8.4,1,4.93,35.2,39.6,4.0,2.0,1.0,2.0,5.0,88.0,1.0,4.0,2.0,1.0,5+/day,At-Risk
Female,West,B.Com,Graduate,Regional,3G/Moderate,No,7,6,22.5,79.0,7.2,2,5.84,55.2,56.8,5.0,3.0,4.0,3.0,1.0,38.0,2.0,4.0,2.0,5.0,5+/day,Pass
Female,West,B.Com,Post-Graduate,Regional,4G/Good,Yes,5,4,24.8,66.6,5.9,2,7.53,61.0,57.4,5.0,1.0,5.0,3.0,4.0,63.0,1.0,3.0,3.0,3.0,5+/day,Fail
Female,West,BCA,12th Pass,English,2G/Slow,Yes,2,8,25.4,86.0,5.7,5,8.99,87.3,68.2,5.0,2.0,3.0,2.0,5.0,88.0,4.0,4.0,2.0,5.0,5+/day,Pass
Female,South,B.Tech,Graduate,English,4G/Good,No,5,7,15.3,81.4,7.2,3,7.58,39.9,72.6,4.0,2.0,5.0,2.0,2.0,38.0,4.0,1.0,3.0,1.0,5+/day,Pass
Female,East,B.E.,12th Pass,Hindi,3G/Moderate,Yes,5,8,15.2,96.6,7.6,2,6.25,41.5,44.2,4.0,3.0,5.0,1.0,2.0,13.0,4.0,3.0,3.0,5.0,5+/day,Pass
Female,Northeast,B.E.,10th Pass,Regional,4G/Good,No,2,7,29.2,69.5,4.7,1,6.31,42.9,35.0,4.0,2.0,4.0,3.0,2.0,63.0,1.0,4.0,4.0,3.0,5+/day,Fail
Male,West,B.E.,Below 10th,Regional,4G/Good,Yes,10,4,11.6,94.7,10.1,0,5.04,34.1,55.2,5.0,5.0,3.0,1.0,3.0,13.0,2.0,3.0,4.0,5.0,3-5/day,At-Risk
Female,North,BCA,Graduate,English,4G/Good,No,1,8,15.1,99.7,7.1,0,6.65,54.1,56.0,5.0,2.0,2.0,3.0,3.0,63.0,4.0,3.0,3.0,5.0,3-5/day,Pass
Female,South,B.Tech,12th Pass,Regional,4G/Good,No,5,6,16.9,73.4,7.8,5,6.81,68.1,73.5,3.0,2.0,4.0,1.0,4.0,63.0,2.0,3.0,3.0,1.0,5+/day,Fail
Male,North,BCA,Graduate,Regional,4G/Good,No,6,4,12.0,90.9,7.2,1,5.6,46.5,67.5,4.0,1.0,4.0,2.0,4.0,38.0,3.0,4.0,3.0,1.0,5+/day,At-Risk
Female,North,BCA,Graduate,English,4G/Good,No,7,8,18.8,98.8,4.9,5,6.22,52.7,42.5,2.0,3.0,4.0,3.0,4.0,88.0,2.0,3.0,4.0,5.0,5+/day,Pass
Male,Central,B.Tech,Post-Graduate,Regional,4G/Good,No,2,6,26.5,98.3,5.8,2,9.71,86.2,75.3,4.0,4.0,5.0,2.0,5.0,13.0,3.0,2.0,4.0,5.0,5+/day,Pass
Female,North,BCA,12th Pass,English,3G/Moderate,Yes,6,6,4.6,94.6,5.3,1,6.06,84.1,63.9,3.0,2.0,4.0,1.0,4.0,63.0,2.0,3.0,3.0,1.0,5+/day,Pass
Male,North,BCA,12th Pass,English,3G/Moderate,Yes,8,7,14.4,100.0,4.0,0,5.45,52.6,64.3,5.0,5.0,5.0,4.0,5.0,88.0,4.0,4.0,4.0,3.0,5+/day,At-Risk
Female,South,BCA,10th Pass,English,3G/Moderate,No,6,6,18.8,82.8,4.7,5,5.75,51.3,74.9,5.0,4.0,1.0,2.0,5.0,63.0,3.0,3.0,2.0,5.0,1-3/day,Pass
Male,East,B.Tech,12th Pass,Hindi,3G/Moderate,No,3,5,29.0,81.5,9.1,3,6.98,70.5,70.7,3.0,2.0,5.0,3.0,4.0,38.0,3.0,3.0,2.0,1.0,5+/day,Pass
Female,East,BCA,Graduate,Regional,No Access,Yes,3,8,7.5,100.0,6.2,2,5.92,66.8,67.0,4.0,1.0,4.0,2.0,4.0,38.0,3.0,2.0,3.0,5.0,3-5/day,At-Risk
Male,North,B.Tech,Below 10th,Hindi,3G/Moderate,Yes,7,8,24.1,53.7,7.8,2,4.65,39.0,59.9,3.0,2.0,4.0,2.0,2.0,13.0,3.0,3.0,3.0,1.0,5+/day,Fail
Male,North,B.E.,Post-Graduate,English,5G/Excellent,Yes,2,7,16.9,78.6,5.7,5,7.16,49.1,87.7,3.0,2.0,3.0,2.0,4.0,88.0,4.0,1.0,1.0,1.0,1-3/day,Pass
Male,North,MCA,Post-Graduate,English,4G/Good,No,3,6,19.1,72.2,5.4,5,7.01,59.2,29.1,3.0,3.0,1.0,1.0,1.0,88.0,4.0,3.0,3.0,5.0,1-3/day,At-Risk
Female,East,BCA,12th Pass,Hindi,3G/Moderate,Yes,7,7,26.6,82.5,8.7,4,6.91,86.5,88.6,4.0,4.0,5.0,2.0,5.0,63.0,3.0,3.0,4.0,7.0,5+/day,Pass
Male,South,B.Tech,10th Pass,Hindi,4G/Good,Yes,9,5,17.1,87.0,6.2,2,6.02,44.9,58.3,5.0,2.0,5.0,5.0,5.0,88.0,4.0,3.0,3.0,3.0,5+/day,At-Risk
Male,Central,BCA,10th Pass,Hindi,4G/Good,Yes,1,7,17.8,89.0,6.2,4,7.29,74.5,26.4,5.0,1.0,4.0,4.0,3.0,38.0,1.0,1.0,2.0,7.0,5+/day,Pass
Female,South,B.Com,10th Pass,English,4G/Good,No,5,8,18.9,82.9,6.9,4,6.59,76.1,62.8,3.0,3.0,3.0,2.0,4.0,88.0,3.0,3.0,3.0,3.0,5+/day,Pass
Male,North,B.Tech,Below 10th,Regional,4G/Good,No,2,7,19.4,84.1,7.4,3,4.79,59.3,41.7,4.0,2.0,4.0,2.0,5.0,63.0,2.0,3.0,3.0,5.0,5+/day,At-Risk
Female,West,M.Tech,12th Pass,Regional,2G/Slow,Yes,5,8,10.4,93.6,5.7,4,4.27,44.0,51.3,2.0,2.0,1.0,4.0,5.0,88.0,4.0,3.0,2.0,7.0,3-5/day,At-Risk
Male,South,BCA,Below 10th,Hindi,4G/Good,Yes,6,4,19.1,75.1,3.2,4,6.62,41.6,89.4,2.0,3.0,3.0,2.0,1.0,63.0,1.0,4.0,3.0,7.0,3-5/day,Pass
Female,West,MCA,Graduate,Hindi,4G/Good,No,8,5,21.0,77.9,8.2,4,7.13,63.9,44.2,2.0,3.0,3.0,3.0,5.0,13.0,3.0,4.0,4.0,7.0,5+/day,Pass
Male,South,B.Tech,10th Pass,Regional,4G/Good,Yes,7,5,6.7,71.0,7.1,4,7.02,43.7,71.2,3.0,2.0,4.0,1.0,3.0,63.0,3.0,3.0,3.0,5.0,Never,Fail
Male,East,B.Tech,10th Pass,Hindi,4G/Good,Yes,5,8,24.1,81.8,5.2,4,6.4,53.1,63.3,3.0,3.0,4.0,1.0,4.0,88.0,2.0,4.0,3.0,1.0,3-5/day,At-Risk
Female,West,B.Com,12th Pass,Hindi,4G/Good,No,5,4,24.4,62.5,6.3,1,5.5,52.0,48.9,4.0,5.0,4.0,2.0,5.0,38.0,2.0,2.0,4.0,5.0,5+/day,Fail
Female,Central,B.E.,Post-Graduate,Hindi,4G/Good,No,2,6,19.8,97.6,8.5,4,6.71,60.9,44.0,2.0,4.0,4.0,2.0,3.0,38.0,2.0,3.0,4.0,3.0,5+/day,Pass
Female,South,B.Tech,Graduate,English,4G/Good,No,6,7,8.6,91.5,8.9,5,5.34,47.7,55.8,3.0,4.0,3.0,5.0,5.0,63.0,3.0,2.0,3.0,3.0,3-5/day,Pass
Male,South,BCA,12th Pass,Hindi,No Access,No,3,6,13.5,70.2,6.0,1,3.98,25.4,22.7,3.0,4.0,5.0,4.0,5.0,88.0,2.0,4.0,3.0,5.0,5+/day,Fail
Male,South,B.Tech,Graduate,Regional,4G/Good,Yes,6,4,1.7,96.8,8.7,1,7.2,62.3,54.2,5.0,3.0,4.0,2.0,2.0,63.0,3.0,3.0,1.0,3.0,5+/day,Pass
Male,Central,MCA,Graduate,English,5G/Excellent,No,3,5,15.5,78.8,6.5,1,5.91,54.3,45.2,1.0,3.0,5.0,5.0,4.0,0.0,3.0,3.0,4.0,3.0,3-5/day,Pass
Other,Central,BCA,Graduate,Regional,4G/Good,Yes,2,6,11.6,73.6,5.4,5,5.27,57.3,54.1,1.0,2.0,5.0,1.0,5.0,13.0,3.0,3.0,3.0,3.0,5+/day,Fail
Male,North,M.Tech,10th Pass,Hindi,5G/Excellent,Yes,8,4,17.5,86.5,5.7,2,5.07,47.4,36.3,1.0,1.0,3.0,4.0,4.0,38.0,1.0,3.0,4.0,7.0,5+/day,Pass
Male,North,MCA,Graduate,English,2G/Slow,Yes,4,5,25.0,62.2,9.2,1,7.19,55.7,58.8,4.0,4.0,4.0,4.0,4.0,88.0,4.0,4.0,4.0,5.0,5+/day,Fail
Male,East,B.Tech,10th Pass,Hindi,3G/Moderate,No,5,6,14.5,77.8,7.4,2,5.64,63.6,57.3,5.0,1.0,5.0,4.0,2.0,38.0,4.0,3.0,3.0,3.0,5+/day,At-Risk
Female,North,B.E.,Post-Graduate,English,4G/Good,No,9,5,20.9,86.5,5.1,1,6.89,75.7,98.7,5.0,1.0,5.0,3.0,4.0,63.0,1.0,3.0,3.0,3.0,5+/day,Pass
Male,South,MCA,10th Pass,Regional,3G/Moderate,Yes,4,8,17.4,100.0,8.0,1,5.54,57.5,29.6,4.0,2.0,4.0,1.0,4.0,63.0,3.0,1.0,4.0,3.0,5+/day,At-Risk
Female,North,B.E.,Post-Graduate,Hindi,No Access,Yes,1,5,11.7,66.7,8.1,1,6.47,56.1,69.8,4.0,1.0,4.0,4.0,4.0,38.0,3.0,4.0,4.0,1.0,5+/day,Fail
Male,West,B.Com,Post-Graduate,Regional,4G/Good,No,6,5,27.9,67.7,5.9,3,8.6,83.2,83.0,4.0,3.0,4.0,2.0,3.0,88.0,1.0,3.0,4.0,5.0,5+/day,At-Risk
Female,Central,BCA,Below 10th,Hindi,3G/Moderate,No,5,4,23.8,79.1,7.2,2,5.29,58.4,54.0,5.0,2.0,1.0,1.0,5.0,88.0,4.0,3.0,1.0,5.0,3-5/day,Fail
Male,Central,B.Tech,Post-Graduate,Hindi,3G/Moderate,No,10,4,10.2,78.1,8.6,2,4.88,43.1,36.0,4.0,2.0,3.0,1.0,5.0,38.0,3.0,3.0,2.0,3.0,5+/day,Fail
Female,South,M.Tech,Below 10th,Regional,5G/Excellent,Yes,3,7,21.1,91.4,4.8,3,6.31,62.2,76.1,4.0,2.0,4.0,3.0,4.0,63.0,3.0,4.0,3.0,3.0,5+/day,Pass
Female,East,B.Tech,10th Pass,English,3G/Moderate,No,5,4,16.5,100.0,3.8,4,5.53,43.6,53.3,5.0,2.0,5.0,5.0,5.0,88.0,4.0,3.0,3.0,3.0,5+/day,At-Risk
Male,Northeast,B.Tech,12th Pass,Hindi,2G/Slow,No,8,8,21.6,94.3,5.5,1,5.63,58.4,58.9,4.0,4.0,5.0,2.0,3.0,38.0,2.0,3.0,3.0,3.0,5+/day,Pass
Female,North,BCA,Post-Graduate,English,2G/Slow,No,1,8,8.6,76.7,3.9,0,4.63,36.9,35.0,5.0,2.0,5.0,2.0,3.0,88.0,3.0,2.0,3.0,7.0,3-5/day,Fail
Male,West,M.Tech,12th Pass,Regional,5G/Excellent,Yes,4,5,15.6,99.4,4.6,2,4.86,41.3,50.9,2.0,2.0,1.0,1.0,4.0,88.0,4.0,3.0,3.0,1.0,5+/day,At-Risk
Female,South,B.E.,12th Pass,Hindi,4G/Good,No,3,4,20.5,81.1,8.2,2,7.68,70.8,79.3,3.0,1.0,4.0,1.0,5.0,88.0,4.0,3.0,4.0,1.0,3-5/day,At-Risk
Female,North,B.Tech,Graduate,Regional,2G/Slow,Yes,4,7,10.4,88.2,5.2,0,6.12,65.3,64.1,5.0,3.0,4.0,3.0,1.0,88.0,3.0,2.0,2.0,7.0,5+/day,Pass
Male,South,B.E.,Post-Graduate,Regional,3G/Moderate,No,2,4,19.8,87.0,6.4,0,6.27,56.5,52.8,1.0,3.0,5.0,5.0,4.0,0.0,3.0,3.0,4.0,3.0,3-5/day,Pass
Male,North,B.Tech,Graduate,English,4G/Good,Yes,2,7,15.7,87.4,7.6,5,9.38,82.6,87.8,1.0,2.0,3.0,3.0,1.0,63.0,4.0,3.0,4.0,3.0,5+/day,Pass
Male,West,B.Tech,10th Pass,English,3G/Moderate,No,2,5,18.3,92.5,8.3,0,6.39,41.1,64.2,4.0,2.0,5.0,3.0,1.0,88.0,3.0,3.0,4.0,5.0,1-3/day,At-Risk
Male,South,B.Tech,10th Pass,Hindi,5G/Excellent,Yes,3,8,25.1,91.7,7.0,3,5.74,63.9,44.2,4.0,2.0,1.0,3.0,5.0,38.0,4.0,3.0,4.0,7.0,5+/day,Pass
Male,South,BCA,Below 10th,Hindi,4G/Good,No,9,4,36.9,90.7,3.3,1,6.0,53.8,36.2,4.0,2.0,2.0,4.0,3.0,13.0,3.0,2.0,3.0,3.0,5+/day,Pass
Male,North,B.Com,12th Pass,English,3G/Moderate,No,5,4,18.5,75.7,6.4,1,6.53,27.6,79.3,2.0,3.0,2.0,2.0,5.0,63.0,3.0,3.0,4.0,3.0,5+/day,At-Risk
Male,Northeast,B.Tech,10th Pass,English,5G/Excellent,No,4,8,16.7,71.6,7.7,0,6.13,71.7,64.9,2.0,2.0,1.0,1.0,4.0,88.0,4.0,3.0,3.0,1.0,5+/day,Fail
Female,East,B.Tech,10th Pass,Hindi,3G/Moderate,No,4,8,31.5,90.9,6.8,4,6.33,62.8,88.3,5.0,4.0,4.0,4.0,4.0,38.0,3.0,1.0,3.0,7.0,5+/day,Pass
Male,East,MCA,Graduate,English,3G/Moderate,Yes,3,6,25.9,86.0,7.3,1,6.56,70.5,85.7,4.0,2.0,4.0,1.0,2.0,88.0,4.0,3.0,3.0,7.0,1-3/day,Pass
Male,East,BCA,10th Pass,Regional,3G/Moderate,Yes,9,6,30.4,92.5,5.5,4,6.04,54.8,53.5,1.0,5.0,4.0,3.0,4.0,38.0,3.0,3.0,4.0,7.0,5+/day,Pass
Female,South,B.Com,12th Pass,Regional,4G/Good,No,10,6,19.7,76.5,6.6,1,6.71,66.4,64.5,3.0,3.0,4.0,2.0,5.0,88.0,2.0,3.0,3.0,7.0,5+/day,At-Risk
Male,North,B.Tech,10th Pass,Regional,3G/Moderate,No,1,8,23.7,90.9,7.5,5,6.59,66.9,58.6,1.0,4.0,2.0,3.0,4.0,63.0,2.0,3.0,4.0,7.0,5+/day,Pass
Male,West,B.Tech,Below 10th,English,4G/Good,Yes,6,6,18.3,78.4,8.6,4,6.05,48.9,39.0,4.0,3.0,2.0,3.0,3.0,88.0,4.0,2.0,4.0,5.0,3-5/day,Pass
Male,North,B.E.,10th Pass,English,No Access,No,4,4,18.4,77.6,5.5,3,4.41,27.8,69.5,4.0,4.0,3.0,2.0,4.0,38.0,3.0,3.0,3.0,7.0,5+/day,At-Risk
Female,North,BCA,12th Pass,Hindi,5G/Excellent,Yes,8,8,18.8,96.1,5.5,1,6.03,43.3,63.5,5.0,4.0,1.0,1.0,4.0,38.0,3.0,3.0,3.0,1.0,5+/day,Pass
Female,West,B.E.,Graduate,Regional,3G/Moderate,No,7,4,20.9,95.2,8.9,1,6.68,48.7,73.2,4.0,2.0,3.0,3.0,4.0,88.0,3.0,4.0,4.0,1.0,5+/day,At-Risk
Male,North,BCA,10th Pass,English,3G/Moderate,Yes,3,8,18.5,84.6,6.0,2,6.62,63.4,43.2,4.0,3.0,5.0,1.0,2.0,13.0,4.0,3.0,3.0,5.0,5+/day,Pass
Female,South,B.Tech,10th Pass,English,4G/Good,Yes,5,5,27.7,77.8,6.8,1,7.35,65.0,63.7,2.0,2.0,3.0,3.0,4.0,38.0,3.0,3.0,3.0,3.0,5+/day,Pass
Female,East,B.E.,Graduate,English,4G/Good,Yes,4,4,22.0,81.0,6.9,2,8.29,51.6,46.9,1.0,4.0,5.0,2.0,4.0,88.0,3.0,3.0,4.0,5.0,5+/day,Pass
Female,South,BCA,Graduate,Hindi,5G/Excellent,No,4,8,19.4,83.8,6.5,5,6.28,86.9,56.0,4.0,3.0,2.0,3.0,3.0,88.0,4.0,2.0,4.0,5.0,3-5/day,Pass
Female,West,B.E.,Graduate,Hindi,3G/Moderate,Yes,10,7,19.1,77.3,9.4,0,5.96,48.8,51.5,3.0,2.0,4.0,1.0,4.0,63.0,4.0,4.0,2.0,7.0,5+/day,Fail
Female,West,BCA,Post-Graduate,English,5G/Excellent,No,8,8,15.0,85.9,6.2,2,5.29,40.7,38.6,1.0,4.0,5.0,2.0,4.0,88.0,3.0,3.0,4.0,5.0,5+/day,At-Risk
Male,West,B.E.,Graduate,Hindi,4G/Good,Yes,9,5,10.4,75.9,7.7,0,7.05,46.0,55.1,4.0,2.0,3.0,3.0,4.0,63.0,2.0,4.0,3.0,3.0,5+/day,At-Risk
Male,West,B.Tech,12th Pass,Hindi,2G/Slow,Yes,4,8,25.0,100.0,5.9,1,8.07,73.7,87.6,2.0,2.0,4.0,2.0,3.0,13.0,4.0,4.0,2.0,3.0,5+/day,Pass
Male,South,B.Tech,Graduate,Hindi,5G/Excellent,No,2,5,25.0,58.2,9.3,2,7.31,59.7,73.9,2.0,3.0,3.0,3.0,5.0,13.0,3.0,4.0,4.0,7.0,5+/day,Fail
Female,South,B.E.,12th Pass,Hindi,4G/Good,No,1,6,10.3,74.4,5.3,0,5.27,44.8,52.4,3.0,1.0,4.0,3.0,5.0,63.0,3.0,4.0,4.0,7.0,3-5/day,Fail
Female,South,B.Tech,10th Pass,Regional,4G/Good,No,10,4,10.4,91.3,7.4,5,4.78,48.4,34.8,4.0,2.0,3.0,5.0,5.0,13.0,3.0,4.0,3.0,7.0,5+/day,At-Risk
Female,South,BCA,10th Pass,Hindi,5G/Excellent,No,4,5,22.9,100.0,3.0,2,6.19,37.7,62.8,2.0,2.0,3.0,2.0,3.0,63.0,3.0,3.0,2.0,7.0,5+/day,Pass
Other,Central,MCA,10th Pass,Hindi,4G/Good,Yes,8,7,15.8,74.8,6.1,0,5.54,54.2,30.6,3.0,4.0,5.0,4.0,5.0,63.0,1.0,3.0,3.0,3.0,5+/day,Fail
Male,Northeast,B.E.,Below 10th,Regional,No Access,Yes,5,4,11.1,79.2,7.3,2,3.93,36.4,24.5,2.0,3.0,4.0,3.0,4.0,88.0,2.0,3.0,4.0,5.0,5+/day,Fail
Female,North,B.Tech,10th Pass,Regional,5G/Excellent,Yes,2,8,6.8,87.5,4.3,5,6.77,69.3,81.5,4.0,1.0,5.0,2.0,4.0,38.0,1.0,3.0,2.0,7.0,5+/day,Pass
Female,North,B.Com,Below 10th,English,3G/Moderate,No,4,8,14.8,88.0,5.9,0,5.4,53.3,74.5,3.0,2.0,4.0,3.0,4.0,88.0,3.0,3.0,3.0,5.0,5+/day,At-Risk
Other,North,B.Tech,Graduate,English,4G/Good,No,4,5,18.9,83.6,11.3,5,7.72,59.0,35.8,4.0,4.0,5.0,2.0,3.0,38.0,2.0,3.0,3.0,3.0,5+/day,Pass
Other,North,B.Tech,Post-Graduate,Regional,3G/Moderate,Yes,10,7,16.0,91.4,4.9,4,6.66,62.6,63.5,3.0,3.0,5.0,3.0,4.0,38.0,3.0,4.0,4.0,3.0,5+/day,Pass
Female,North,B.E.,12th Pass,English,3G/Moderate,Yes,5,5,8.7,85.6,6.9,1,6.64,49.8,88.4,4.0,4.0,4.0,3.0,3.0,88.0,4.0,3.0,3.0,3.0,5+/day,Pass
Male,East,BCA,Graduate,Regional,4G/Good,Yes,2,7,13.9,85.8,4.3,1,7.51,72.2,58.4,4.0,4.0,4.0,2.0,5.0,63.0,3.0,4.0,1.0,5.0,3-5/day,Pass
Female,Northeast,B.Tech,10th Pass,English,4G/Good,Yes,7,5,21.9,100.0,4.9,2,6.33,71.8,61.9,4.0,2.0,4.0,2.0,3.0,63.0,3.0,3.0,3.0,7.0,3-5/day,At-Risk
Male,West,BCA,Post-Graduate,Regional,4G/Good,No,5,6,29.1,80.0,7.1,0,5.94,56.4,47.1,4.0,2.0,4.0,3.0,4.0,63.0,3.0,4.0,3.0,3.0,5+/day,At-Risk
Female,North,B.E.,12th Pass,Hindi,5G/Excellent,Yes,4,6,18.3,79.1,6.2,4,7.65,72.7,73.9,3.0,2.0,4.0,1.0,4.0,63.0,2.0,3.0,3.0,1.0,5+/day,Pass
Female,South,B.Tech,Below 10th,Regional,3G/Moderate,Yes,8,6,25.2,78.4,5.3,1,5.43,36.6,38.2,5.0,1.0,4.0,2.0,1.0,63.0,1.0,2.0,3.0,5.0,1-3/day,At-Risk
Male,East,B.Tech,Below 10th,English,4G/Good,Yes,2,5,23.0,74.9,5.8,2,7.39,51.7,69.2,3.0,2.0,5.0,3.0,4.0,38.0,3.0,3.0,2.0,1.0,5+/day,At-Risk
Female,Northeast,BCA,10th Pass,Regional,4G/Good,No,1,4,13.9,80.6,8.2,1,6.24,36.0,85.8,4.0,4.0,5.0,1.0,4.0,38.0,2.0,3.0,4.0,1.0,5+/day,Pass
Male,Northeast,BCA,Below 10th,English,4G/Good,No,6,8,24.6,74.6,6.2,5,6.15,41.8,59.5,4.0,3.0,4.0,1.0,4.0,13.0,1.0,2.0,2.0,1.0,3-5/day,Fail
Male,Central,B.Tech,10th Pass,English,4G/Good,No,10,4,25.9,87.5,7.4,4,5.58,56.0,47.5,1.0,1.0,3.0,4.0,4.0,38.0,1.0,3.0,4.0,7.0,5+/day,Pass
Male,East,B.Tech,Below 10th,English,4G/Good,No,10,8,14.6,87.7,3.9,1,3.81,60.5,26.1,5.0,4.0,1.0,2.0,5.0,63.0,3.0,3.0,2.0,5.0,1-3/day,At-Risk
Female,West,BCA,10th Pass,Regional,4G/Good,Yes,8,7,18.1,84.9,5.7,5,4.55,43.8,50.0,4.0,2.0,4.0,4.0,1.0,63.0,3.0,3.0,3.0,3.0,1-3/day,Pass
Female,North,MCA,10th Pass,Hindi,4G/Good,Yes,7,6,14.0,86.8,5.9,5,5.86,45.4,42.2,5.0,2.0,5.0,2.0,3.0,88.0,3.0,2.0,3.0,7.0,3-5/day,At-Risk
Female,East,B.Tech,Post-Graduate,Hindi,3G/Moderate,No,9,6,9.2,91.7,5.4,5,5.34,43.0,34.4,3.0,2.0,4.0,1.0,4.0,63.0,4.0,4.0,2.0,7.0,5+/day,Fail
Male,North,BCA,10th Pass,Hindi,4G/Good,Yes,1,8,25.2,69.7,6.3,3,6.36,42.8,39.4,3.0,4.0,2.0,4.0,4.0,88.0,1.0,4.0,3.0,1.0,5+/day,At-Risk
Female,South,B.Tech,10th Pass,Regional,2G/Slow,No,3,6,29.2,85.3,6.0,5,6.38,62.4,35.3,2.0,3.0,4.0,3.0,3.0,63.0,3.0,3.0,1.0,1.0,3-5/day,Pass
Female,West,B.Tech,Graduate,Hindi,5G/Excellent,No,9,4,17.6,100.0,7.6,4,5.79,70.6,51.0,4.0,5.0,3.0,4.0,4.0,38.0,3.0,2.0,3.0,3.0,5+/day,Pass
Male,South,B.Tech,Graduate,Hindi,4G/Good,No,5,5,14.3,75.6,8.2,0,7.0,65.9,83.7,3.0,2.0,5.0,1.0,5.0,88.0,3.0,3.0,3.0,7.0,3-5/day,At-Risk
Male,North,MCA,10th Pass,Hindi,3G/Moderate,Yes,6,6,25.5,100.0,5.6,4,7.19,98.8,77.9,5.0,4.0,1.0,3.0,5.0,63.0,1.0,3.0,3.0,1.0,3-5/day,Pass
Male,North,B.E.,Graduate,Regional,No Access,No,7,6,26.2,78.4,8.3,2,5.47,61.4,64.2,4.0,2.0,5.0,3.0,1.0,63.0,4.0,4.0,4.0,7.0,5+/day,At-Risk
Female,North,MCA,10th Pass,English,4G/Good,Yes,3,7,11.9,85.0,5.4,0,5.68,40.5,43.6,3.0,4.0,4.0,2.0,4.0,13.0,2.0,3.0,4.0,7.0,5+/day,Pass
Female,North,BCA,10th Pass,English,4G/Good,No,7,5,19.0,85.5,6.7,1,5.86,58.1,57.0,1.0,2.0,3.0,3.0,1.0,63.0,4.0,3.0,4.0,3.0,5+/day,Pass
Female,North,MCA,10th Pass,English,5G/Excellent,Yes,3,8,31.9,64.8,4.5,4,9.08,68.5,70.1,4.0,1.0,3.0,3.0,5.0,38.0,2.0,2.0,3.0,1.0,3-5/day,At-Risk
Male,North,B.Tech,12th Pass,English,3G/Moderate,No,6,5,30.7,72.4,6.1,0,5.65,46.5,81.9,3.0,3.0,3.0,1.0,3.0,13.0,4.0,3.0,3.0,3.0,5+/day,At-Risk
Female,North,B.Tech,10th Pass,Hindi,2G/Slow,No,8,5,11.5,89.9,8.8,1,5.35,51.4,37.1,4.0,4.0,3.0,4.0,5.0,38.0,3.0,2.0,1.0,3.0,5+/day,Pass
Male,Central,B.Com,Graduate,Hindi,5G/Excellent,No,7,8,8.3,79.2,6.7,5,5.75,78.7,31.5,4.0,2.0,5.0,3.0,1.0,63.0,4.0,4.0,4.0,7.0,5+/day,At-Risk
Male,South,BCA,10th Pass,Regional,3G/Moderate,No,5,5,20.5,71.6,6.1,4,5.08,33.2,31.3,4.0,3.0,4.0,2.0,5.0,88.0,4.0,3.0,3.0,1.0,5+/day,Fail
Female,North,MCA,Graduate,English,4G/Good,No,6,7,23.0,96.6,3.5,0,5.63,51.7,60.0,4.0,2.0,5.0,2.0,2.0,38.0,4.0,1.0,3.0,1.0,5+/day,Pass
Male,East,B.Tech,10th Pass,Regional,2G/Slow,Yes,4,4,23.0,85.7,6.4,5,7.46,61.5,54.4,4.0,2.0,5.0,5.0,5.0,63.0,2.0,3.0,4.0,3.0,3-5/day,Pass
Female,Northeast,B.E.,12th Pass,Hindi,4G/Good,No,2,5,21.8,80.3,6.6,2,7.15,72.3,54.4,4.0,3.0,4.0,2.0,5.0,13.0,2.0,2.0,2.0,1.0,5+/day,Pass
Male,West,BCA,12th Pass,English,2G/Slow,Yes,7,4,20.0,100.0,5.8,5,6.73,63.7,35.9,4.0,3.0,5.0,2.0,4.0,38.0,3.0,3.0,3.0,5.0,5+/day,Pass
Female,South,B.Tech,Graduate,Hindi,4G/Good,Yes,4,7,15.0,70.0,6.0,1,6.84,63.2,50.1,4.0,5.0,4.0,3.0,5.0,88.0,3.0,3.0,4.0,7.0,5+/day,Fail
Male,East,BCA,10th Pass,Regional,4G/Good,No,6,7,13.6,69.6,6.3,1,3.29,44.2,50.2,4.0,3.0,4.0,4.0,4.0,38.0,1.0,2.0,2.0,1.0,5+/day,Fail
Female,West,B.E.,Graduate,English,5G/Excellent,No,10,5,23.6,77.2,6.5,2,6.27,60.2,30.9,4.0,4.0,3.0,4.0,5.0,63.0,4.0,4.0,4.0,5.0,Never,At-Risk
Male,West,B.Tech,Graduate,Hindi,No Access,Yes,2,6,13.1,85.3,6.2,2,5.38,51.8,45.0,4.0,3.0,3.0,1.0,1.0,63.0,4.0,3.0,3.0,5.0,5+/day,Pass
Male,West,B.Tech,10th Pass,English,3G/Moderate,No,2,5,6.3,87.4,8.3,2,6.68,47.5,60.0,2.0,1.0,2.0,2.0,5.0,63.0,4.0,4.0,3.0,1.0,3-5/day,At-Risk
Female,Northeast,B.Tech,Post-Graduate,English,2G/Slow,Yes,6,4,19.0,73.3,4.9,0,6.68,63.2,69.1,3.0,2.0,1.0,3.0,4.0,0.0,2.0,3.0,2.0,3.0,5+/day,Pass
Male,Northeast,B.Tech,Graduate,Hindi,5G/Excellent,No,8,7,20.0,65.3,8.8,2,6.33,41.1,50.1,4.0,1.0,5.0,2.0,4.0,38.0,1.0,3.0,2.0,7.0,5+/day,Fail
Female,East,BCA,12th Pass,Regional,4G/Good,No,1,4,31.5,89.0,6.1,5,8.73,62.8,67.8,4.0,2.0,3.0,2.0,5.0,38.0,3.0,2.0,2.0,5.0,5+/day,Pass
Other,South,B.Tech,10th Pass,Hindi,4G/Good,No,10,4,18.2,76.7,7.3,5,3.84,32.7,58.7,3.0,3.0,5.0,3.0,4.0,38.0,3.0,4.0,4.0,3.0,5+/day,At-Risk
Male,West,B.Tech,12th Pass,Hindi,2G/Slow,Yes,7,8,8.7,82.1,8.1,3,3.68,37.6,37.2,2.0,2.0,2.0,1.0,5.0,88.0,4.0,4.0,4.0,5.0,5+/day,Fail
Male,Northeast,M.Tech,10th Pass,Regional,4G/Good,Yes,6,7,26.5,83.0,6.8,5,7.09,85.4,77.9,4.0,2.0,5.0,3.0,1.0,38.0,2.0,3.0,4.0,5.0,5+/day,Pass
Female,North,B.E.,12th Pass,English,4G/Good,Yes,5,7,17.7,93.5,6.5,0,5.73,24.5,94.8,5.0,2.0,4.0,3.0,4.0,63.0,4.0,3.0,3.0,5.0,5+/day,At-Risk
Female,Central,B.E.,12th Pass,Regional,3G/Moderate,Yes,10,4,16.9,75.8,6.7,2,5.08,56.3,54.0,4.0,3.0,5.0,2.0,4.0,38.0,3.0,3.0,3.0,5.0,5+/day,At-Risk
Female,North,BCA,Graduate,Hindi,4G/Good,No,8,7,9.9,100.0,3.6,2,4.96,63.7,34.0,4.0,3.0,4.0,2.0,3.0,88.0,1.0,2.0,3.0,5.0,5+/day,At-Risk
Male,East,B.Com,10th Pass,Regional,2G/Slow,No,1,5,21.6,80.2,3.0,3,5.82,73.5,62.6,4.0,3.0,4.0,2.0,5.0,13.0,2.0,2.0,2.0,1.0,5+/day,Pass
Female,Northeast,B.Tech,Graduate,Regional,4G/Good,No,5,8,19.1,65.9,7.6,4,5.53,50.6,69.0,4.0,2.0,4.0,4.0,1.0,63.0,3.0,3.0,3.0,3.0,1-3/day,At-Risk
Male,North,B.E.,10th Pass,Regional,5G/Excellent,No,6,5,18.6,69.9,6.0,2,5.55,53.8,43.0,4.0,5.0,4.0,2.0,4.0,63.0,4.0,2.0,2.0,5.0,5+/day,Fail
Other,East,BCA,12th Pass,English,5G/Excellent,No,4,6,24.6,69.4,5.2,1,5.02,60.0,59.3,2.0,1.0,3.0,4.0,2.0,38.0,2.0,3.0,1.0,5.0,5+/day,At-Risk
Female,North,B.Tech,Graduate,Hindi,4G/Good,Yes,10,6,25.4,73.3,6.8,2,7.64,61.0,37.7,5.0,1.0,4.0,2.0,1.0,88.0,3.0,2.0,3.0,5.0,5+/day,Fail
Male,South,MCA,12th Pass,Hindi,3G/Moderate,Yes,10,4,20.2,85.1,6.3,0,5.53,35.3,66.8,5.0,4.0,2.0,3.0,3.0,88.0,3.0,1.0,3.0,3.0,5+/day,Pass
Male,North,B.Com,10th Pass,Hindi,4G/Good,Yes,2,6,21.8,94.1,4.6,0,7.48,89.7,53.2,2.0,2.0,4.0,1.0,4.0,13.0,3.0,1.0,4.0,7.0,5+/day,Pass
Male,South,B.Com,10th Pass,Hindi,2G/Slow,No,8,5,20.4,55.3,7.9,2,4.03,26.2,18.6,3.0,2.0,3.0,2.0,4.0,88.0,4.0,1.0,1.0,1.0,1-3/day,Fail
Male,South,B.Tech,10th Pass,English,2G/Slow,No,5,6,29.7,92.7,8.2,0,6.66,84.4,52.4,4.0,2.0,3.0,3.0,4.0,88.0,3.0,4.0,4.0,1.0,5+/day,Pass
Female,Central,B.Tech,12th Pass,English,4G/Good,No,10,4,11.7,99.0,6.8,5,5.64,37.7,71.4,5.0,4.0,3.0,5.0,5.0,88.0,4.0,4.0,4.0,5.0,5+/day,At-Risk
Male,Central,B.Com,10th Pass,English,5G/Excellent,Yes,6,7,10.4,100.0,6.7,1,6.26,57.7,56.7,3.0,4.0,3.0,5.0,5.0,63.0,3.0,2.0,3.0,3.0,3-5/day,Pass
Male,North,B.E.,Graduate,Regional,2G/Slow,No,9,8,9.7,87.0,6.5,5,4.33,41.0,43.0,3.0,2.0,5.0,3.0,3.0,38.0,3.0,3.0,3.0,3.0,3-5/day,At-Risk
Male,West,B.Tech,12th Pass,Regional,2G/Slow,No,2,4,21.6,60.7,6.7,2,4.82,39.8,61.1,4.0,2.0,4.0,2.0,3.0,63.0,3.0,3.0,3.0,7.0,3-5/day,Fail
Other,North,BCA,Below 10th,English,4G/Good,Yes,5,4,17.2,65.9,7.0,1,3.94,46.5,49.4,3.0,4.0,5.0,3.0,1.0,38.0,1.0,3.0,3.0,5.0,5+/day,At-Risk
Female,North,B.Tech,10th Pass,Regional,3G/Moderate,No,1,4,10.3,92.7,5.8,3,5.62,62.7,45.5,3.0,4.0,2.0,4.0,4.0,88.0,1.0,4.0,3.0,1.0,5+/day,Pass
Male,North,B.Tech,10th Pass,English,4G/Good,Yes,3,5,16.6,83.1,7.7,4,6.09,47.3,56.0,2.0,4.0,1.0,5.0,5.0,63.0,3.0,4.0,4.0,5.0,5+/day,Pass
Male,Central,M.Tech,10th Pass,English,3G/Moderate,No,6,7,33.1,74.4,6.8,3,6.23,43.7,84.7,4.0,4.0,5.0,1.0,5.0,38.0,1.0,3.0,4.0,5.0,3-5/day,Fail
Other,Central,B.Tech,12th Pass,English,2G/Slow,No,8,4,21.0,64.1,7.7,2,6.62,76.9,60.2,4.0,3.0,4.0,4.0,4.0,88.0,3.0,3.0,4.0,3.0,5+/day,Fail
Female,North,B.Tech,12th Pass,Regional,4G/Good,Yes,5,7,28.3,69.1,8.4,4,7.26,56.7,65.9,5.0,3.0,4.0,3.0,1.0,88.0,3.0,2.0,2.0,7.0,5+/day,At-Risk
Male,North,B.Tech,Graduate,Hindi,5G/Excellent,No,4,4,8.9,88.3,6.6,2,5.4,38.2,82.5,5.0,1.0,4.0,1.0,3.0,38.0,3.0,2.0,3.0,7.0,5+/day,At-Risk
Male,North,BCA,10th Pass,English,4G/Good,Yes,5,5,20.0,87.7,7.0,5,5.95,52.4,34.3,5.0,4.0,2.0,3.0,3.0,88.0,3.0,1.0,3.0,3.0,5+/day,Pass
Male,East,B.Tech,Post-Graduate,Hindi,5G/Excellent,No,4,4,21.6,93.6,7.5,5,8.02,73.8,78.0,5.0,3.0,4.0,3.0,5.0,88.0,3.0,3.0,4.0,7.0,5+/day,Pass
Male,East,B.E.,10th Pass,English,3G/Moderate,No,2,6,22.8,97.8,6.6,5,5.89,65.6,59.7,5.0,3.0,4.0,3.0,5.0,88.0,3.0,3.0,4.0,7.0,5+/day,At-Risk
Female,North,BCA,10th Pass,English,5G/Excellent,No,1,5,16.2,71.5,6.0,4,4.62,28.9,44.5,2.0,3.0,3.0,2.0,1.0,63.0,1.0,4.0,3.0,7.0,3-5/day,At-Risk
Female,West,MCA,Graduate,English,4G/Good,Yes,8,4,24.9,93.1,6.8,2,7.17,62.9,77.1,2.0,4.0,5.0,4.0,5.0,13.0,3.0,2.0,3.0,1.0,5+/day,Pass
Male,South,B.Tech,Graduate,English,5G/Excellent,No,1,4,21.4,73.1,8.5,4,9.25,92.7,60.0,5.0,1.0,5.0,1.0,5.0,38.0,1.0,3.0,2.0,3.0,5+/day,Fail
Female,Central,MCA,10th Pass,Regional,4G/Good,No,2,4,18.6,80.5,3.0,1,5.36,34.1,48.2,1.0,2.0,4.0,4.0,4.0,88.0,4.0,4.0,4.0,5.0,3-5/day,At-Risk
Male,West,B.Tech,Graduate,Hindi,3G/Moderate,Yes,5,6,15.0,73.2,7.6,0,6.49,45.7,40.9,4.0,4.0,4.0,4.0,4.0,88.0,4.0,4.0,4.0,5.0,5+/day,Fail
Female,South,BCA,Graduate,English,3G/Moderate,Yes,8,6,7.6,91.2,6.7,2,4.74,49.1,42.3,3.0,4.0,4.0,2.0,5.0,63.0,2.0,3.0,3.0,3.0,5+/day,Pass
Female,West,B.E.,Graduate,English,4G/Good,No,10,4,4.6,75.0,5.7,3,3.46,32.3,30.1,2.0,4.0,4.0,2.0,3.0,38.0,2.0,3.0,4.0,3.0,5+/day,At-Risk
Male,Northeast,B.Tech,Below 10th,English,2G/Slow,No,3,6,13.3,89.8,7.8,3,5.11,56.0,63.2,3.0,3.0,4.0,1.0,4.0,88.0,2.0,4.0,3.0,1.0,3-5/day,At-Risk
Male,South,BCA,Graduate,English,5G/Excellent,No,9,4,16.9,87.7,4.7,2,6.84,67.2,65.3,3.0,5.0,5.0,1.0,5.0,38.0,3.0,3.0,4.0,7.0,3-5/day,At-Risk
Female,South,B.Tech,Graduate,Hindi,3G/Moderate,No,6,6,13.3,95.7,5.9,1,6.01,33.4,41.9,4.0,4.0,3.0,2.0,4.0,38.0,3.0,3.0,3.0,1.0,3-5/day,Pass
Male,Central,B.Tech,Graduate,English,3G/Moderate,No,3,7,20.4,89.0,8.5,2,6.77,52.1,62.0,4.0,2.0,4.0,1.0,4.0,63.0,3.0,1.0,4.0,3.0,5+/day,At-Risk
Male,North,B.E.,Graduate,Hindi,3G/Moderate,No,10,4,23.8,100.0,3.7,4,6.03,58.3,4.6,3.0,3.0,4.0,1.0,4.0,88.0,2.0,4.0,3.0,1.0,3-5/day,At-Risk
Female,North,BCA,Post-Graduate,English,No Access,Yes,7,4,9.2,74.3,7.3,0,6.26,45.5,63.5,5.0,1.0,4.0,4.0,3.0,38.0,1.0,1.0,2.0,7.0,5+/day,Fail
Other,South,B.Tech,12th Pass,English,4G/Good,No,7,8,21.8,91.5,8.7,1,8.14,77.2,40.0,4.0,2.0,5.0,2.0,2.0,38.0,4.0,1.0,3.0,1.0,5+/day,Pass
Male,Northeast,B.Tech,Below 10th,Regional,4G/Good,No,7,8,17.8,86.8,8.2,5,4.96,38.7,59.1,5.0,2.0,3.0,1.0,4.0,13.0,3.0,2.0,4.0,5.0,5+/day,At-Risk
Female,West,B.Tech,12th Pass,English,5G/Excellent,No,4,5,5.9,72.9,7.1,0,6.77,54.8,54.7,2.0,3.0,4.0,2.0,2.0,38.0,3.0,4.0,2.0,1.0,5+/day,At-Risk
Male,Central,B.E.,Below 10th,English,No Access,No,6,7,24.4,93.5,5.1,3,3.95,51.0,72.0,3.0,1.0,3.0,4.0,4.0,63.0,3.0,3.0,3.0,5.0,5+/day,At-Risk
Female,East,B.E.,10th Pass,English,5G/Excellent,No,3,7,11.5,92.2,7.8,0,6.12,67.3,32.2,5.0,5.0,5.0,5.0,5.0,63.0,2.0,2.0,3.0,3.0,3-5/day,Pass
Female,North,B.Tech,12th Pass,English,3G/Moderate,No,4,5,36.0,74.3,5.6,0,6.76,77.9,69.4,3.0,3.0,3.0,3.0,3.0,88.0,2.0,2.0,2.0,7.0,5+/day,At-Risk
Female,East,B.Tech,10th Pass,English,5G/Excellent,No,3,8,26.2,61.9,6.3,2,7.84,59.9,91.4,4.0,4.0,5.0,2.0,3.0,38.0,2.0,3.0,3.0,3.0,5+/day,At-Risk
Male,West,B.E.,Graduate,English,2G/Slow,No,3,5,17.0,80.7,6.4,5,7.22,58.0,56.5,5.0,2.0,2.0,3.0,3.0,63.0,4.0,3.0,3.0,5.0,3-5/day,Pass
Female,North,MCA,Graduate,Regional,4G/Good,Yes,1,8,18.0,73.8,4.7,3,6.91,60.3,63.2,4.0,3.0,4.0,5.0,3.0,38.0,2.0,2.0,4.0,7.0,3-5/day,At-Risk
Female,North,BCA,12th Pass,Regional,4G/Good,No,5,4,8.3,84.0,8.4,0,4.95,53.5,47.4,4.0,1.0,5.0,5.0,2.0,88.0,2.0,4.0,3.0,1.0,5+/day,At-Risk
Male,North,M.Tech,Post-Graduate,Hindi,4G/Good,No,3,5,30.3,82.1,6.4,4,7.87,67.3,72.6,5.0,4.0,1.0,2.0,5.0,63.0,3.0,3.0,2.0,5.0,1-3/day,Pass
Male,East,B.Tech,Below 10th,Hindi,2G/Slow,Yes,1,6,12.1,100.0,6.4,0,5.76,48.9,53.7,2.0,2.0,5.0,3.0,5.0,38.0,4.0,2.0,3.0,3.0,5+/day,Pass
Male,Central,B.Com,Graduate,Hindi,4G/Good,No,9,8,18.3,73.1,5.6,2,6.8,64.8,51.2,4.0,2.0,3.0,1.0,5.0,38.0,2.0,4.0,3.0,1.0,3-5/day,Fail
Male,West,B.Tech,Graduate,English,No Access,Yes,4,4,13.5,89.1,5.4,1,6.63,71.6,60.5,4.0,2.0,4.0,3.0,2.0,63.0,1.0,4.0,4.0,3.0,5+/day,Pass
Female,Central,B.Com,10th Pass,English,4G/Good,No,9,6,21.2,65.8,7.4,1,4.98,38.8,93.4,4.0,3.0,4.0,2.0,3.0,88.0,1.0,3.0,4.0,5.0,5+/day,Fail
Male,North,B.Tech,10th Pass,English,4G/Good,No,2,6,17.9,70.3,7.5,1,5.34,61.0,68.7,3.0,3.0,4.0,1.0,4.0,63.0,3.0,1.0,4.0,7.0,1-3/day,Fail
Male,Central,B.E.,10th Pass,Hindi,4G/Good,No,2,7,13.6,76.7,11.0,4,5.14,68.6,37.3,3.0,1.0,3.0,4.0,4.0,63.0,3.0,3.0,3.0,5.0,5+/day,At-Risk
Female,Northeast,B.E.,Graduate,English,5G/Excellent,No,4,8,21.3,71.9,6.0,0,7.0,63.6,68.7,3.0,5.0,4.0,3.0,5.0,88.0,4.0,3.0,3.0,5.0,3-5/day,Fail
Male,South,B.E.,Graduate,English,3G/Moderate,No,4,4,28.5,87.2,5.9,5,8.49,91.4,37.7,3.0,1.0,4.0,5.0,2.0,88.0,3.0,3.0,4.0,3.0,5+/day,Pass
Male,Central,MCA,10th Pass,English,3G/Moderate,No,5,8,18.3,81.7,8.2,5,5.44,42.8,45.8,5.0,5.0,3.0,1.0,3.0,13.0,2.0,3.0,4.0,5.0,3-5/day,Pass
Male,South,BCA,12th Pass,English,3G/Moderate,No,1,4,2.7,91.9,7.8,3,4.76,26.9,45.2,5.0,5.0,4.0,2.0,4.0,88.0,4.0,3.0,1.0,7.0,5+/day,At-Risk
Female,Central,B.Com,Below 10th,English,4G/Good,Yes,5,8,20.6,69.7,6.1,0,7.21,76.3,70.1,4.0,3.0,4.0,2.0,3.0,88.0,1.0,2.0,3.0,5.0,5+/day,At-Risk
Female,Central,BCA,12th Pass,English,5G/Excellent,Yes,10,6,7.7,84.1,7.0,1,4.4,64.5,46.4,3.0,4.0,4.0,3.0,3.0,38.0,3.0,3.0,4.0,7.0,5+/day,Pass
Female,West,B.E.,Post-Graduate,English,5G/Excellent,No,2,7,8.4,73.1,8.8,1,6.34,52.6,52.7,3.0,2.0,4.0,1.0,4.0,63.0,4.0,4.0,2.0,7.0,5+/day,Fail
Male,East,B.Tech,10th Pass,English,5G/Excellent,No,5,5,7.7,97.3,4.7,3,5.36,58.1,53.6,3.0,3.0,3.0,1.0,1.0,63.0,3.0,4.0,4.0,7.0,3-5/day,At-Risk
Female,North,B.Com,Post-Graduate,English,5G/Excellent,Yes,10,8,22.9,69.7,5.4,0,6.1,61.2,61.4,5.0,1.0,5.0,3.0,4.0,63.0,1.0,3.0,3.0,3.0,5+/day,Fail
Male,East,BCA,Graduate,English,5G/Excellent,Yes,10,6,7.8,60.9,7.1,1,5.91,28.5,71.6,5.0,2.0,5.0,3.0,4.0,88.0,1.0,3.0,2.0,3.0,3-5/day,Fail
Male,South,BCA,Post-Graduate,English,4G/Good,Yes,6,5,24.9,75.0,5.5,3,7.22,84.8,68.2,5.0,1.0,5.0,2.0,3.0,63.0,4.0,3.0,3.0,7.0,5+/day,At-Risk
Male,West,B.E.,10th Pass,Hindi,5G/Excellent,Yes,3,5,23.7,68.5,5.6,2,5.72,48.7,48.4,3.0,1.0,2.0,3.0,2.0,38.0,3.0,2.0,1.0,1.0,3-5/day,At-Risk
Female,West,B.E.,10th Pass,English,4G/Good,No,4,5,12.0,83.7,8.3,1,5.92,72.2,41.7,3.0,4.0,2.0,4.0,4.0,88.0,1.0,4.0,3.0,1.0,5+/day,Pass
Male,Central,B.Com,Below 10th,English,3G/Moderate,Yes,5,6,21.4,89.0,7.1,2,6.13,75.3,49.7,5.0,3.0,4.0,2.0,4.0,63.0,3.0,4.0,4.0,7.0,5+/day,At-Risk
Male,North,B.Tech,Graduate,English,No Access,Yes,6,4,26.2,90.8,6.4,0,5.82,62.0,37.2,2.0,4.0,4.0,2.0,3.0,38.0,2.0,3.0,4.0,3.0,5+/day,Pass
Male,Northeast,B.Tech,12th Pass,English,3G/Moderate,No,9,5,13.9,56.4,5.3,4,4.79,38.4,47.0,4.0,5.0,4.0,2.0,5.0,38.0,2.0,2.0,4.0,5.0,5+/day,Fail
Male,Central,B.Tech,10th Pass,English,4G/Good,Yes,9,7,26.6,90.7,7.0,5,6.55,75.2,50.7,4.0,2.0,2.0,1.0,4.0,88.0,3.0,3.0,2.0,5.0,5+/day,At-Risk
Female,West,MCA,Graduate,Regional,4G/Good,No,6,4,19.2,84.7,8.3,0,5.7,59.0,59.1,3.0,5.0,4.0,3.0,5.0,88.0,4.0,3.0,3.0,5.0,3-5/day,At-Risk
Male,North,B.Tech,10th Pass,Regional,3G/Moderate,Yes,1,6,13.2,90.4,4.6,4,5.17,42.9,36.6,4.0,3.0,4.0,5.0,3.0,38.0,2.0,2.0,4.0,7.0,3-5/day,Pass
Female,North,B.Tech,Below 10th,English,4G/Good,No,6,5,23.8,92.6,4.7,3,6.14,47.3,85.8,4.0,2.0,4.0,1.0,4.0,63.0,3.0,1.0,4.0,3.0,5+/day,At-Risk
Male,North,B.Tech,12th Pass,Hindi,2G/Slow,Yes,10,6,12.9,74.6,7.5,4,4.95,36.0,46.3,3.0,4.0,4.0,2.0,5.0,63.0,3.0,4.0,4.0,5.0,3-5/day,Fail
Female,West,B.E.,Below 10th,English,5G/Excellent,Yes,3,6,27.7,71.1,5.7,3,5.32,37.3,80.7,5.0,3.0,4.0,5.0,3.0,63.0,4.0,4.0,4.0,5.0,3-5/day,Fail
Female,West,B.E.,10th Pass,English,4G/Good,No,5,5,9.9,85.9,5.3,1,6.98,59.0,48.6,2.0,2.0,3.0,3.0,4.0,38.0,3.0,3.0,3.0,3.0,5+/day,Pass
Male,Central,B.Tech,10th Pass,Hindi,5G/Excellent,No,5,6,27.2,93.6,5.5,0,7.41,62.0,66.9,4.0,2.0,5.0,1.0,4.0,63.0,3.0,3.0,3.0,7.0,5+/day,At-Risk
Male,South,B.Com,Graduate,English,3G/Moderate,No,10,7,19.5,67.0,7.6,3,5.67,41.2,46.6,3.0,2.0,3.0,2.0,4.0,88.0,4.0,1.0,1.0,1.0,1-3/day,Fail
Female,South,B.Com,Graduate,English,5G/Excellent,Yes,4,7,23.0,82.8,7.6,0,8.8,70.4,86.8,2.0,1.0,2.0,2.0,5.0,63.0,4.0,4.0,3.0,1.0,3-5/day,Pass
Female,West,B.Tech,12th Pass,Hindi,3G/Moderate,No,3,8,15.2,75.8,7.1,0,5.62,52.6,56.8,4.0,5.0,4.0,2.0,4.0,63.0,4.0,2.0,2.0,5.0,5+/day,Pass
Male,Northeast,BCA,Graduate,Hindi,4G/Good,Yes,1,5,20.7,75.7,5.9,3,6.7,76.1,40.5,4.0,1.0,3.0,2.0,4.0,38.0,4.0,3.0,3.0,3.0,5+/day,Pass
Male,Central,BCA,12th Pass,Regional,4G/Good,No,7,5,0.3,77.3,5.3,3,4.37,36.9,52.1,5.0,2.0,3.0,1.0,4.0,13.0,3.0,2.0,4.0,5.0,5+/day,Fail
Female,Northeast,B.Tech,10th Pass,Regional,4G/Good,Yes,8,5,19.5,89.9,5.6,4,5.23,58.7,61.2,4.0,1.0,5.0,5.0,2.0,88.0,2.0,4.0,3.0,1.0,5+/day,Pass
Female,South,B.Tech,Graduate,Regional,5G/Excellent,No,5,8,8.8,88.9,5.2,1,5.97,59.3,43.9,3.0,1.0,3.0,1.0,2.0,88.0,1.0,4.0,3.0,3.0,5+/day,At-Risk
Male,West,B.E.,Graduate,English,4G/Good,Yes,8,7,23.2,71.3,5.9,1,5.66,63.1,53.2,5.0,2.0,5.0,5.0,5.0,88.0,4.0,3.0,3.0,3.0,5+/day,Fail
Male,Northeast,B.E.,12th Pass,English,5G/Excellent,No,4,7,14.3,65.5,6.6,2,4.43,41.5,64.3,3.0,4.0,3.0,4.0,4.0,38.0,3.0,2.0,2.0,3.0,5+/day,At-Risk
Male,East,B.Tech,12th Pass,Hindi,3G/Moderate,No,8,5,14.2,94.9,7.6,4,5.43,54.0,46.6,2.0,2.0,3.0,4.0,4.0,88.0,4.0,3.0,4.0,1.0,5+/day,Pass
Female,North,MCA,Graduate,Regional,4G/Good,No,3,6,9.9,91.6,6.6,4,4.72,47.1,53.7,3.0,2.0,4.0,1.0,3.0,63.0,3.0,3.0,3.0,5.0,Never,At-Risk
Male,North,B.E.,10th Pass,English,4G/Good,Yes,8,4,19.3,96.9,6.2,0,6.86,77.9,35.7,5.0,4.0,4.0,4.0,4.0,38.0,3.0,1.0,3.0,7.0,5+/day,Pass
Other,North,BCA,Graduate,Regional,3G/Moderate,No,6,4,12.1,88.6,9.1,0,6.01,53.7,92.9,3.0,4.0,4.0,2.0,4.0,63.0,1.0,4.0,3.0,1.0,5+/day,Pass
Male,West,B.Tech,10th Pass,English,5G/Excellent,No,9,5,17.6,98.0,3.0,3,3.92,24.1,46.4,1.0,4.0,2.0,3.0,4.0,63.0,2.0,3.0,4.0,7.0,5+/day,At-Risk
Male,North,B.E.,Graduate,English,4G/Good,No,5,5,15.7,54.2,7.5,2,5.69,62.4,40.9,4.0,4.0,5.0,2.0,5.0,13.0,3.0,2.0,4.0,5.0,5+/day,Fail
Female,North,B.Tech,10th Pass,English,4G/Good,No,1,7,10.8,80.6,7.3,0,6.89,69.1,51.5,4.0,2.0,5.0,3.0,1.0,88.0,3.0,3.0,4.0,5.0,1-3/day,At-Risk
Female,South,B.E.,Below 10th,Hindi,4G/Good,No,8,7,15.3,73.7,7.3,4,4.0,48.5,8.3,3.0,4.0,2.0,4.0,4.0,88.0,1.0,4.0,3.0,1.0,5+/day,Fail
Female,East,MCA,12th Pass,Regional,4G/Good,Yes,3,6,13.9,100.0,7.9,2,6.65,61.3,66.7,3.0,3.0,4.0,1.0,4.0,88.0,2.0,4.0,3.0,1.0,3-5/day,Pass
Male,South,MCA,10th Pass,English,No Access,No,5,7,24.8,67.6,4.7,4,4.13,65.4,58.1,4.0,3.0,3.0,1.0,1.0,63.0,4.0,3.0,3.0,5.0,5+/day,Fail
Female,West,B.E.,Graduate,Regional,4G/Good,Yes,2,4,26.0,65.9,7.9,4,6.68,63.6,100.0,3.0,1.0,4.0,5.0,2.0,88.0,3.0,3.0,4.0,3.0,5+/day,At-Risk
Female,North,BCA,12th Pass,Hindi,4G/Good,No,7,4,8.8,74.5,7.1,4,4.99,58.9,55.1,4.0,1.0,1.0,4.0,5.0,88.0,1.0,3.0,3.0,1.0,5+/day,Fail
Male,North,B.Com,Graduate,Hindi,5G/Excellent,No,5,7,19.4,75.7,5.9,1,5.27,55.7,54.5,5.0,2.0,3.0,2.0,5.0,88.0,4.0,4.0,2.0,5.0,5+/day,Fail
Male,East,BCA,10th Pass,Regional,No Access,No,7,4,16.0,77.5,7.4,4,3.88,27.2,46.3,4.0,1.0,4.0,2.0,4.0,38.0,3.0,2.0,3.0,5.0,3-5/day,Fail
Male,South,B.Tech,10th Pass,English,4G/Good,No,7,4,11.8,92.8,6.8,1,5.97,79.4,44.8,4.0,2.0,4.0,3.0,3.0,13.0,4.0,4.0,4.0,3.0,3-5/day,Pass
Male,South,BCA,10th Pass,Regional,2G/Slow,Yes,5,4,19.0,99.8,5.1,0,4.76,60.5,44.1,1.0,2.0,5.0,1.0,5.0,13.0,3.0,3.0,3.0,3.0,5+/day,At-Risk
Female,North,B.Tech,12th Pass,English,2G/Slow,No,5,4,21.3,93.6,3.5,4,5.06,54.0,43.8,4.0,2.0,4.0,3.0,2.0,63.0,1.0,4.0,4.0,3.0,5+/day,Pass
Male,Central,M.Tech,Graduate,English,4G/Good,No,9,8,0.0,100.0,4.5,5,5.43,45.4,40.0,5.0,2.0,5.0,1.0,1.0,38.0,4.0,4.0,3.0,7.0,3-5/day,Fail
Female,West,B.E.,12th Pass,Hindi,3G/Moderate,Yes,3,5,25.0,97.4,5.4,3,5.69,74.8,56.1,5.0,1.0,4.0,2.0,1.0,88.0,3.0,2.0,3.0,5.0,5+/day,Pass
Female,North,B.E.,Post-Graduate,Regional,4G/Good,No,8,6,23.0,74.4,7.1,5,6.92,45.9,74.1,1.0,2.0,4.0,4.0,4.0,88.0,4.0,4.0,4.0,5.0,3-5/day,Fail
Female,North,B.Tech,Graduate,Hindi,4G/Good,No,1,8,17.8,80.7,4.3,3,5.44,50.3,29.4,3.0,4.0,4.0,3.0,5.0,38.0,2.0,2.0,3.0,7.0,5+/day,Pass
Female,Central,B.E.,Post-Graduate,Hindi,3G/Moderate,Yes,4,6,11.9,91.5,7.1,5,6.82,70.0,60.7,3.0,2.0,4.0,1.0,4.0,63.0,4.0,4.0,2.0,7.0,5+/day,At-Risk
Male,West,B.Com,Below 10th,Regional,4G/Good,No,2,8,21.4,68.1,7.0,1,5.95,74.9,66.2,4.0,2.0,4.0,1.0,2.0,13.0,3.0,2.0,3.0,5.0,5+/day,Fail
Male,South,B.Tech,Below 10th,English,No Access,No,3,8,13.4,78.3,9.6,1,4.71,51.5,53.2,3.0,2.0,1.0,3.0,4.0,0.0,2.0,3.0,2.0,3.0,5+/day,Pass
Male,West,B.E.,10th Pass,Regional,5G/Excellent,No,6,6,26.9,89.8,7.0,2,6.61,57.3,66.3,5.0,4.0,3.0,5.0,5.0,88.0,4.0,4.0,4.0,5.0,5+/day,At-Risk
Female,West,B.Com,Below 10th,English,No Access,No,4,5,24.3,100.0,3.4,4,4.92,39.2,58.2,4.0,3.0,5.0,1.0,2.0,38.0,3.0,3.0,3.0,7.0,5+/day,At-Risk
Male,West,B.E.,12th Pass,English,No Access,Yes,1,7,18.1,82.4,8.2,4,6.26,59.9,63.9,4.0,2.0,3.0,3.0,4.0,88.0,3.0,4.0,4.0,1.0,5+/day,Pass
Female,East,B.E.,12th Pass,English,4G/Good,No,5,8,12.4,84.3,5.1,4,5.85,54.8,33.8,5.0,1.0,4.0,1.0,3.0,38.0,3.0,2.0,3.0,7.0,5+/day,Fail
Male,South,BCA,12th Pass,English,5G/Excellent,No,3,5,21.5,88.2,5.1,4,5.99,48.2,65.2,4.0,3.0,4.0,4.0,2.0,38.0,2.0,3.0,4.0,5.0,Never,Pass
Male,North,B.E.,Graduate,English,5G/Excellent,Yes,2,7,23.5,61.2,6.2,2,7.44,80.0,56.3,3.0,1.0,4.0,5.0,2.0,88.0,3.0,3.0,4.0,3.0,5+/day,At-Risk
Male,Central,B.Tech,Post-Graduate,English,3G/Moderate,No,4,6,15.7,77.7,7.3,0,5.43,52.1,49.5,5.0,2.0,5.0,2.0,3.0,88.0,3.0,2.0,3.0,7.0,3-5/day,At-Risk
Female,East,B.Tech,Graduate,English,3G/Moderate,Yes,4,8,20.9,71.7,6.1,1,6.92,58.6,67.5,5.0,1.0,5.0,3.0,4.0,63.0,1.0,3.0,3.0,3.0,5+/day,Fail
Female,North,BCA,Below 10th,Hindi,4G/Good,Yes,3,7,14.6,91.3,6.5,1,5.28,44.0,50.8,4.0,3.0,4.0,1.0,2.0,13.0,1.0,4.0,4.0,7.0,5+/day,Pass
Male,Central,B.Com,10th Pass,Hindi,5G/Excellent,No,5,5,5.8,76.7,5.1,3,5.5,44.9,38.5,2.0,2.0,4.0,2.0,3.0,63.0,1.0,2.0,4.0,5.0,5+/day,At-Risk
Male,Central,B.Tech,10th Pass,Hindi,4G/Good,Yes,5,7,6.4,96.6,4.7,5,5.43,66.5,65.8,3.0,2.0,5.0,3.0,3.0,38.0,3.0,3.0,3.0,3.0,3-5/day,Pass
Male,Central,B.Tech,10th Pass,English,4G/Good,No,8,6,19.1,87.2,6.8,4,4.59,59.3,34.5,4.0,3.0,4.0,4.0,5.0,88.0,4.0,4.0,4.0,3.0,5+/day,At-Risk
Other,Northeast,B.E.,12th Pass,Regional,2G/Slow,No,10,7,28.7,80.1,4.2,1,3.2,47.9,34.0,3.0,3.0,5.0,3.0,4.0,38.0,3.0,4.0,4.0,3.0,5+/day,Fail
Female,Central,MCA,12th Pass,English,3G/Moderate,Yes,7,4,11.2,75.3,5.4,3,5.22,58.3,64.0,4.0,1.0,5.0,2.0,4.0,38.0,1.0,3.0,2.0,7.0,5+/day,At-Risk
Male,North,B.Tech,10th Pass,Hindi,4G/Good,Yes,9,8,12.4,73.4,6.0,2,5.44,59.5,40.1,4.0,2.0,4.0,3.0,3.0,13.0,4.0,4.0,4.0,3.0,3-5/day,Fail
Female,Northeast,M.Tech,Graduate,English,2G/Slow,Yes,7,5,20.1,100.0,6.9,3,5.73,69.8,77.2,4.0,1.0,4.0,4.0,4.0,38.0,3.0,4.0,4.0,1.0,5+/day,Pass
Male,Northeast,B.Tech,Graduate,Hindi,3G/Moderate,Yes,2,5,18.3,57.6,6.1,5,6.62,53.5,48.5,3.0,2.0,5.0,1.0,4.0,63.0,1.0,3.0,2.0,3.0,1-3/day,Fail
Female,North,B.Com,Below 10th,English,3G/Moderate,Yes,3,8,20.0,81.0,6.0,4,7.68,54.1,58.3,4.0,3.0,4.0,2.0,5.0,13.0,2.0,2.0,2.0,1.0,5+/day,Pass
Male,North,BCA,10th Pass,Regional,4G/Good,No,6,8,21.6,83.0,4.7,3,6.36,79.2,61.1,4.0,2.0,2.0,1.0,4.0,63.0,3.0,3.0,3.0,5.0,5+/day,At-Risk
Female,Central,BCA,Graduate,Regional,No Access,No,1,4,17.9,54.9,5.9,4,6.29,50.6,35.9,5.0,1.0,4.0,2.0,1.0,88.0,3.0,2.0,3.0,5.0,5+/day,Fail
Male,South,B.E.,12th Pass,Hindi,4G/Good,Yes,8,4,19.0,97.7,6.1,2,5.43,73.1,32.0,4.0,2.0,3.0,1.0,5.0,38.0,3.0,3.0,2.0,3.0,5+/day,At-Risk
Female,Northeast,MCA,10th Pass,English,5G/Excellent,No,7,5,10.1,84.5,7.1,2,4.63,50.4,75.8,4.0,3.0,4.0,3.0,5.0,88.0,4.0,4.0,2.0,7.0,5+/day,Fail
Female,North,B.Tech,10th Pass,English,No Access,Yes,6,7,15.1,90.8,5.3,2,4.86,43.4,51.0,4.0,1.0,4.0,4.0,4.0,38.0,3.0,4.0,4.0,1.0,5+/day,At-Risk
Female,North,B.Tech,10th Pass,Regional,4G/Good,No,5,8,26.8,90.9,5.2,5,5.37,45.5,65.1,2.0,3.0,2.0,2.0,5.0,63.0,3.0,3.0,4.0,3.0,5+/day,Pass
Female,South,B.E.,Below 10th,English,5G/Excellent,Yes,10,4,21.3,92.9,4.7,3,5.97,58.2,66.8,4.0,2.0,3.0,5.0,5.0,13.0,3.0,4.0,3.0,7.0,5+/day,Pass
Female,North,M.Tech,Graduate,Regional,3G/Moderate,Yes,5,4,20.0,91.7,6.7,4,5.44,45.5,54.8,2.0,4.0,5.0,4.0,5.0,13.0,3.0,2.0,3.0,1.0,5+/day,Pass
Male,West,MCA,Below 10th,English,2G/Slow,No,8,4,11.9,91.7,6.0,1,5.61,54.9,52.4,2.0,4.0,1.0,5.0,5.0,63.0,3.0,4.0,4.0,5.0,5+/day,Pass
Male,East,B.E.,10th Pass,Regional,No Access,No,8,7,12.4,86.7,6.3,4,2.94,41.8,25.0,4.0,2.0,2.0,4.0,3.0,13.0,3.0,2.0,3.0,3.0,5+/day,At-Risk
Male,North,BCA,Below 10th,Regional,4G/Good,No,3,5,10.5,93.9,5.8,3,3.92,49.0,62.6,2.0,2.0,1.0,1.0,4.0,88.0,4.0,3.0,3.0,1.0,5+/day,At-Risk
Other,North,B.Tech,Graduate,Hindi,4G/Good,No,9,5,5.2,100.0,5.8,2,5.0,34.3,43.4,4.0,2.0,4.0,1.0,4.0,0.0,3.0,3.0,3.0,5.0,5+/day,At-Risk
Male,South,MCA,Below 10th,English,3G/Moderate,Yes,3,4,16.1,71.8,5.6,0,5.88,65.4,47.8,4.0,2.0,5.0,3.0,5.0,88.0,4.0,1.0,3.0,7.0,5+/day,Fail
Female,North,MCA,10th Pass,English,5G/Excellent,No,10,7,15.3,88.2,7.3,1,5.78,76.8,17.7,4.0,2.0,4.0,3.0,4.0,38.0,3.0,3.0,4.0,5.0,3-5/day,At-Risk
Female,West,BCA,12th Pass,Regional,4G/Good,No,8,7,19.3,92.1,6.6,4,5.71,68.1,74.6,4.0,3.0,2.0,3.0,3.0,88.0,4.0,2.0,4.0,5.0,3-5/day,Pass
Male,South,B.E.,12th Pass,Regional,3G/Moderate,Yes,7,5,25.3,63.5,8.7,5,6.82,57.6,58.9,4.0,4.0,5.0,2.0,5.0,63.0,3.0,3.0,4.0,7.0,5+/day,Fail
Male,North,B.Com,10th Pass,English,4G/Good,Yes,9,8,13.6,100.0,6.0,4,7.1,68.2,51.8,4.0,3.0,4.0,2.0,3.0,88.0,1.0,3.0,4.0,5.0,5+/day,At-Risk
Male,East,M.Tech,10th Pass,English,3G/Moderate,No,9,4,26.7,89.8,8.9,0,5.53,53.6,78.7,3.0,3.0,3.0,1.0,1.0,63.0,3.0,4.0,4.0,7.0,3-5/day,Pass
Male,North,BCA,Graduate,Regional,4G/Good,No,1,7,21.6,85.7,6.1,5,8.2,63.1,41.4,5.0,3.0,4.0,3.0,1.0,88.0,3.0,2.0,2.0,7.0,5+/day,Pass
Male,North,B.E.,Post-Graduate,Hindi,2G/Slow,No,1,8,28.0,77.7,7.3,2,7.13,56.3,45.2,3.0,2.0,4.0,1.0,4.0,63.0,4.0,4.0,2.0,7.0,5+/day,At-Risk
Male,North,BCA,10th Pass,Regional,4G/Good,No,3,6,10.0,92.1,5.6,0,5.95,54.6,36.9,4.0,2.0,4.0,1.0,2.0,13.0,3.0,2.0,3.0,5.0,5+/day,At-Risk
Female,Northeast,BCA,Below 10th,Regional,3G/Moderate,No,7,4,26.2,68.6,7.2,2,4.66,39.0,54.4,4.0,1.0,5.0,4.0,5.0,38.0,3.0,1.0,2.0,7.0,5+/day,Fail
Female,Central,B.E.,Below 10th,Regional,4G/Good,Yes,3,6,13.3,100.0,3.0,5,5.06,58.6,51.2,4.0,3.0,4.0,3.0,3.0,88.0,3.0,4.0,4.0,5.0,5+/day,At-Risk
Male,Northeast,B.Tech,Graduate,English,3G/Moderate,No,3,5,12.4,94.6,4.6,4,5.94,50.4,58.2,4.0,4.0,4.0,4.0,4.0,88.0,4.0,4.0,4.0,5.0,5+/day,At-Risk
Male,South,B.E.,12th Pass,English,4G/Good,No,4,5,17.6,80.5,5.0,5,6.52,52.1,73.2,4.0,3.0,4.0,3.0,3.0,88.0,3.0,4.0,4.0,5.0,5+/day,At-Risk
Male,South,BCA,Graduate,English,2G/Slow,No,8,5,12.1,99.3,9.6,2,5.41,53.3,54.5,2.0,3.0,4.0,3.0,3.0,63.0,3.0,3.0,1.0,1.0,3-5/day,Pass
Female,East,B.E.,Graduate,Regional,3G/Moderate,Yes,1,7,21.0,61.1,8.1,1,7.5,84.0,66.7,5.0,1.0,4.0,2.0,1.0,63.0,1.0,2.0,3.0,5.0,1-3/day,At-Risk
Female,West,B.Tech,Post-Graduate,Hindi,3G/Moderate,No,4,7,23.9,69.9,6.9,3,7.7,56.9,37.3,4.0,2.0,5.0,3.0,1.0,63.0,4.0,4.0,4.0,7.0,5+/day,Fail
Male,Central,MCA,Graduate,English,No Access,No,4,8,21.5,82.8,5.9,3,5.12,24.5,55.0,4.0,2.0,3.0,5.0,5.0,13.0,3.0,4.0,3.0,7.0,5+/day,At-Risk
Male,North,B.E.,Graduate,English,4G/Good,No,8,6,17.6,83.3,5.6,2,5.63,51.9,39.4,5.0,1.0,5.0,1.0,5.0,38.0,1.0,3.0,2.0,3.0,5+/day,At-Risk
Female,North,B.Tech,12th Pass,English,5G/Excellent,Yes,7,5,26.3,87.4,5.6,4,7.94,76.0,71.4,2.0,2.0,4.0,1.0,4.0,13.0,3.0,1.0,4.0,7.0,5+/day,Pass
Female,West,B.E.,10th Pass,Regional,4G/Good,No,4,5,21.0,84.5,7.5,4,6.75,51.1,66.6,3.0,4.0,5.0,3.0,4.0,63.0,2.0,4.0,3.0,3.0,3-5/day,Pass
Male,Northeast,M.Tech,12th Pass,Hindi,5G/Excellent,No,8,7,17.0,97.0,6.6,5,6.09,60.1,66.9,5.0,1.0,5.0,3.0,3.0,63.0,4.0,1.0,4.0,1.0,3-5/day,At-Risk
Female,Northeast,MCA,12th Pass,Hindi,No Access,No,3,7,17.1,64.6,7.8,5,4.69,45.7,85.2,5.0,3.0,5.0,1.0,4.0,88.0,3.0,4.0,4.0,5.0,5+/day,Fail
Male,West,B.Tech,12th Pass,English,2G/Slow,No,10,7,11.8,59.1,7.3,2,4.34,45.7,69.2,5.0,4.0,4.0,1.0,4.0,63.0,4.0,3.0,2.0,1.0,5+/day,Fail
Male,Central,B.Com,10th Pass,Regional,4G/Good,No,7,4,11.3,65.3,7.1,0,4.34,48.4,64.4,3.0,3.0,4.0,1.0,5.0,63.0,3.0,2.0,4.0,3.0,5+/day,Fail
Female,East,B.Tech,Graduate,English,5G/Excellent,Yes,9,6,14.8,66.5,5.3,0,6.73,66.3,50.9,5.0,3.0,5.0,2.0,4.0,88.0,3.0,3.0,3.0,5.0,5+/day,Fail
Female,Central,B.Com,12th Pass,Hindi,4G/Good,No,6,6,10.6,82.6,5.3,0,5.86,47.3,87.5,5.0,2.0,3.0,2.0,3.0,63.0,4.0,3.0,3.0,7.0,5+/day,At-Risk
Male,Central,B.Tech,12th Pass,English,4G/Good,Yes,4,4,9.9,80.4,6.7,4,7.08,80.4,67.8,4.0,3.0,4.0,3.0,5.0,88.0,4.0,4.0,2.0,7.0,5+/day,Pass
Female,Northeast,B.Tech,10th Pass,English,2G/Slow,No,4,5,11.6,86.0,7.1,2,6.2,62.9,89.5,3.0,5.0,4.0,3.0,5.0,88.0,4.0,3.0,3.0,5.0,3-5/day,Pass
Male,South,B.E.,12th Pass,English,3G/Moderate,Yes,1,8,25.5,86.5,6.2,2,7.02,69.9,72.4,5.0,3.0,3.0,2.0,3.0,13.0,3.0,4.0,4.0,1.0,5+/day,Pass
Female,North,B.E.,10th Pass,Hindi,4G/Good,No,6,8,12.3,85.5,4.6,4,6.07,85.0,20.0,5.0,5.0,5.0,5.0,5.0,63.0,2.0,2.0,3.0,3.0,3-5/day,Pass
Male,East,B.E.,Graduate,Hindi,4G/Good,No,3,5,23.8,63.8,6.8,2,7.27,86.3,76.8,3.0,2.0,4.0,1.0,4.0,63.0,4.0,4.0,2.0,7.0,5+/day,Fail
Female,South,MCA,12th Pass,English,No Access,No,3,8,13.5,79.7,7.6,1,5.6,56.4,58.7,5.0,3.0,5.0,4.0,2.0,13.0,3.0,3.0,3.0,5.0,5+/day,Pass
Female,Northeast,MCA,10th Pass,English,5G/Excellent,No,1,7,19.3,76.2,4.8,0,6.67,59.8,53.4,1.0,1.0,4.0,2.0,4.0,88.0,2.0,4.0,3.0,7.0,5+/day,At-Risk
Male,North,B.E.,Below 10th,Regional,5G/Excellent,No,7,6,12.3,97.0,6.1,2,4.09,46.3,51.8,3.0,3.0,5.0,3.0,4.0,38.0,3.0,4.0,4.0,3.0,5+/day,At-Risk
Female,South,B.E.,Graduate,English,5G/Excellent,No,9,7,19.4,86.5,5.1,4,6.95,46.1,60.9,4.0,4.0,5.0,1.0,4.0,38.0,2.0,3.0,4.0,1.0,5+/day,Pass
Female,West,B.Tech,10th Pass,English,5G/Excellent,Yes,3,8,33.9,100.0,7.9,2,7.69,80.9,72.4,1.0,3.0,4.0,3.0,4.0,38.0,2.0,3.0,3.0,3.0,1-3/day,Pass
Female,North,B.Tech,Post-Graduate,English,No Access,Yes,7,8,13.1,70.5,9.5,5,4.79,38.6,43.3,4.0,4.0,5.0,2.0,3.0,38.0,2.0,3.0,3.0,3.0,5+/day,At-Risk
Male,South,BCA,12th Pass,Regional,5G/Excellent,Yes,9,6,15.9,78.8,8.5,5,6.03,58.7,55.4,4.0,2.0,2.0,4.0,3.0,13.0,3.0,2.0,3.0,3.0,5+/day,Pass
Female,South,B.Tech,10th Pass,English,4G/Good,Yes,3,7,9.7,93.4,4.1,4,7.66,80.5,58.8,3.0,3.0,4.0,1.0,2.0,63.0,3.0,3.0,4.0,3.0,5+/day,Pass
Female,West,BCA,Graduate,Regional,5G/Excellent,No,9,6,25.7,76.4,7.0,2,6.57,63.5,52.1,5.0,3.0,4.0,4.0,4.0,88.0,3.0,3.0,3.0,3.0,5+/day,At-Risk
Male,North,B.E.,10th Pass,English,3G/Moderate,Yes,2,8,26.8,86.9,7.3,3,8.21,61.9,71.0,4.0,4.0,2.0,4.0,4.0,13.0,1.0,1.0,1.0,3.0,5+/day,Pass
Female,Northeast,B.Tech,Graduate,English,4G/Good,No,3,6,11.5,75.1,9.1,1,6.76,48.4,69.7,4.0,3.0,4.0,4.0,4.0,38.0,1.0,2.0,2.0,1.0,5+/day,Pass
Male,South,B.E.,10th Pass,English,No Access,Yes,4,6,16.9,96.4,5.6,3,5.64,49.4,37.0,5.0,3.0,3.0,4.0,5.0,38.0,2.0,4.0,3.0,7.0,5+/day,Pass
Male,Central,B.Tech,Post-Graduate,Hindi,No Access,No,7,8,20.9,65.5,6.3,2,4.57,43.1,43.0,4.0,4.0,3.0,2.0,4.0,38.0,3.0,3.0,3.0,7.0,5+/day,Fail
Female,South,B.E.,12th Pass,English,5G/Excellent,Yes,9,6,18.5,100.0,4.7,5,5.41,55.4,49.8,1.0,2.0,5.0,3.0,3.0,38.0,3.0,4.0,3.0,1.0,3-5/day,Pass
Female,South,MCA,Graduate,Hindi,5G/Excellent,No,1,7,11.5,91.6,4.5,5,6.84,56.5,76.0,2.0,3.0,3.0,3.0,5.0,13.0,3.0,4.0,4.0,7.0,5+/day,Pass
Female,North,B.E.,Below 10th,English,4G/Good,No,9,8,11.2,88.4,6.6,5,4.47,39.5,50.7,2.0,1.0,2.0,2.0,5.0,63.0,4.0,4.0,3.0,1.0,3-5/day,At-Risk
Male,North,B.Tech,10th Pass,English,4G/Good,No,10,6,9.4,87.1,8.7,4,5.96,31.9,39.0,4.0,2.0,5.0,2.0,2.0,38.0,4.0,1.0,3.0,1.0,5+/day,At-Risk
Female,East,BCA,Graduate,Regional,4G/Good,Yes,5,5,25.2,74.1,6.5,2,7.12,78.6,66.8,5.0,3.0,4.0,2.0,5.0,13.0,1.0,4.0,1.0,7.0,5+/day,At-Risk
Male,North,B.Tech,Graduate,Hindi,3G/Moderate,No,4,7,22.6,90.9,6.6,4,6.92,53.4,67.9,2.0,3.0,4.0,3.0,4.0,88.0,2.0,3.0,4.0,5.0,5+/day,Pass
Male,South,BCA,10th Pass,English,4G/Good,No,6,7,29.7,76.2,4.6,5,4.95,63.2,60.6,5.0,1.0,4.0,1.0,3.0,38.0,3.0,2.0,3.0,7.0,5+/day,At-Risk
Male,East,B.E.,10th Pass,Hindi,4G/Good,Yes,10,7,10.9,57.2,6.7,0,4.69,62.8,39.7,5.0,1.0,4.0,4.0,3.0,38.0,1.0,1.0,2.0,7.0,5+/day,Fail
Female,South,B.E.,10th Pass,Hindi,4G/Good,Yes,5,4,20.1,83.6,5.7,0,6.43,65.5,63.1,4.0,2.0,3.0,3.0,4.0,63.0,2.0,4.0,3.0,3.0,5+/day,Pass
Female,North,M.Tech,12th Pass,English,5G/Excellent,No,5,8,19.0,73.5,5.8,2,4.41,63.4,48.7,4.0,2.0,4.0,4.0,1.0,63.0,3.0,3.0,3.0,3.0,1-3/day,At-Risk
Female,West,BCA,10th Pass,Hindi,4G/Good,Yes,5,4,20.6,84.2,9.1,0,6.54,58.8,61.7,3.0,2.0,4.0,3.0,4.0,88.0,3.0,3.0,3.0,5.0,5+/day,At-Risk
Female,Central,B.Tech,10th Pass,English,4G/Good,No,8,6,22.3,82.3,5.8,2,5.6,43.7,54.2,2.0,2.0,4.0,4.0,5.0,38.0,4.0,3.0,3.0,7.0,5+/day,At-Risk
Male,North,B.Tech,10th Pass,Hindi,5G/Excellent,Yes,10,8,40.0,65.5,6.0,5,6.81,49.3,91.1,3.0,5.0,4.0,3.0,5.0,88.0,4.0,3.0,3.0,5.0,3-5/day,Fail
Female,North,M.Tech,12th Pass,Regional,5G/Excellent,No,8,7,40.0,100.0,6.8,0,6.59,45.6,92.9,1.0,2.0,3.0,3.0,1.0,63.0,4.0,3.0,4.0,3.0,5+/day,Pass
Male,Central,B.Tech,10th Pass,English,5G/Excellent,No,10,7,20.5,74.5,3.0,5,5.72,49.6,69.1,4.0,2.0,5.0,2.0,2.0,38.0,4.0,1.0,3.0,1.0,5+/day,Fail
Male,North,B.E.,Post-Graduate,English,4G/Good,No,4,7,29.3,95.3,5.3,1,7.48,62.5,62.1,3.0,4.0,5.0,4.0,5.0,88.0,2.0,4.0,3.0,5.0,5+/day,Pass
Male,Central,BCA,10th Pass,English,3G/Moderate,Yes,9,7,12.0,73.9,3.8,3,3.25,43.4,49.0,3.0,3.0,3.0,3.0,3.0,88.0,2.0,2.0,2.0,7.0,5+/day,Fail
Female,North,BCA,Post-Graduate,Regional,3G/Moderate,No,8,6,17.3,82.6,5.7,0,4.5,46.1,44.5,3.0,4.0,3.0,4.0,4.0,38.0,3.0,2.0,2.0,3.0,5+/day,Pass
Male,Northeast,MCA,12th Pass,Hindi,No Access,No,6,5,12.4,85.8,9.4,1,5.69,53.7,53.0,4.0,3.0,2.0,3.0,3.0,88.0,4.0,2.0,4.0,5.0,3-5/day,At-Risk
Female,South,BCA,10th Pass,English,4G/Good,No,2,8,19.8,58.0,3.0,3,5.54,57.5,47.4,4.0,5.0,4.0,2.0,3.0,38.0,1.0,4.0,2.0,3.0,1-3/day,Fail
Male,Central,BCA,10th Pass,English,3G/Moderate,No,9,5,21.7,75.0,4.0,4,3.05,21.1,15.8,5.0,1.0,4.0,2.0,1.0,88.0,3.0,2.0,3.0,5.0,5+/day,Fail
Male,South,MCA,12th Pass,English,4G/Good,No,6,8,34.1,85.5,8.5,3,7.22,75.7,28.7,4.0,2.0,4.0,2.0,5.0,63.0,2.0,3.0,3.0,5.0,5+/day,At-Risk
